# Blender 5.0.1
# www.blender.org
mtllib computer_monitor_.mtl
o Plane
v 1.686824 0.040152 -0.001208
v 1.686824 2.005381 -0.001208
v 1.673420 0.027302 -0.091337
v 1.673545 1.980347 -0.091353
v 1.640634 0.104683 -0.000454
v 1.640634 1.962538 -0.000454
v 1.627436 0.122771 -0.014943
v 1.627436 1.949683 -0.014942
v 1.584627 0.043046 -0.151779
v 1.585455 1.853210 -0.151890
v 0.281707 0.036808 -0.001208
v 0.713091 0.036808 -0.001208
v 1.158704 0.036808 -0.001208
v 1.203897 2.009915 -0.001208
v 0.724390 2.009915 -0.001208
v 0.281707 2.009915 -0.001208
v 0.706312 0.023908 -0.092800
v 1.149137 0.023085 -0.091337
v 1.199160 1.984842 -0.092357
v 0.719810 1.984842 -0.092742
v 0.279469 1.984842 -0.092795
v 0.273993 0.101436 -0.000454
v 0.702294 0.101436 -0.000454
v 1.161893 0.101436 -0.000454
v 1.170932 1.966874 -0.000454
v 0.704554 1.966874 -0.000454
v 0.273993 1.966874 -0.000454
v 0.272065 0.121198 -0.015237
v 0.699595 0.121198 -0.015237
v 1.162690 0.121198 -0.015237
v 1.162690 1.951827 -0.015237
v 0.699595 1.951827 -0.015237
v 0.272065 1.951827 -0.015237
v 0.239070 0.050976 -0.199772
v 0.672471 0.053696 -0.170000
v 1.110810 0.048983 -0.162107
v 1.147247 1.837454 -0.165225
v 0.681654 1.837455 -0.167160
v 0.262801 1.837457 -0.167468
v 0.251564 0.027131 -0.094564
v 1.629087 0.121198 -0.011288
v 1.629087 1.951827 -0.011288
v 1.162690 0.118051 -0.011288
v 0.699595 0.118051 -0.011288
v 0.272065 0.118051 -0.011288
v 0.272065 1.956114 -0.011288
v 0.699595 1.956114 -0.011288
v 1.162690 1.956114 -0.011288
v 1.629087 1.951827 -0.003866
v 1.629087 0.121117 -0.003867
v 1.162690 0.117954 -0.003867
v 0.699595 0.117954 -0.003867
v 0.272065 0.117954 -0.003867
v 0.272065 1.956114 -0.003866
v 0.699595 1.956114 -0.003866
v 1.162690 1.956114 -0.003866
v 1.698371 2.016092 -0.015652
v 1.698371 0.024039 -0.015652
v 0.282931 0.021341 -0.015807
v 0.715615 0.020808 -0.015683
v 1.157906 0.020675 -0.015652
v 1.212139 2.020675 -0.015652
v 0.729349 2.020675 -0.015652
v 0.283636 2.020675 -0.015652
v 1.690243 0.094175 -0.001208
v 1.676812 0.085211 -0.091337
v 1.643960 0.158320 -0.000454
v 1.629087 0.174433 -0.015237
v 1.574076 0.113739 -0.160175
v 0.258634 0.186986 -0.218344
v 0.660674 0.179148 -0.202692
v 1.088166 0.157451 -0.188343
v 0.272065 0.174433 -0.015825
v 0.699595 0.174433 -0.015825
v 1.162690 0.174433 -0.015825
v 1.632389 0.174433 -0.011288
v 1.632389 0.174417 -0.003867
v 1.701814 0.078143 -0.015652
v 1.690243 1.722935 -0.001208
v 1.676812 1.701059 -0.091337
v 1.643960 1.697713 -0.000454
v 1.629087 1.691407 -0.015237
v 1.574413 1.588360 -0.160230
v 0.258634 1.756497 -0.189045
v 0.666263 1.756395 -0.188503
v 1.111475 1.607818 -0.187846
v 1.632389 1.691407 -0.011288
v 1.632389 1.691407 -0.003866
v 0.272065 1.691407 -0.015825
v 0.699595 1.691407 -0.015825
v 1.162690 1.691407 -0.015825
v 1.701814 1.729241 -0.015652
v 0.078566 0.030590 -0.184579
v 0.081400 0.026156 -0.118936
v -0.081401 0.026156 -0.118936
v -0.101246 -0.277488 -0.326940
v 0.101246 -0.277488 -0.326940
v -0.104984 -0.277649 -0.223809
v 0.080649 -0.029208 -0.211176
v -0.083626 -0.032945 -0.140150
v 0.083626 -0.032945 -0.140150
v 0.094786 -0.222157 -0.207366
v 0.091412 -0.221332 -0.298372
v 1.162690 0.355164 -0.015825
v 1.690243 0.276126 -0.001208
v 1.574365 0.306416 -0.160246
v 0.258634 0.429431 -0.220230
v 0.654909 0.420389 -0.207483
v 1.057912 0.403270 -0.198040
v 1.632389 0.355164 -0.011288
v 1.632389 0.355164 -0.003867
v 0.258634 1.450668 -0.209960
v 0.642856 1.449056 -0.206744
v 0.911926 1.358752 -0.204193
v 0.258634 0.442364 -0.248443
v 0.640262 0.435228 -0.231524
v 0.897244 0.428807 -0.214934
v 1.690243 0.645141 -0.001208
v 1.676812 0.635439 -0.091337
v 1.643960 0.688264 -0.000454
v 1.629087 0.699045 -0.015237
v 1.574414 0.639891 -0.160262
v 1.135727 0.661850 -0.199204
v 1.632389 0.699045 -0.011288
v 1.632389 0.699045 -0.003867
v 0.272065 0.699045 -0.015825
v 0.699595 0.699045 -0.015825
v 1.162690 0.699045 -0.015825
v 1.701814 0.634361 -0.015652
v 0.258634 0.667505 -0.246017
v 0.636920 0.661356 -0.232067
v 0.917964 0.654842 -0.214460
v 0.272065 0.355164 -0.015825
v 0.699595 0.355164 -0.015825
v 1.701814 0.260319 -0.015652
v 1.676812 0.269497 -0.091337
v 1.643960 0.339356 -0.000454
v 1.629087 0.355164 -0.015237
v 0.258634 0.375782 -0.215833
v 0.658895 0.366416 -0.208168
v 1.072681 0.341104 -0.196143
v -0.102545 0.034169 -0.186681
v 0.106065 0.029186 -0.114317
v 0.153225 -0.310049 -0.354711
v 0.158882 -0.310316 -0.198001
v 0.141924 -0.280966 -0.206637
v 0.136871 -0.280727 -0.345994
v 0.538576 -0.282198 -0.457470
v 0.558460 -0.283551 0.175611
v 0.449925 -0.279465 -0.420088
v 0.466536 -0.280570 0.094525
v 0.213050 -0.281095 -0.142149
v 0.205465 -0.280668 -0.365397
v 0.465918 -0.343414 -0.369638
v 0.478600 -0.344387 0.087094
v 0.148386 -0.291066 -0.203465
v 0.143102 -0.290817 -0.349166
v 0.132208 -0.279997 -0.211407
v 0.127500 -0.279775 -0.341223
v 0.153263 -0.290142 -0.199481
v 0.147806 -0.289879 -0.353566
v 0.565292 -0.295476 0.180997
v 0.545156 -0.294108 -0.463358
v 0.539110 -0.312495 0.166046
v 0.557699 -0.301064 0.176672
v 0.537803 -0.299727 -0.459008
v 0.534378 -0.334979 0.163305
v 0.515351 -0.333682 -0.445816
v 1.584781 0.036808 -0.001208
v 1.572097 0.023085 -0.091337
v 1.550115 0.101436 -0.000454
v 1.541448 0.121198 -0.015237
v 1.486155 0.042833 -0.160450
v 1.596079 2.009915 -0.001208
v 1.585071 1.984842 -0.091592
v 1.552374 1.966874 -0.000454
v 1.541448 1.951827 -0.015237
v 1.497334 1.837454 -0.161398
v 1.541448 0.118051 -0.011288
v 1.541448 1.956114 -0.011288
v 1.541448 1.956114 -0.003866
v 1.541448 0.117954 -0.003867
v 1.607005 2.020675 -0.015652
v 1.593447 0.020675 -0.015652
v 1.462611 0.128186 -0.178867
v 1.541448 0.174433 -0.015825
v 1.473196 1.561107 -0.179040
v 1.541448 1.691407 -0.015825
v 1.439493 0.333610 -0.181785
v 1.541448 0.699045 -0.015825
v 1.464330 0.646264 -0.181427
v 1.541448 0.355164 -0.015825
v 1.698371 0.024039 -0.057246
v 0.714875 0.021368 -0.057408
v 1.157906 0.020675 -0.057246
v 1.212139 2.020675 -0.057246
v 0.729349 2.020675 -0.057246
v 0.283636 2.020675 -0.057246
v 0.279972 0.024143 -0.058053
v 1.698371 2.016092 -0.057246
v 1.701814 0.078143 -0.057246
v 1.701814 1.729241 -0.057246
v 1.701814 0.634361 -0.057246
v 1.701814 0.260319 -0.057246
v 1.607005 2.020675 -0.057246
v 1.593447 0.020675 -0.057246
v -1.686824 0.040152 -0.001208
v -1.686824 2.005381 -0.001208
v -1.673420 0.027302 -0.091337
v -1.673545 1.980347 -0.091353
v -1.640635 0.104683 -0.000454
v -1.640634 1.962538 -0.000454
v -1.627436 0.122771 -0.014943
v -1.627436 1.949683 -0.014942
v -1.584627 0.043046 -0.151779
v -1.585455 1.853210 -0.151890
v -0.281707 0.036808 -0.001208
v -0.713091 0.036808 -0.001208
v -1.158704 0.036808 -0.001208
v -1.203897 2.009915 -0.001208
v -0.724390 2.009915 -0.001208
v -0.281707 2.009915 -0.001208
v -0.706312 0.023908 -0.092800
v -1.149137 0.023085 -0.091337
v -1.199160 1.984842 -0.092357
v -0.719810 1.984842 -0.092742
v -0.279469 1.984842 -0.092795
v -0.273993 0.101436 -0.000454
v -0.702295 0.101436 -0.000454
v -1.161893 0.101436 -0.000454
v -1.170932 1.966874 -0.000454
v -0.704554 1.966874 -0.000454
v -0.273993 1.966874 -0.000454
v -0.272065 0.121198 -0.015237
v -0.699595 0.121198 -0.015237
v -1.162690 0.121198 -0.015237
v -1.162690 1.951827 -0.015237
v -0.699595 1.951827 -0.015237
v -0.272065 1.951827 -0.015237
v -0.239070 0.050976 -0.199772
v -0.672471 0.053696 -0.170000
v -1.110810 0.048983 -0.162107
v -1.147247 1.837454 -0.165225
v -0.681654 1.837455 -0.167160
v -0.262801 1.837457 -0.167468
v -0.251564 0.027131 -0.094564
v -1.629087 0.121198 -0.011288
v -1.629087 1.951827 -0.011288
v -1.162690 0.118051 -0.011288
v -0.699595 0.118051 -0.011288
v -0.272065 0.118051 -0.011288
v -0.272065 1.956114 -0.011288
v -0.699595 1.956114 -0.011288
v -1.162690 1.956114 -0.011288
v -1.629087 1.951827 -0.003866
v -1.629087 0.121117 -0.003867
v -1.162690 0.117954 -0.003867
v -0.699595 0.117954 -0.003867
v -0.272065 0.117954 -0.003867
v -0.272065 1.956114 -0.003866
v -0.699595 1.956114 -0.003866
v -1.162690 1.956114 -0.003866
v -1.698371 2.016092 -0.015652
v -1.698371 0.024039 -0.015652
v -0.282931 0.021341 -0.015807
v -0.715615 0.020808 -0.015683
v -1.157906 0.020675 -0.015652
v -1.212139 2.020675 -0.015652
v -0.729349 2.020675 -0.015652
v -0.283636 2.020675 -0.015652
v -1.690243 0.094175 -0.001208
v -1.676812 0.085211 -0.091337
v -1.643960 0.158320 -0.000454
v -1.629087 0.174433 -0.015237
v -1.574076 0.113739 -0.160175
v -0.258634 0.186986 -0.218344
v -0.660674 0.179148 -0.202692
v -1.088166 0.157451 -0.188343
v -0.272065 0.174433 -0.015825
v -0.699595 0.174433 -0.015825
v -1.162690 0.174433 -0.015825
v -1.632389 0.174433 -0.011288
v -1.632389 0.174417 -0.003867
v -1.701814 0.078143 -0.015652
v -1.690243 1.722935 -0.001208
v -1.676812 1.701059 -0.091337
v -1.643960 1.697713 -0.000454
v -1.629087 1.691407 -0.015237
v -1.574413 1.588360 -0.160230
v -0.258634 1.756497 -0.189045
v -0.666263 1.756395 -0.188503
v -1.111475 1.607818 -0.187846
v -1.632389 1.691407 -0.011288
v -1.632389 1.691407 -0.003866
v -0.272065 1.691407 -0.015825
v -0.699595 1.691407 -0.015825
v -1.162690 1.691407 -0.015825
v -1.701814 1.729241 -0.015652
v -0.078566 0.030590 -0.184579
v 0.104984 -0.277649 -0.223809
v -0.094786 -0.222157 -0.207366
v -1.162690 0.355164 -0.015825
v -1.690243 0.276126 -0.001208
v -1.574365 0.306416 -0.160246
v -0.258634 0.429431 -0.220230
v -0.654909 0.420389 -0.207483
v -1.057912 0.403270 -0.198040
v -1.632389 0.355164 -0.011288
v -1.632389 0.355164 -0.003867
v -0.258634 1.450668 -0.209960
v -0.642856 1.449056 -0.206744
v -0.911926 1.358752 -0.204193
v -0.258634 0.442364 -0.248443
v -0.640262 0.435228 -0.231524
v -0.897244 0.428807 -0.214934
v -1.690243 0.645141 -0.001208
v -1.676812 0.635439 -0.091337
v -1.643960 0.688264 -0.000454
v -1.629087 0.699045 -0.015237
v -1.574414 0.639891 -0.160262
v -1.135727 0.661850 -0.199204
v -1.632389 0.699045 -0.011288
v -1.632389 0.699045 -0.003867
v -0.272065 0.699045 -0.015825
v -0.699595 0.699045 -0.015825
v -1.162690 0.699045 -0.015825
v -1.701814 0.634361 -0.015652
v -0.258634 0.667505 -0.246017
v -0.636920 0.661356 -0.232067
v -0.917964 0.654842 -0.214460
v -0.272065 0.355164 -0.015825
v -0.699595 0.355164 -0.015825
v -1.701814 0.260319 -0.015652
v -1.676812 0.269497 -0.091337
v -1.643960 0.339356 -0.000454
v -1.629087 0.355164 -0.015237
v -0.258634 0.375782 -0.215833
v -0.658895 0.366416 -0.208168
v -1.072681 0.341104 -0.196143
v 0.102545 0.034169 -0.186681
v -0.106065 0.029186 -0.114317
v -0.153225 -0.310049 -0.354711
v -0.158882 -0.310316 -0.198001
v -0.141924 -0.280966 -0.206637
v -0.136871 -0.280727 -0.345994
v -0.538576 -0.282199 -0.457470
v -0.558460 -0.283551 0.175611
v -0.449925 -0.279465 -0.420088
v -0.466536 -0.280570 0.094525
v -0.213050 -0.281095 -0.142149
v -0.205465 -0.280668 -0.365397
v -0.465918 -0.343414 -0.369638
v -0.478600 -0.344387 0.087094
v -0.148386 -0.291066 -0.203465
v -0.143102 -0.290817 -0.349166
v -0.132208 -0.279997 -0.211407
v -0.127500 -0.279775 -0.341223
v -0.153263 -0.290142 -0.199481
v -0.147806 -0.289878 -0.353566
v -0.565292 -0.295476 0.180997
v -0.545156 -0.294108 -0.463358
v -0.539111 -0.312495 0.166046
v -0.519906 -0.311191 -0.448465
v -0.557699 -0.301064 0.176672
v -0.537803 -0.299727 -0.459008
v -0.534378 -0.334979 0.163305
v -0.515351 -0.333682 -0.445816
v 0.000000 0.036808 -0.001208
v 0.000000 2.009915 -0.001208
v 0.000000 1.984842 -0.092795
v 0.000000 0.101436 -0.000454
v 0.000000 1.966874 -0.000454
v 0.000000 0.121198 -0.015237
v 0.000000 1.951827 -0.015237
v 0.000000 0.058657 -0.219387
v 0.000000 1.837458 -0.167479
v 0.000000 0.026575 -0.079513
v 0.000000 1.956114 -0.011288
v 0.000000 0.118051 -0.011288
v 0.000000 0.117954 -0.003867
v 0.000000 1.956114 -0.003866
v 0.000000 2.020675 -0.015652
v 0.000000 0.021475 -0.015838
v 0.000000 0.174433 -0.015825
v 0.000000 0.188054 -0.221679
v 0.000000 1.691407 -0.015825
v 0.000000 1.756514 -0.189137
v -0.000000 0.031698 -0.200990
v -0.000000 0.025047 -0.102525
v -0.000000 -0.277448 -0.352723
v 0.000000 -0.277689 -0.198026
v -0.000000 -0.033880 -0.122394
v -0.000000 -0.028273 -0.228932
v -0.000000 -0.222363 -0.184615
v -0.000000 -0.221126 -0.321124
v 0.000000 0.430625 -0.223157
v 0.000000 1.450916 -0.210678
v 0.000000 0.443549 -0.251793
v 0.000000 0.668478 -0.248698
v 0.000000 0.699045 -0.015825
v 0.000000 0.355164 -0.015825
v 0.000000 0.376983 -0.217267
v -0.000000 0.027940 -0.096226
v 0.000000 0.035414 -0.204771
v 0.000000 -0.309982 -0.393888
v 0.000000 -0.310383 -0.158824
v 0.000000 -0.280668 -0.380833
v 0.000000 -0.281025 -0.171798
v 0.000000 -0.281860 -0.615740
v 0.000000 -0.283889 0.333881
v 0.000000 -0.280846 0.223179
v 0.000000 -0.279188 -0.548741
v 0.000000 -0.280561 -0.421209
v 0.000000 -0.281201 -0.086337
v 0.000000 -0.343920 -0.445755
v 0.000000 -0.345216 0.163210
v 0.000000 -0.290755 -0.385591
v 0.000000 -0.291129 -0.167039
v 0.000000 -0.280052 -0.178953
v 0.000000 -0.279720 -0.373677
v 0.000000 -0.290208 -0.160959
v 0.000000 -0.289813 -0.392087
v 0.000000 -0.293766 -0.624446
v 0.000000 -0.295818 0.342086
v 0.000000 -0.310865 -0.602093
v 0.000000 -0.312821 0.319673
v 0.000000 -0.301398 0.335593
v 0.000000 -0.299393 -0.617929
v 0.000000 -0.333358 -0.598097
v 0.000000 -0.335303 0.315586
v -1.584780 0.036808 -0.001208
v -1.572098 0.023085 -0.091337
v -1.550115 0.101436 -0.000454
v -1.541448 0.121198 -0.015237
v -1.486155 0.042833 -0.160450
v -1.596079 2.009915 -0.001208
v -1.585071 1.984842 -0.091592
v -1.552374 1.966874 -0.000454
v -1.541448 1.951827 -0.015237
v -1.497334 1.837454 -0.161398
v -1.541448 0.118051 -0.011288
v -1.541448 1.956114 -0.011288
v -1.541448 1.956114 -0.003866
v -1.541448 0.117954 -0.003867
v -1.607005 2.020675 -0.015652
v -1.593447 0.020675 -0.015652
v -1.462611 0.128186 -0.178867
v -1.541448 0.174433 -0.015825
v -1.473195 1.561107 -0.179040
v -1.541448 1.691407 -0.015825
v -1.439493 0.333610 -0.181785
v -1.541448 0.699045 -0.015825
v -1.464330 0.646264 -0.181427
v -1.541448 0.355164 -0.015825
v -1.698371 0.024039 -0.057246
v -0.714875 0.021368 -0.057408
v -1.157906 0.020675 -0.057246
v -1.212139 2.020675 -0.057246
v -0.729349 2.020675 -0.057246
v -0.283636 2.020675 -0.057246
v -0.279972 0.024143 -0.058053
v -1.698371 2.016092 -0.057246
v -1.701814 0.078143 -0.057246
v -1.701814 1.729241 -0.057246
v -1.701814 0.634361 -0.057246
v -1.701814 0.260319 -0.057246
v 0.000000 0.024836 -0.058215
v 0.000000 2.020675 -0.057246
v -1.607005 2.020675 -0.057246
v -1.593447 0.020675 -0.057246
v -0.091412 -0.221332 -0.298372
v -0.080649 -0.029208 -0.211176
v 0.519906 -0.311191 -0.448465
v 1.638966 0.036860 -0.001208
v 1.668940 0.037226 -0.001208
v 1.682345 0.038218 -0.001208
v 1.690189 1.879849 -0.001208
v 1.689816 1.963275 -0.001208
v 1.688801 1.997143 -0.001208
v 1.625905 0.023151 -0.091337
v 1.655667 0.023612 -0.091337
v 1.668975 0.024864 -0.091337
v 1.676761 1.856201 -0.091337
v 1.676403 1.938693 -0.091339
v 1.675433 1.972190 -0.091344
v 1.698191 2.015924 -0.009001
v 1.696928 2.014753 -0.004826
v 1.693500 2.011573 -0.002453
v 1.697981 0.024090 -0.064824
v 1.695252 0.024446 -0.071629
v 1.687845 0.025415 -0.079766
v 1.597770 0.101487 -0.000454
v 1.624331 0.101842 -0.000454
v 1.636414 0.102806 -0.000454
v 1.643908 1.844717 -0.000454
v 1.643544 1.922930 -0.000454
v 1.642557 1.954741 -0.000454
v 1.676359 1.995674 -0.000517
v 1.663729 1.983959 -0.000208
v 1.651099 1.972245 -0.000211
v 1.651099 0.090035 -0.000211
v 1.663729 0.072387 -0.000208
v 1.676359 0.054755 -0.000517
v 1.587444 0.121231 -0.015230
v 1.612965 0.121467 -0.015186
v 1.624232 0.122049 -0.015078
v 1.629052 1.835899 -0.015230
v 1.628804 1.912566 -0.015186
v 1.628194 1.943232 -0.015078
v 1.629052 0.121231 -0.012739
v 1.628804 0.121467 -0.013823
v 1.628194 0.122049 -0.014554
v 1.629268 1.951994 -0.002533
v 1.630531 1.953166 -0.001562
v 1.633959 1.956346 -0.000891
v 1.532616 0.042044 -0.160097
v 1.560006 0.041863 -0.158751
v 1.575788 0.042332 -0.155623
v 1.574650 1.726838 -0.160047
v 1.576308 1.802825 -0.158796
v 1.580395 1.838796 -0.155715
v 1.601357 1.876240 -0.141498
v 1.625298 1.910827 -0.125432
v 1.651221 1.948199 -0.107501
v 1.650978 0.030326 -0.107470
v 1.624883 0.034369 -0.125378
v 1.600721 0.039072 -0.141414
v 0.060995 0.036808 -0.001208
v 0.125762 0.036808 -0.001208
v 0.198075 0.036808 -0.001208
v 0.378996 0.036808 -0.001208
v 0.486545 0.036808 -0.001208
v 0.599521 0.036808 -0.001208
v 0.823707 0.036808 -0.001208
v 0.932943 0.036808 -0.001208
v 1.043656 0.036808 -0.001208
v 1.523001 2.009915 -0.001208
v 1.428889 2.009915 -0.001208
v 1.320326 2.009915 -0.001208
v 1.085142 2.009915 -0.001208
v 0.965426 2.009915 -0.001208
v 0.845068 2.009915 -0.001208
v 0.604287 2.009915 -0.001208
v 0.487957 2.009915 -0.001208
v 0.379173 2.009915 -0.001208
v 0.816560 0.023432 -0.091954
v 0.925143 0.023188 -0.091520
v 1.035017 0.023098 -0.091360
v 1.513581 1.984842 -0.091760
v 1.421275 1.984842 -0.091961
v 1.314389 1.984842 -0.092169
v 1.080891 1.984842 -0.092506
v 0.961151 1.984842 -0.092615
v 0.840579 1.984842 -0.092692
v 0.599981 1.984842 -0.092772
v 0.484227 1.984842 -0.092788
v 0.376178 1.984842 -0.092794
v 0.059324 0.101436 -0.000454
v 0.122318 0.101436 -0.000454
v 0.192652 0.101436 -0.000454
v 0.368755 0.101436 -0.000454
v 0.474313 0.101436 -0.000454
v 0.586787 0.101436 -0.000454
v 0.817656 0.101436 -0.000454
v 0.932493 0.101436 -0.000454
v 1.047131 0.101436 -0.000454
v 1.481297 1.966874 -0.000454
v 1.389762 1.966874 -0.000454
v 1.284173 1.966874 -0.000454
v 1.055428 1.966874 -0.000454
v 0.938990 1.966874 -0.000454
v 0.821928 1.966874 -0.000454
v 0.587740 1.966874 -0.000454
v 0.474596 1.966874 -0.000454
v 0.368790 1.966874 -0.000454
v 0.058907 0.121197 -0.015237
v 0.121458 0.121197 -0.015237
v 0.191296 0.121197 -0.015237
v 0.366194 0.121198 -0.015237
v 0.471255 0.121198 -0.015237
v 0.583603 0.121197 -0.015237
v 0.816143 0.121198 -0.015237
v 0.932381 0.121198 -0.015237
v 1.048000 0.121197 -0.015237
v 1.470872 1.951827 -0.015237
v 1.379981 1.951827 -0.015237
v 1.275134 1.951827 -0.015237
v 1.048000 1.951827 -0.015237
v 0.932381 1.951827 -0.015237
v 0.816143 1.951827 -0.015237
v 0.583603 1.951827 -0.015237
v 0.471255 1.951827 -0.015237
v 0.366194 1.951827 -0.015237
v 0.050924 0.058555 -0.219136
v 0.104168 0.057842 -0.217384
v 0.162776 0.055840 -0.212391
v 0.346607 0.054031 -0.190578
v 0.452480 0.054827 -0.182507
v 0.561810 0.054535 -0.175503
v 0.782422 0.052716 -0.166285
v 0.891731 0.051635 -0.164042
v 1.000995 0.050407 -0.162805
v 1.434194 1.837454 -0.162238
v 1.351691 1.837454 -0.163243
v 1.254487 1.837454 -0.164282
v 1.034172 1.837454 -0.165967
v 0.917618 1.837454 -0.166515
v 0.799481 1.837454 -0.166901
v 0.566212 1.837455 -0.167322
v 0.455943 1.837456 -0.167413
v 0.353817 1.837457 -0.167454
v 0.698808 0.026329 -0.110252
v 0.689690 0.031101 -0.130845
v 0.680423 0.039723 -0.151715
v 1.141139 0.025523 -0.107636
v 1.131192 0.029937 -0.126707
v 1.120636 0.037400 -0.145786
v 0.258699 1.777446 -0.186869
v 0.259154 1.794382 -0.183875
v 0.260392 1.812616 -0.178072
v 0.669796 1.777398 -0.186370
v 0.672576 1.794363 -0.183432
v 0.676048 1.812609 -0.177693
v 1.126746 1.725349 -0.184416
v 1.133715 1.779494 -0.181237
v 1.139472 1.810750 -0.175538
v 1.162690 0.118100 -0.012744
v 1.162690 0.118444 -0.013861
v 1.162690 0.119378 -0.014679
v 0.699595 0.118100 -0.012744
v 0.699595 0.118444 -0.013861
v 0.699595 0.119378 -0.014679
v 0.272065 0.118100 -0.012744
v 0.272065 0.118444 -0.013861
v 0.272065 0.119378 -0.014679
v 0.272065 1.956047 -0.012744
v 0.272065 1.955578 -0.013861
v 0.272065 1.954305 -0.014679
v 0.699595 1.956047 -0.012744
v 0.699595 1.955578 -0.013861
v 0.699595 1.954305 -0.014679
v 1.162690 1.956047 -0.012744
v 1.162690 1.955578 -0.013861
v 1.162690 1.954305 -0.014679
v 0.272065 0.148081 -0.015816
v 0.272065 0.132572 -0.015752
v 0.272065 0.124684 -0.015577
v 0.699595 0.148081 -0.015816
v 0.699595 0.132572 -0.015752
v 0.699595 0.124684 -0.015577
v 1.162690 0.148081 -0.015816
v 1.162690 0.132572 -0.015752
v 1.162690 0.124684 -0.015577
v 1.159426 0.051430 -0.000517
v 1.160298 0.069086 -0.000208
v 1.161170 0.086760 -0.000211
v 0.710645 0.051430 -0.000517
v 0.707693 0.069086 -0.000208
v 0.704741 0.086760 -0.000211
v 0.279959 0.051430 -0.000517
v 0.277850 0.069086 -0.000208
v 0.275741 0.086760 -0.000211
v 0.714612 0.021506 -0.065028
v 0.713619 0.021826 -0.071986
v 0.711113 0.022553 -0.080502
v 1.157769 0.020712 -0.064824
v 1.156810 0.020976 -0.071629
v 1.154207 0.021692 -0.079766
v 1.211936 2.020115 -0.064840
v 1.210516 2.016196 -0.071757
v 1.206663 2.005558 -0.080196
v 0.729200 2.020115 -0.064846
v 0.728156 2.016196 -0.071805
v 0.725325 2.005558 -0.080358
v 0.283570 2.020115 -0.064847
v 0.283115 2.016196 -0.071811
v 0.281878 2.005558 -0.080381
v 1.187399 1.952305 -0.109549
v 1.173204 1.912670 -0.129519
v 1.159009 1.872273 -0.149126
v 0.711165 1.952305 -0.110283
v 0.700732 1.912670 -0.130675
v 0.690299 1.872273 -0.150706
v 0.275692 1.952305 -0.110384
v 0.271135 1.912670 -0.130839
v 0.266577 1.872274 -0.150940
v 0.279959 2.000164 -0.000517
v 0.277850 1.988394 -0.000208
v 0.275741 1.976625 -0.000211
v 0.719896 2.000164 -0.000517
v 0.714472 1.988394 -0.000208
v 0.709048 1.976625 -0.000211
v 1.196428 2.000164 -0.000517
v 1.187415 1.988394 -0.000208
v 1.178400 1.976625 -0.000211
v 0.365662 0.026422 -0.095680
v 0.477914 0.025545 -0.095237
v 0.592558 0.024653 -0.094064
v 0.054098 0.026582 -0.079708
v 0.110552 0.026627 -0.081070
v 0.172384 0.026759 -0.084936
v 0.267717 0.038849 -0.173860
v 0.278057 0.032694 -0.146674
v 0.274801 0.029193 -0.119732
v 0.280692 0.023461 -0.048043
v 0.281505 0.022692 -0.036643
v 0.282291 0.021948 -0.025387
v 1.629087 0.121164 -0.005584
v 1.629087 0.121187 -0.007527
v 1.629087 0.121196 -0.009496
v 1.628194 1.950667 -0.014554
v 1.628804 1.951460 -0.013822
v 1.629052 1.951781 -0.012739
v 1.162690 0.118010 -0.005584
v 1.162690 0.118039 -0.007527
v 1.162690 0.118049 -0.009496
v 0.699595 0.118010 -0.005584
v 0.699595 0.118039 -0.007527
v 0.699595 0.118049 -0.009496
v 0.272065 0.118010 -0.005584
v 0.272065 0.118039 -0.007527
v 0.272065 0.118049 -0.009496
v 0.272065 1.956114 -0.005584
v 0.272065 1.956114 -0.007527
v 0.272065 1.956114 -0.009496
v 0.699595 1.956114 -0.005584
v 0.699595 1.956114 -0.007527
v 0.699595 1.956114 -0.009496
v 1.162690 1.956114 -0.005584
v 1.162690 1.956114 -0.007527
v 1.162690 1.956114 -0.009496
v 1.048000 1.956114 -0.011288
v 0.932381 1.956114 -0.011288
v 0.816143 1.956114 -0.011288
v 0.583603 1.956114 -0.011288
v 0.471255 1.956114 -0.011288
v 0.366194 1.956114 -0.011288
v 0.058907 0.118051 -0.011288
v 0.121458 0.118051 -0.011288
v 0.191296 0.118051 -0.011288
v 0.366194 0.118051 -0.011288
v 0.471255 0.118051 -0.011288
v 0.583603 0.118051 -0.011288
v 0.816143 0.118051 -0.011288
v 0.932381 0.118051 -0.011288
v 1.048000 0.118051 -0.011288
v 1.587471 0.118100 -0.011288
v 1.613179 0.118444 -0.011288
v 1.624931 0.119378 -0.011288
v 1.470872 1.956114 -0.011288
v 1.379981 1.956114 -0.011288
v 1.275134 1.956114 -0.011288
v 1.632338 1.835934 -0.011288
v 1.631976 1.912844 -0.011288
v 1.630996 1.944141 -0.011288
v 1.629087 1.951827 -0.009496
v 1.629087 1.951827 -0.007527
v 1.629087 1.951827 -0.005584
v 1.633959 0.114071 -0.000891
v 1.630531 0.118943 -0.001562
v 1.629267 0.120793 -0.002533
v 1.162354 0.110850 -0.000891
v 1.162591 0.115745 -0.001562
v 1.162678 0.117615 -0.002533
v 0.700734 0.110850 -0.000891
v 0.699933 0.115745 -0.001562
v 0.699638 0.117615 -0.002533
v 0.272878 0.110850 -0.000891
v 0.272306 0.115745 -0.001562
v 0.272095 0.117615 -0.002533
v 0.272878 1.960653 -0.000891
v 0.272306 1.957459 -0.001562
v 0.272095 1.956282 -0.002533
v 0.701687 1.960653 -0.000891
v 0.700215 1.957459 -0.001562
v 0.699673 1.956282 -0.002533
v 1.166167 1.960653 -0.000891
v 1.163720 1.957459 -0.001562
v 1.162819 1.956282 -0.002533
v 1.632337 1.835934 -0.003866
v 1.631976 1.912844 -0.003866
v 1.630996 1.944141 -0.003866
v 1.470872 1.956114 -0.003866
v 1.379981 1.956114 -0.003866
v 1.275134 1.956114 -0.003866
v 1.587471 0.118004 -0.003867
v 1.613179 0.118350 -0.003867
v 1.624931 0.119289 -0.003867
v 0.816143 0.117954 -0.003867
v 0.932381 0.117954 -0.003867
v 1.048000 0.117954 -0.003867
v 0.366194 0.117954 -0.003867
v 0.471255 0.117954 -0.003867
v 0.583603 0.117954 -0.003867
v 0.058907 0.117954 -0.003867
v 0.121458 0.117954 -0.003867
v 0.191296 0.117954 -0.003867
v 0.583603 1.956114 -0.003866
v 0.471255 1.956114 -0.003866
v 0.366194 1.956114 -0.003866
v 1.048000 1.956114 -0.003866
v 0.932381 1.956114 -0.003866
v 0.816143 1.956114 -0.003866
v 1.698371 2.016092 -0.047395
v 1.698371 2.016092 -0.036174
v 1.698371 2.016092 -0.025091
v 1.693500 0.030836 -0.002453
v 1.696928 0.026053 -0.004826
v 1.698191 0.024290 -0.009001
v 0.282811 0.027491 -0.002456
v 0.283307 0.022775 -0.004846
v 0.283308 0.021208 -0.009066
v 0.714649 0.027483 -0.002454
v 0.715431 0.022708 -0.004830
v 0.715674 0.020983 -0.009014
v 1.158243 0.027481 -0.002453
v 1.158006 0.022691 -0.004826
v 1.157919 0.020927 -0.009001
v 1.208662 2.016135 -0.002453
v 1.211109 2.019330 -0.004826
v 1.212010 2.020507 -0.009001
v 0.727257 2.016135 -0.002453
v 0.728729 2.019330 -0.004826
v 0.729271 2.020507 -0.009001
v 0.282822 2.016135 -0.002453
v 0.283395 2.019330 -0.004826
v 0.283605 2.020507 -0.009001
v 0.061412 2.020675 -0.015652
v 0.126623 2.020675 -0.015652
v 0.199431 2.020675 -0.015652
v 0.381768 2.020675 -0.015652
v 0.491297 2.020675 -0.015652
v 0.608424 2.020675 -0.015652
v 0.850853 2.020675 -0.015652
v 0.972035 2.020675 -0.015652
v 1.092571 2.020675 -0.015652
v 1.654985 2.020603 -0.015652
v 1.681787 2.020102 -0.015652
v 1.694039 2.018742 -0.015652
v 1.042784 0.020677 -0.015653
v 0.933033 0.020691 -0.015656
v 0.825145 0.020731 -0.015665
v 0.602371 0.020929 -0.015711
v 0.489096 0.021075 -0.015745
v 0.380910 0.021221 -0.015779
v 1.701760 0.051594 -0.015652
v 1.701383 0.035847 -0.015652
v 1.700361 0.027722 -0.015652
v 1.507794 0.020675 -0.015652
v 1.399691 0.020675 -0.015652
v 1.279581 0.020675 -0.015652
v 1.688801 0.043817 -0.001208
v 1.689816 0.051920 -0.001208
v 1.690189 0.067645 -0.001208
v 1.675381 0.031764 -0.091337
v 1.676388 0.040865 -0.091337
v 1.676759 0.057662 -0.091337
v 1.642557 0.108261 -0.000454
v 1.643544 0.116259 -0.000454
v 1.643908 0.131878 -0.000454
v 1.628194 0.125351 -0.015078
v 1.628804 0.132776 -0.015186
v 1.629052 0.148107 -0.015230
v 1.579689 0.049043 -0.155619
v 1.575750 0.061405 -0.158717
v 1.574213 0.082188 -0.159981
v 0.251874 0.076217 -0.210887
v 0.256715 0.106585 -0.215780
v 0.258394 0.143384 -0.217852
v 0.666949 0.074302 -0.183502
v 0.663568 0.101950 -0.192694
v 0.661690 0.136834 -0.198711
v 1.102782 0.065751 -0.173590
v 1.096528 0.088736 -0.180894
v 1.091754 0.118961 -0.185364
v 0.272065 0.309610 -0.015825
v 0.272065 0.260357 -0.015825
v 0.272065 0.213324 -0.015825
v 0.699595 0.309610 -0.015825
v 0.699595 0.260357 -0.015825
v 0.699595 0.213324 -0.015825
v 1.630996 0.124684 -0.011288
v 1.631976 0.132572 -0.011288
v 1.632338 0.148081 -0.011288
v 1.630996 0.124619 -0.003867
v 1.631976 0.132524 -0.003867
v 1.632337 0.148051 -0.003867
v 1.701814 0.214052 -0.015652
v 1.701814 0.164410 -0.015652
v 1.701814 0.117179 -0.015652
v 1.696932 0.084906 -0.002453
v 1.700367 0.080147 -0.004826
v 1.701633 0.078393 -0.009001
v 1.637270 0.167604 -0.000891
v 1.633836 0.172381 -0.001562
v 1.632570 0.174152 -0.002533
v 1.632389 0.174426 -0.005584
v 1.632389 0.174431 -0.007527
v 1.632389 0.174433 -0.009496
v 0.816143 0.174433 -0.015825
v 0.932381 0.174433 -0.015825
v 1.048000 0.174433 -0.015825
v 0.366194 0.174433 -0.015825
v 0.471255 0.174433 -0.015825
v 0.583603 0.174433 -0.015825
v 0.058907 0.174433 -0.015825
v 0.121458 0.174433 -0.015825
v 0.191296 0.174433 -0.015825
v 0.980339 0.164378 -0.191516
v 0.873799 0.170284 -0.194934
v 0.767570 0.175198 -0.198644
v 0.552943 0.182177 -0.207050
v 0.447442 0.184404 -0.211384
v 0.348048 0.185962 -0.215285
v 1.654111 0.091621 -0.107605
v 1.626467 0.099379 -0.126466
v 1.598311 0.107186 -0.144971
v 1.391479 0.134153 -0.180545
v 1.300432 0.141576 -0.182758
v 1.196864 0.149620 -0.185395
v 1.587471 0.174433 -0.015816
v 1.613179 0.174433 -0.015752
v 1.624932 0.174433 -0.015577
v 1.679757 0.108705 -0.000517
v 1.667102 0.126242 -0.000208
v 1.654446 0.143782 -0.000211
v 1.632338 0.174433 -0.012744
v 1.631976 0.174433 -0.013861
v 1.630996 0.174433 -0.014679
v 1.701423 0.078253 -0.064824
v 1.698688 0.079026 -0.071629
v 1.691266 0.081125 -0.079766
v 1.690243 0.894003 -0.001208
v 1.690243 1.188343 -0.001208
v 1.690243 1.480532 -0.001208
v 1.676812 0.881510 -0.091337
v 1.676812 1.172525 -0.091337
v 1.676812 1.461403 -0.091337
v 1.643960 0.921395 -0.000454
v 1.643960 1.197061 -0.000454
v 1.643960 1.470690 -0.000454
v 1.629087 0.928243 -0.015237
v 1.629087 1.199240 -0.015237
v 1.629087 1.468230 -0.015237
v 1.574413 0.859042 -0.160256
v 1.574413 1.118051 -0.160247
v 1.574413 1.375098 -0.160238
v 0.643547 0.429160 -0.225687
v 0.647546 0.425393 -0.218776
v 0.651566 0.422833 -0.212230
v 0.994693 0.413010 -0.202951
v 0.952747 0.419371 -0.207538
v 0.920081 0.424682 -0.211823
v 1.143141 0.864706 -0.197382
v 1.147635 1.110780 -0.194554
v 1.142276 1.366642 -0.191241
v 1.632389 0.928243 -0.011288
v 1.632389 1.199240 -0.011288
v 1.632389 1.468230 -0.011288
v 1.632389 0.928243 -0.003867
v 1.632389 1.199240 -0.003867
v 1.632389 1.468230 -0.003866
v 0.272065 1.944141 -0.015577
v 0.272065 1.912844 -0.015752
v 0.272065 1.835934 -0.015816
v 0.699595 1.944141 -0.015577
v 0.699595 1.912844 -0.015752
v 0.699595 1.835934 -0.015816
v 1.162690 1.944141 -0.015577
v 1.162690 1.912844 -0.015752
v 1.162690 1.835934 -0.015816
v 1.700361 2.007743 -0.015652
v 1.701383 1.973361 -0.015652
v 1.701760 1.888632 -0.015652
v 1.632338 1.691407 -0.012744
v 1.631976 1.691407 -0.013861
v 1.630996 1.691407 -0.014679
v 1.679757 1.717221 -0.000517
v 1.667101 1.710324 -0.000208
v 1.654446 1.703427 -0.000211
v 1.632389 1.691407 -0.005584
v 1.632389 1.691407 -0.007527
v 1.632389 1.691407 -0.009496
v 1.637270 1.694067 -0.000891
v 1.633835 1.692196 -0.001562
v 1.632570 1.691506 -0.002533
v 1.696932 1.726581 -0.002453
v 1.700367 1.728452 -0.004826
v 1.701633 1.729142 -0.009001
v 0.816143 1.691407 -0.015825
v 0.932381 1.691407 -0.015825
v 1.048000 1.691407 -0.015825
v 0.366194 1.691407 -0.015825
v 0.471255 1.691407 -0.015825
v 0.583603 1.691407 -0.015825
v 0.058907 1.691407 -0.015825
v 0.121458 1.691407 -0.015825
v 0.191296 1.691407 -0.015825
v 0.997108 1.703528 -0.187933
v 0.888587 1.741225 -0.188091
v 0.777977 1.754469 -0.188294
v 0.555301 1.756430 -0.188687
v 0.448141 1.756459 -0.188839
v 0.348135 1.756481 -0.188959
v 1.654116 1.675520 -0.107606
v 1.626509 1.644699 -0.126472
v 1.598453 1.613884 -0.144994
v 1.410194 1.562473 -0.180644
v 1.328067 1.567630 -0.182676
v 1.230948 1.580267 -0.185007
v 1.587471 1.691407 -0.015816
v 1.613179 1.691407 -0.015752
v 1.624932 1.691407 -0.015577
v 1.701423 1.728800 -0.064824
v 1.698688 1.725718 -0.071629
v 1.691266 1.717352 -0.079766
v 0.023059 0.031681 -0.200734
v 0.044751 0.031560 -0.198939
v 0.063709 0.031231 -0.194067
v 0.024431 0.025064 -0.102781
v 0.047230 0.025186 -0.104576
v 0.066764 0.025515 -0.109448
v 0.088140 0.029585 -0.169707
v 0.091981 0.028373 -0.151758
v 0.089823 0.027160 -0.133808
v 0.123745 0.028980 -0.111858
v 0.149913 0.028646 -0.108203
v 0.188129 0.028109 -0.102901
v 0.029707 -0.277448 -0.352320
v 0.057656 -0.277452 -0.349500
v 0.082088 -0.277464 -0.341846
v -0.093190 -0.250447 -0.311609
v -0.094896 -0.266899 -0.319386
v -0.097317 -0.274606 -0.323798
v 0.078871 0.000722 -0.197642
v 0.077920 0.018161 -0.189825
v 0.077813 0.026865 -0.186035
v 0.088970 -0.177657 -0.278553
v 0.086083 -0.125607 -0.254920
v 0.083170 -0.073388 -0.231214
v -0.080658 0.022449 -0.120397
v -0.080788 0.013815 -0.123529
v -0.081781 -0.003424 -0.129669
v 0.080658 0.022449 -0.120397
v 0.080788 0.013816 -0.123529
v 0.081781 -0.003423 -0.129669
v 0.090494 -0.030055 -0.195084
v 0.094458 -0.031076 -0.175663
v 0.092262 -0.032098 -0.156242
v -0.025106 -0.033865 -0.122671
v -0.048532 -0.033763 -0.124613
v -0.068598 -0.033485 -0.129885
v -0.092262 -0.032099 -0.156242
v -0.094458 -0.031077 -0.175663
v -0.090494 -0.030054 -0.195084
v 0.023663 -0.028288 -0.228655
v 0.045926 -0.028390 -0.226713
v 0.065388 -0.028668 -0.221441
v 0.086241 -0.076470 -0.155609
v 0.089262 -0.127890 -0.173877
v 0.092255 -0.179140 -0.192086
v 0.097317 -0.274606 -0.323798
v 0.094896 -0.266899 -0.319386
v 0.093190 -0.250447 -0.311609
v 0.102571 -0.221519 -0.277754
v 0.107064 -0.221744 -0.252869
v 0.104575 -0.221970 -0.227985
v 0.026821 -0.221129 -0.320768
v 0.052055 -0.221152 -0.318280
v 0.074115 -0.221213 -0.311526
v 1.162690 0.544183 -0.015825
v 1.162690 0.451121 -0.015825
v 1.162690 0.396050 -0.015825
v 0.258634 0.402327 -0.215054
v 0.258634 0.417956 -0.215044
v 0.258634 0.425910 -0.216528
v 0.658686 0.392908 -0.206991
v 0.658194 0.408538 -0.205751
v 0.657056 0.416600 -0.205549
v 1.064899 0.367873 -0.196580
v 1.059572 0.384155 -0.196585
v 1.059763 0.393919 -0.196656
v 1.357770 0.363954 -0.185509
v 1.270314 0.381427 -0.189306
v 1.172323 0.393516 -0.193391
v 0.550511 0.423937 -0.210736
v 0.446722 0.426509 -0.214245
v 0.347958 0.428282 -0.217561
v 0.951064 0.406421 -0.200580
v 0.854579 0.410926 -0.202617
v 0.756339 0.415847 -0.204822
v 1.632389 0.355164 -0.005584
v 1.632389 0.355164 -0.007527
v 1.632389 0.355164 -0.009496
v 0.258634 0.842271 -0.238379
v 0.258634 1.051902 -0.229033
v 0.258634 1.265126 -0.219165
v 0.637060 0.837070 -0.226956
v 0.637725 1.047923 -0.220550
v 0.639471 1.262418 -0.213573
v 0.919886 0.834955 -0.212439
v 0.920306 1.041449 -0.209669
v 0.917395 1.231923 -0.206593
v 0.872587 1.399694 -0.204655
v 0.810131 1.432682 -0.205320
v 0.732327 1.446485 -0.206004
v 0.545426 1.449640 -0.207594
v 0.445215 1.450095 -0.208481
v 0.347769 1.450434 -0.209304
v 0.544331 0.437688 -0.236595
v 0.444891 0.439696 -0.241304
v 0.347729 0.441253 -0.245353
v 0.860715 0.428818 -0.217603
v 0.801923 0.430073 -0.221632
v 0.727329 0.432455 -0.226408
v 0.258634 1.584537 -0.202380
v 0.258634 1.671859 -0.196479
v 0.258634 1.725043 -0.192091
v 0.258634 0.431421 -0.226511
v 0.258634 0.433432 -0.234279
v 0.258634 0.436675 -0.242075
v 0.660960 1.724842 -0.191479
v 0.654559 1.671435 -0.195564
v 0.648159 1.583673 -0.200679
v 0.940548 1.417930 -0.201360
v 0.982091 1.482049 -0.197385
v 1.034824 1.539591 -0.192872
v 1.690243 0.318269 -0.001208
v 1.690243 0.376760 -0.001208
v 1.690243 0.477189 -0.001208
v 1.574395 0.347916 -0.160257
v 1.574410 0.401966 -0.160263
v 1.574414 0.491610 -0.160265
v 1.101240 0.416198 -0.198467
v 1.120226 0.451442 -0.199244
v 1.129461 0.527271 -0.199690
v 1.632389 0.396050 -0.011288
v 1.632389 0.451121 -0.011288
v 1.632389 0.544183 -0.011288
v 1.632389 0.396050 -0.003867
v 1.632389 0.451121 -0.003867
v 1.632389 0.544183 -0.003867
v 0.272065 1.468230 -0.015825
v 0.272065 1.199240 -0.015825
v 0.272065 0.928243 -0.015825
v 0.699595 1.468230 -0.015825
v 0.699595 1.199240 -0.015825
v 0.699595 0.928243 -0.015825
v 1.162690 1.468230 -0.015825
v 1.162690 1.199240 -0.015825
v 1.162690 0.928243 -0.015825
v 1.701814 1.482992 -0.015652
v 1.701814 1.186164 -0.015652
v 1.701814 0.887155 -0.015652
v 0.258634 0.454112 -0.252170
v 0.258634 0.485138 -0.253009
v 0.258634 0.551063 -0.250958
v 0.638211 0.447142 -0.235114
v 0.637211 0.478261 -0.236319
v 0.636901 0.544395 -0.235262
v 0.905564 0.437388 -0.215389
v 0.912421 0.467237 -0.215687
v 0.915982 0.534345 -0.215477
v 1.069491 0.661451 -0.203352
v 1.015683 0.659275 -0.207086
v 0.967456 0.656635 -0.210693
v 0.542921 0.663544 -0.236360
v 0.444473 0.665278 -0.240250
v 0.347677 0.666589 -0.243536
v 0.861397 0.654882 -0.218598
v 0.796107 0.656422 -0.223020
v 0.721485 0.658800 -0.227563
v 1.637270 0.694497 -0.000891
v 1.633836 0.697697 -0.001562
v 1.632570 0.698876 -0.002533
v 1.632389 0.699045 -0.005584
v 1.632389 0.699045 -0.007527
v 1.632389 0.699045 -0.009496
v 1.679757 0.654911 -0.000517
v 1.667102 0.666703 -0.000208
v 1.654446 0.678494 -0.000211
v 1.632338 0.699045 -0.012744
v 1.631976 0.699045 -0.013861
v 1.630996 0.699045 -0.014679
v 1.701423 0.634378 -0.064824
v 1.698688 0.634496 -0.071629
v 1.691266 0.634816 -0.079766
v 1.587471 0.699045 -0.015816
v 1.613179 0.699045 -0.015752
v 1.624931 0.699045 -0.015577
v 1.394128 0.650583 -0.185074
v 1.308177 0.655422 -0.189605
v 1.218152 0.659579 -0.194491
v 1.654116 0.636418 -0.107607
v 1.626509 0.637613 -0.126476
v 1.598454 0.638833 -0.145008
v 0.058907 0.699045 -0.015825
v 0.121458 0.699045 -0.015825
v 0.191296 0.699045 -0.015825
v 0.366194 0.699045 -0.015825
v 0.471255 0.699045 -0.015825
v 0.583603 0.699045 -0.015825
v 0.816143 0.699045 -0.015825
v 0.932381 0.699045 -0.015825
v 1.048000 0.699045 -0.015825
v 1.696932 0.638909 -0.002453
v 1.700367 0.635708 -0.004826
v 1.701633 0.634529 -0.009001
v 1.676812 0.125092 -0.091337
v 1.676812 0.172973 -0.091337
v 1.676812 0.223045 -0.091337
v 1.643960 0.197273 -0.000454
v 1.643960 0.244358 -0.000454
v 1.643960 0.293683 -0.000454
v 1.629087 0.213324 -0.015237
v 1.629087 0.260357 -0.015237
v 1.629087 0.309611 -0.015237
v 0.258634 0.236785 -0.218153
v 0.258634 0.288400 -0.217575
v 0.258634 0.336507 -0.216754
v 0.659983 0.228144 -0.205574
v 0.659480 0.279317 -0.207491
v 0.659130 0.327223 -0.208377
v 1.085358 0.204082 -0.190925
v 1.082481 0.254142 -0.193195
v 1.078575 0.301770 -0.194990
v 0.366194 0.355164 -0.015825
v 0.471255 0.355164 -0.015825
v 0.583603 0.355164 -0.015825
v 0.058907 0.355164 -0.015825
v 0.121458 0.355164 -0.015825
v 0.191296 0.355164 -0.015825
v 0.970276 0.348648 -0.199579
v 0.867639 0.355510 -0.202699
v 0.764076 0.361497 -0.205547
v 0.552192 0.370142 -0.210581
v 0.447220 0.372809 -0.212723
v 0.348020 0.374622 -0.214502
v 1.587471 0.355164 -0.015816
v 1.613179 0.355164 -0.015752
v 1.624931 0.355164 -0.015577
v 1.701423 0.260462 -0.064824
v 1.698688 0.261466 -0.071629
v 1.691266 0.264191 -0.079766
v 0.083227 0.028048 -0.117986
v 0.087143 0.028986 -0.117088
v 0.094354 0.029267 -0.115959
v 0.044958 -0.309983 -0.393276
v 0.087256 -0.309990 -0.388991
v 0.124232 -0.310010 -0.377360
v 0.047698 -0.310382 -0.159436
v 0.092206 -0.310375 -0.163721
v 0.130330 -0.310355 -0.175352
v 0.171930 -0.310109 -0.319206
v 0.179461 -0.310183 -0.276356
v 0.175289 -0.310256 -0.233506
v 0.151477 -0.297127 -0.201942
v 0.154722 -0.303467 -0.200315
v 0.157424 -0.308419 -0.198897
v 0.146084 -0.296873 -0.350690
v 0.149214 -0.303208 -0.352326
v 0.151819 -0.308155 -0.353768
v 0.136576 -0.280004 -0.209263
v 0.139270 -0.280107 -0.207940
v 0.140862 -0.280398 -0.207159
v 0.131713 -0.279775 -0.343368
v 0.134311 -0.279874 -0.344690
v 0.135847 -0.280161 -0.345472
v 0.040160 -0.280669 -0.380288
v 0.077943 -0.280675 -0.376478
v 0.110972 -0.280693 -0.366135
v 0.153580 -0.280781 -0.314421
v 0.160307 -0.280846 -0.276315
v 0.156580 -0.280912 -0.238210
v 0.158026 -0.281866 -0.613267
v 0.306699 -0.281903 -0.595956
v 0.436666 -0.282003 -0.548969
v 0.167657 -0.283884 0.331408
v 0.324097 -0.283847 0.314097
v 0.458104 -0.283747 0.267111
v 0.604323 -0.282505 -0.314037
v 0.630796 -0.282875 -0.140929
v 0.616129 -0.283245 0.032178
v 0.490838 -0.279424 -0.432797
v 0.516467 -0.279691 -0.443300
v 0.530988 -0.280529 -0.451543
v 0.155119 -0.296248 -0.198872
v 0.157143 -0.302793 -0.198229
v 0.158632 -0.308056 -0.197842
v 0.259345 -0.280164 -0.376492
v 0.324987 -0.279821 -0.390411
v 0.391982 -0.279601 -0.405495
v 0.550592 -0.281860 0.169408
v 0.535535 -0.280982 0.156700
v 0.508960 -0.280643 0.133175
v 0.132014 -0.279193 -0.546731
v 0.256215 -0.279223 -0.532659
v 0.364790 -0.279305 -0.494465
v 0.504850 -0.279715 -0.303496
v 0.526965 -0.280017 -0.162781
v 0.514713 -0.280319 -0.022067
v 0.406454 -0.280545 0.038868
v 0.336985 -0.280579 -0.025967
v 0.268920 -0.280740 -0.089725
v 0.147631 -0.285563 -0.353463
v 0.153628 -0.282916 -0.354703
v 0.171128 -0.281447 -0.358332
v 0.230547 -0.280765 -0.314817
v 0.240646 -0.280881 -0.253773
v 0.235051 -0.280998 -0.192728
v 0.060286 -0.280563 -0.420337
v 0.117004 -0.280574 -0.414232
v 0.166587 -0.280606 -0.397663
v 0.151876 -0.343909 -0.444125
v 0.289535 -0.343833 -0.432717
v 0.399325 -0.343647 -0.404577
v 0.157976 -0.345199 0.161580
v 0.300293 -0.345074 0.150171
v 0.412161 -0.344767 0.122032
v 0.491374 -0.343904 -0.276761
v 0.506750 -0.344339 -0.141272
v 0.499061 -0.344481 -0.005783
v 0.533126 -0.339005 0.161636
v 0.524726 -0.341819 0.150199
v 0.504104 -0.343559 0.122041
v 0.142969 -0.281952 -0.206124
v 0.144259 -0.283702 -0.205491
v 0.145997 -0.286608 -0.204637
v 0.137878 -0.281712 -0.346506
v 0.139122 -0.283459 -0.347140
v 0.140799 -0.286363 -0.347993
v 0.041988 -0.290756 -0.385022
v 0.081491 -0.290763 -0.381038
v 0.116024 -0.290781 -0.370224
v 0.160572 -0.290874 -0.316155
v 0.167606 -0.290942 -0.276315
v 0.163709 -0.291010 -0.236475
v 0.107154 -0.278848 -0.330478
v 0.114244 -0.279529 -0.334360
v 0.121398 -0.279762 -0.338102
v 0.143065 -0.279825 -0.311812
v 0.149332 -0.279886 -0.276315
v 0.145860 -0.279946 -0.240819
v 0.037410 -0.279720 -0.373170
v 0.072607 -0.279727 -0.369620
v 0.103375 -0.279743 -0.359986
v 0.177446 -0.281779 -0.175577
v 0.159300 -0.283198 -0.192731
v 0.153082 -0.285828 -0.198926
v 0.152984 -0.307787 -0.354944
v 0.151548 -0.302526 -0.354647
v 0.149596 -0.295983 -0.354096
v 0.043368 -0.289814 -0.391486
v 0.084170 -0.289821 -0.387272
v 0.119838 -0.289841 -0.375836
v 0.165850 -0.289938 -0.318656
v 0.173115 -0.290010 -0.276523
v 0.169090 -0.290082 -0.234391
v 0.562855 -0.286198 0.178983
v 0.565031 -0.289413 0.180666
v 0.565630 -0.292678 0.181168
v 0.542814 -0.284833 -0.461126
v 0.544912 -0.288043 -0.462960
v 0.545487 -0.291308 -0.463521
v 0.159955 -0.293772 -0.621929
v 0.310444 -0.293809 -0.604310
v 0.442000 -0.293911 -0.556487
v 0.611709 -0.294418 -0.317371
v 0.638508 -0.294792 -0.141180
v 0.623665 -0.295166 0.035010
v 0.553224 -0.302719 0.174118
v 0.548135 -0.305048 0.171210
v 0.543180 -0.308243 0.168376
v 0.533491 -0.301391 -0.456465
v 0.528590 -0.303730 -0.453576
v 0.523822 -0.306932 -0.450768
v 0.583376 -0.311486 -0.309240
v 0.608934 -0.311843 -0.141210
v 0.594779 -0.312200 0.026821
v 0.564507 -0.297435 0.180550
v 0.563158 -0.298775 0.179783
v 0.560977 -0.299862 0.178542
v 0.544389 -0.296073 -0.462904
v 0.543078 -0.297420 -0.462127
v 0.540968 -0.298515 -0.460878
v 0.603466 -0.300030 -0.314987
v 0.629913 -0.300396 -0.141168
v 0.615279 -0.300761 0.032651
v 0.157795 -0.299398 -0.615446
v 0.306252 -0.299435 -0.598064
v 0.436034 -0.299534 -0.550884
v 0.536484 -0.317857 0.164537
v 0.535089 -0.323823 0.163731
v 0.534522 -0.329745 0.163397
v 0.151211 -0.333363 -0.595717
v 0.293473 -0.333399 -0.579062
v 0.417836 -0.333495 -0.533853
v 0.198075 2.009915 -0.001208
v 0.125762 2.009915 -0.001208
v 0.060995 2.009915 -0.001208
v 0.196501 1.984842 -0.092795
v 0.124763 1.984842 -0.092795
v 0.060510 1.984842 -0.092795
v 0.192652 1.966874 -0.000454
v 0.122318 1.966874 -0.000454
v 0.059324 1.966874 -0.000454
v 0.191296 1.951827 -0.015237
v 0.121458 1.951827 -0.015237
v 0.058907 1.951827 -0.015237
v 0.184782 1.837458 -0.167474
v 0.117322 1.837458 -0.167478
v 0.056901 1.837458 -0.167479
v 0.191296 1.956114 -0.011288
v 0.121458 1.956114 -0.011288
v 0.058907 1.956114 -0.011288
v 0.191296 1.956114 -0.003866
v 0.121458 1.956114 -0.003866
v 0.058907 1.956114 -0.003866
v 0.198788 0.021419 -0.015825
v 0.126139 0.021458 -0.015835
v 0.061154 0.021473 -0.015838
v 0.181852 0.187603 -0.220272
v 0.115461 0.187920 -0.221262
v 0.055999 0.188037 -0.221627
v 0.181852 1.756507 -0.189098
v 0.115461 1.756512 -0.189125
v 0.055999 1.756514 -0.189136
v -0.066764 0.025515 -0.109448
v -0.047230 0.025186 -0.104576
v -0.024431 0.025064 -0.102781
v -0.082088 -0.277464 -0.341846
v -0.057656 -0.277453 -0.349500
v -0.029707 -0.277448 -0.352320
v -0.086118 -0.277672 -0.208903
v -0.060927 -0.277684 -0.201249
v -0.031518 -0.277688 -0.198429
v 0.068598 -0.033485 -0.129885
v 0.048532 -0.033763 -0.124613
v 0.025106 -0.033865 -0.122671
v 0.077753 -0.222276 -0.194213
v 0.055008 -0.222337 -0.187459
v 0.028456 -0.222360 -0.184970
v -0.074115 -0.221213 -0.311526
v -0.052055 -0.221152 -0.318280
v -0.026821 -0.221129 -0.320768
v 0.181852 0.430121 -0.221922
v 0.115461 0.430476 -0.222791
v 0.055999 0.430606 -0.223112
v 0.181852 1.450811 -0.210375
v 0.115461 1.450885 -0.210588
v 0.055999 1.450912 -0.210667
v 0.181852 0.443049 -0.250380
v 0.115461 0.443401 -0.251374
v 0.055999 0.443530 -0.251741
v 0.181852 0.668067 -0.247567
v 0.115461 0.668356 -0.248363
v 0.055999 0.668462 -0.248656
v 0.181852 0.376477 -0.216662
v 0.115461 0.376833 -0.217088
v 0.055999 0.376965 -0.217245
v 0.086971 0.028466 -0.103858
v 0.061515 0.028096 -0.098487
v 0.031818 0.027959 -0.096509
v -0.083176 0.034889 -0.197139
v -0.058435 0.035259 -0.202510
v -0.030113 0.035395 -0.204489
v 0.116420 -0.281000 -0.186495
v 0.082364 -0.281018 -0.176153
v 0.042608 -0.281024 -0.172342
v 0.382698 -0.280730 0.168903
v 0.270750 -0.280812 0.207097
v 0.140060 -0.280842 0.221168
v 0.174765 -0.281156 -0.109882
v 0.123642 -0.281188 -0.093313
v 0.063960 -0.281200 -0.087209
v 0.121720 -0.291102 -0.182406
v 0.086114 -0.291121 -0.171593
v 0.044547 -0.291127 -0.167609
v 0.108450 -0.280029 -0.192645
v 0.076725 -0.280045 -0.183010
v 0.039690 -0.280051 -0.179461
v 0.125721 -0.290180 -0.177211
v 0.088945 -0.290200 -0.165775
v 0.046012 -0.290207 -0.161561
v 0.463710 -0.295674 0.274126
v 0.328064 -0.295775 0.321950
v 0.169709 -0.295813 0.339569
v 0.442233 -0.312683 0.254862
v 0.312869 -0.312780 0.300470
v 0.161849 -0.312816 0.317273
v 0.457484 -0.301257 0.268548
v 0.323661 -0.301357 0.315728
v 0.167432 -0.301393 0.333109
v 0.438349 -0.335166 0.251343
v 0.310121 -0.335263 0.296551
v 0.160427 -0.335298 0.313207
v 0.000000 -0.318182 0.317417
v 0.000000 -0.324147 0.316214
v 0.000000 -0.330070 0.315718
v 0.000000 -0.316232 -0.599863
v 0.000000 -0.322200 -0.598685
v 0.000000 -0.328124 -0.598211
v 0.000000 -0.295732 -0.623768
v 0.000000 -0.297081 -0.622605
v 0.000000 -0.298179 -0.620733
v 0.000000 -0.297775 0.341413
v 0.000000 -0.299113 0.340260
v 0.000000 -0.300198 0.338397
v 0.000000 -0.303051 0.331764
v 0.000000 -0.305378 0.327406
v 0.000000 -0.308570 0.323162
v 0.000000 -0.301060 -0.614110
v 0.000000 -0.303400 -0.609772
v 0.000000 -0.306605 -0.605554
v 0.000000 -0.286539 0.339010
v 0.000000 -0.289755 0.341573
v 0.000000 -0.293021 0.342340
v 0.000000 -0.284492 -0.621153
v 0.000000 -0.287700 -0.623866
v 0.000000 -0.290965 -0.624693
v 0.000000 -0.307720 -0.394220
v 0.000000 -0.302459 -0.393751
v 0.000000 -0.295917 -0.392902
v 0.000000 -0.308123 -0.158567
v 0.000000 -0.302860 -0.159125
v 0.000000 -0.296315 -0.160067
v -0.000000 -0.278803 -0.357758
v -0.000000 -0.279480 -0.363441
v 0.000000 -0.279709 -0.369003
v 0.000000 -0.279072 -0.194079
v 0.000000 -0.279775 -0.188955
v 0.000000 -0.280025 -0.183598
v 0.000000 -0.282012 -0.171029
v 0.000000 -0.283762 -0.170079
v 0.000000 -0.286669 -0.168799
v 0.000000 -0.281652 -0.381602
v 0.000000 -0.283399 -0.382552
v 0.000000 -0.286302 -0.383832
v -0.000000 -0.337404 -0.595675
v 0.000000 -0.340354 -0.578994
v -0.000000 -0.342446 -0.533779
v -0.000000 -0.339339 0.313151
v 0.000000 -0.342217 0.296459
v -0.000000 -0.344117 0.251237
v 0.000000 -0.345674 0.025237
v -0.000000 -0.345570 -0.141275
v -0.000000 -0.344965 -0.307786
v 0.000000 -0.285894 -0.160292
v 0.000000 -0.283269 -0.152238
v -0.000000 -0.281862 -0.129888
v 0.000000 -0.285497 -0.392097
v 0.000000 -0.282845 -0.395196
v 0.000000 -0.281364 -0.404021
v 0.000000 -0.280020 -0.448184
v 0.000000 -0.279631 -0.481522
v 0.000000 -0.279365 -0.516586
v 0.000000 -0.280884 -0.018033
v 0.000000 -0.280769 0.065144
v 0.000000 -0.280781 0.149959
v 0.000000 -0.280948 0.274668
v 0.000000 -0.281304 0.306700
v 0.000000 -0.282193 0.324646
v 0.000000 -0.279119 -0.574290
v 0.000000 -0.279369 -0.593300
v 0.000000 -0.280196 -0.606781
v 0.000000 -0.280061 -0.175736
v 0.000000 -0.280166 -0.173752
v 0.000000 -0.280457 -0.172580
v 0.000000 -0.279717 -0.376894
v 0.000000 -0.279815 -0.378878
v 0.000000 -0.280102 -0.380050
v 0.000000 -0.296809 -0.387876
v 0.000000 -0.303143 -0.390329
v 0.000000 -0.308089 -0.392486
v 0.000000 -0.297191 -0.164755
v 0.000000 -0.303532 -0.162312
v 0.000000 -0.308486 -0.160179
v 0.000000 0.045648 -0.216183
v 0.000000 0.038782 -0.212258
v 0.000000 0.036042 -0.208244
v -0.000000 0.026934 -0.083910
v -0.000000 0.027306 -0.088460
v -0.000000 0.027653 -0.092715
v 0.000000 0.237938 -0.220680
v 0.000000 0.289593 -0.219486
v 0.000000 0.337712 -0.218286
v -0.000000 0.309610 -0.015825
v 0.000000 0.260357 -0.015825
v 0.000000 0.213324 -0.015825
v 0.000000 0.455286 -0.255467
v 0.000000 0.486283 -0.256200
v 0.000000 0.552145 -0.253957
v 0.000000 0.843079 -0.240606
v 0.000000 1.052514 -0.230728
v 0.000000 1.265540 -0.220330
v 0.000000 0.403525 -0.216688
v 0.000000 0.419152 -0.217077
v 0.000000 0.427105 -0.219034
v -0.000000 -0.072618 -0.250115
v -0.000000 -0.125036 -0.275181
v -0.000000 -0.177286 -0.300170
v -0.000000 -0.077240 -0.136708
v -0.000000 -0.128461 -0.153616
v -0.000000 -0.179511 -0.170469
v -0.000000 0.027969 -0.202444
v -0.000000 0.019247 -0.206399
v -0.000000 0.001758 -0.214635
v -0.000000 0.021345 -0.103988
v -0.000000 0.012729 -0.106956
v -0.000000 -0.004460 -0.112675
v -0.000000 -0.250963 -0.193980
v -0.000000 -0.267164 -0.198798
v 0.000000 -0.274796 -0.199877
v -0.000000 0.028087 -0.098681
v -0.000000 0.027847 -0.100308
v -0.000000 0.026931 -0.101468
v -0.000000 0.035163 -0.202349
v -0.000000 0.034679 -0.200987
v -0.000000 0.033634 -0.200572
v -0.000000 -0.250344 -0.335135
v -0.000000 -0.266845 -0.343504
v -0.000000 -0.274568 -0.348582
v 0.000000 1.725075 -0.192230
v 0.000000 1.671925 -0.196712
v 0.000000 1.584670 -0.202793
v 0.000000 0.432615 -0.229711
v 0.000000 0.434625 -0.237613
v -0.000000 0.437865 -0.245446
v -0.000000 1.468230 -0.015825
v 0.000000 1.199240 -0.015825
v 0.000000 0.928243 -0.015825
v 0.000000 0.079442 -0.221383
v 0.000000 0.108117 -0.222269
v 0.000000 0.144410 -0.222287
v -0.000000 0.148081 -0.015816
v 0.000000 0.132572 -0.015752
v 0.000000 0.124684 -0.015577
v 0.000000 0.027493 -0.002456
v 0.000000 0.022791 -0.004850
v 0.000000 0.021264 -0.009080
v 0.000000 2.016135 -0.002453
v 0.000000 2.019330 -0.004826
v 0.000000 2.020507 -0.009001
v 0.000000 1.960653 -0.000891
v 0.000000 1.957459 -0.001562
v 0.000000 1.956282 -0.002533
v 0.000000 0.110850 -0.000891
v 0.000000 0.115745 -0.001562
v 0.000000 0.117615 -0.002533
v 0.000000 0.118010 -0.005584
v 0.000000 0.118039 -0.007527
v 0.000000 0.118049 -0.009496
v 0.000000 1.956114 -0.005584
v 0.000000 1.956114 -0.007527
v 0.000000 1.956114 -0.009496
v 0.000000 0.024018 -0.048173
v 0.000000 0.023095 -0.036737
v 0.000000 0.022202 -0.025446
v 0.000000 2.000164 -0.000517
v 0.000000 1.988394 -0.000208
v 0.000000 1.976625 -0.000211
v 0.000000 1.952305 -0.110384
v 0.000000 1.912670 -0.130840
v 0.000000 1.872275 -0.150945
v 0.000000 2.020115 -0.064847
v 0.000000 2.016196 -0.071811
v 0.000000 2.005558 -0.080381
v 0.000000 0.051430 -0.000517
v 0.000000 0.069086 -0.000208
v 0.000000 0.086760 -0.000211
v -0.000000 1.944141 -0.015577
v 0.000000 1.912844 -0.015752
v 0.000000 1.835934 -0.015816
v 0.000000 1.956047 -0.012744
v 0.000000 1.955578 -0.013861
v 0.000000 1.954305 -0.014679
v 0.000000 0.118100 -0.012744
v 0.000000 0.118444 -0.013861
v 0.000000 0.119378 -0.014679
v 0.000000 1.777454 -0.186930
v 0.000000 1.794386 -0.183913
v 0.000000 1.812618 -0.178094
v 1.278840 0.036808 -0.001208
v 1.396406 0.036808 -0.001208
v 1.501640 0.036808 -0.001208
v 1.268348 0.023085 -0.091337
v 1.385051 0.023085 -0.091337
v 1.489538 0.023085 -0.091337
v 1.275875 0.101436 -0.000454
v 1.383266 0.101436 -0.000454
v 1.477025 0.101436 -0.000454
v 1.275134 0.121198 -0.015237
v 1.379981 0.121198 -0.015237
v 1.470872 0.121197 -0.015237
v 1.220502 0.047355 -0.161562
v 1.324311 0.045666 -0.161099
v 1.415206 0.044099 -0.160726
v 1.682521 2.008002 -0.001208
v 1.670352 2.009348 -0.001208
v 1.643733 2.009844 -0.001208
v 1.669405 1.982946 -0.091371
v 1.657584 1.984280 -0.091407
v 1.631625 1.984772 -0.091477
v 1.636449 1.965045 -0.000454
v 1.624614 1.966332 -0.000454
v 1.598723 1.966806 -0.000454
v 1.624232 1.950667 -0.015078
v 1.612965 1.951460 -0.015186
v 1.587444 1.951781 -0.015230
v 1.577096 1.845982 -0.155789
v 1.562753 1.840155 -0.159050
v 1.538432 1.837791 -0.160644
v 1.275134 0.118051 -0.011288
v 1.379981 0.118051 -0.011288
v 1.470872 0.118051 -0.011288
v 1.624932 1.954305 -0.011288
v 1.613179 1.955578 -0.011288
v 1.587471 1.956047 -0.011288
v 1.624932 1.954305 -0.003866
v 1.613179 1.955578 -0.003866
v 1.587471 1.956047 -0.003866
v 1.275134 0.117954 -0.003867
v 1.379981 0.117954 -0.003867
v 1.470872 0.117954 -0.003867
v 1.329365 2.020675 -0.015652
v 1.438671 2.020675 -0.015652
v 1.533427 2.020675 -0.015652
v 1.693827 0.022094 -0.015652
v 1.680092 0.021095 -0.015652
v 1.649265 0.020727 -0.015652
v 1.555969 0.118155 -0.169910
v 1.537299 0.121227 -0.175121
v 1.509152 0.124167 -0.177532
v 1.275134 0.174433 -0.015825
v 1.379981 0.174433 -0.015825
v 1.470872 0.174433 -0.015825
v 1.556750 1.572104 -0.170013
v 1.539423 1.563857 -0.175273
v 1.514286 1.561048 -0.177714
v 1.275134 1.691407 -0.015825
v 1.379981 1.691407 -0.015825
v 1.470872 1.691407 -0.015825
v 1.556338 0.312141 -0.170077
v 1.536713 0.316713 -0.175584
v 1.504695 0.322477 -0.178699
v 1.275134 0.699045 -0.015825
v 1.379981 0.699045 -0.015825
v 1.470872 0.699045 -0.015825
v 1.556614 0.640715 -0.170110
v 1.538317 0.641706 -0.175648
v 1.510548 0.643382 -0.178785
v 1.541448 0.309610 -0.015825
v 1.541448 0.260357 -0.015825
v 1.541448 0.213324 -0.015825
v 1.455473 0.370925 -0.181430
v 1.460563 0.419159 -0.181477
v 1.462794 0.503789 -0.181544
v 1.462066 0.172883 -0.179428
v 1.460366 0.224676 -0.180020
v 1.455489 0.278724 -0.180685
v 1.358044 0.326403 -0.185103
v 1.271089 0.327719 -0.188635
v 1.174486 0.333443 -0.192408
v 1.541448 1.468230 -0.015825
v 1.541448 1.199240 -0.015825
v 1.541448 0.928243 -0.015825
v 1.466355 0.857473 -0.180996
v 1.468781 1.107280 -0.180351
v 1.471197 1.355289 -0.179647
v 1.541448 0.148081 -0.015816
v 1.541448 0.132572 -0.015752
v 1.541448 0.124684 -0.015577
v 1.473318 0.054051 -0.170413
v 1.466382 0.070472 -0.175775
v 1.463447 0.094411 -0.178078
v 1.589791 0.027481 -0.002453
v 1.592364 0.022691 -0.004826
v 1.593311 0.020927 -0.009001
v 1.602395 2.016135 -0.002453
v 1.605639 2.019330 -0.004826
v 1.606834 2.020507 -0.009001
v 1.545104 0.110850 -0.000891
v 1.542531 0.115745 -0.001562
v 1.541583 0.117615 -0.002533
v 1.546058 1.960653 -0.000891
v 1.542814 1.957459 -0.001562
v 1.541619 1.956282 -0.002533
v 1.541448 1.956114 -0.005584
v 1.541448 1.956114 -0.007527
v 1.541448 1.956114 -0.009496
v 1.541448 0.118010 -0.005584
v 1.541448 0.118039 -0.007527
v 1.541448 0.118049 -0.009496
v 1.565193 1.952305 -0.108090
v 1.541203 1.912670 -0.127224
v 1.517212 1.872273 -0.145993
v 1.606662 2.020115 -0.064828
v 1.604263 2.016196 -0.071661
v 1.597751 2.005558 -0.079873
v 1.576926 0.051430 -0.000517
v 1.567448 0.069086 -0.000208
v 1.557968 0.086760 -0.000211
v 1.541448 0.118100 -0.012744
v 1.541448 0.118444 -0.013861
v 1.541448 0.119378 -0.014679
v 1.552741 0.025427 -0.107610
v 1.529330 0.029169 -0.126500
v 1.505818 0.034806 -0.145087
v 1.474813 1.695009 -0.178384
v 1.477866 1.769950 -0.176328
v 1.484619 1.809557 -0.171218
v 1.541448 1.956047 -0.012744
v 1.541448 1.955578 -0.013861
v 1.541448 1.954305 -0.014679
v 1.541448 1.944141 -0.015577
v 1.541448 1.912844 -0.015752
v 1.541448 1.835934 -0.015816
v 1.593113 0.020712 -0.064824
v 1.590778 0.020976 -0.071629
v 1.584440 0.021692 -0.079766
v 1.586177 2.000164 -0.000517
v 1.574227 1.988394 -0.000208
v 1.562276 1.976625 -0.000211
v 1.162690 0.309610 -0.015825
v 1.162690 0.260357 -0.015825
v 1.162690 0.213324 -0.015825
v 0.272065 0.544183 -0.015825
v 0.272065 0.451121 -0.015825
v 0.272065 0.396050 -0.015825
v 0.699595 0.544183 -0.015825
v 0.699595 0.451121 -0.015825
v 0.699595 0.396050 -0.015825
v 1.701814 0.463790 -0.015652
v 1.701814 0.361888 -0.015652
v 1.701814 0.302712 -0.015652
v 1.654116 0.277817 -0.107607
v 1.626503 0.287878 -0.126474
v 1.598433 0.297978 -0.145001
v 0.816143 0.355164 -0.015825
v 0.932381 0.355164 -0.015825
v 1.048000 0.355164 -0.015825
v 1.696932 0.266988 -0.002453
v 1.700367 0.262295 -0.004826
v 1.701633 0.260566 -0.009001
v 1.632338 0.355164 -0.012744
v 1.631976 0.355164 -0.013861
v 1.630996 0.355164 -0.014679
v 1.679757 0.290452 -0.000517
v 1.667102 0.307741 -0.000208
v 1.654446 0.325031 -0.000211
v 1.637270 0.348495 -0.000891
v 1.633836 0.353188 -0.001562
v 1.632570 0.354917 -0.002533
v 1.676812 0.311715 -0.091337
v 1.676812 0.369869 -0.091337
v 1.676812 0.469322 -0.091337
v 1.643960 0.380493 -0.000454
v 1.643960 0.436249 -0.000454
v 1.643960 0.530784 -0.000454
v 1.629087 0.396050 -0.015237
v 1.629087 0.451121 -0.015237
v 1.629087 0.544183 -0.015237
v 1.690243 0.133196 -0.001208
v 1.690243 0.180399 -0.001208
v 1.690243 0.229979 -0.001208
v 1.574166 0.157011 -0.160193
v 1.574247 0.207478 -0.160212
v 1.574314 0.259246 -0.160231
v 1.632389 0.213324 -0.011288
v 1.632389 0.260357 -0.011288
v 1.632389 0.309611 -0.011288
v 1.632389 0.213317 -0.003867
v 1.632389 0.260355 -0.003867
v 1.632389 0.309610 -0.003867
v -0.000000 0.544183 -0.015825
v 0.000000 0.451121 -0.015825
v 0.000000 0.396050 -0.015825
v 1.275134 0.355164 -0.015825
v 1.379981 0.355164 -0.015825
v 1.470872 0.355164 -0.015825
v 1.541448 0.544183 -0.015825
v 1.541448 0.451121 -0.015825
v 1.541448 0.396050 -0.015825
v 1.698371 0.024039 -0.025091
v 1.698371 0.024039 -0.036174
v 1.698371 0.024039 -0.047395
v 0.715454 0.020929 -0.025150
v 0.715258 0.021078 -0.036268
v 0.715055 0.021232 -0.047524
v 1.157906 0.020675 -0.025091
v 1.157906 0.020675 -0.036174
v 1.157906 0.020675 -0.047395
v 1.212139 2.020675 -0.025091
v 1.212139 2.020675 -0.036174
v 1.212139 2.020675 -0.047395
v 0.729349 2.020675 -0.025091
v 0.729349 2.020675 -0.036174
v 0.729349 2.020675 -0.047395
v 0.283636 2.020675 -0.025091
v 0.283636 2.020675 -0.036174
v 0.283636 2.020675 -0.047395
v 0.269104 0.025877 -0.080559
v 0.276276 0.025187 -0.072495
v 0.279086 0.024674 -0.065731
v 1.687897 2.001012 -0.079772
v 1.695268 2.011624 -0.071631
v 1.697983 2.015533 -0.064824
v 1.701814 0.078143 -0.025091
v 1.701814 0.078143 -0.036174
v 1.701814 0.078143 -0.047395
v 1.701814 1.729241 -0.025091
v 1.701814 1.729241 -0.036174
v 1.701814 1.729241 -0.047395
v 1.701814 0.634361 -0.025091
v 1.701814 0.634361 -0.036174
v 1.701814 0.634361 -0.047395
v 1.701814 0.260319 -0.025091
v 1.701814 0.260319 -0.036174
v 1.701814 0.260319 -0.047395
v 0.000000 0.026247 -0.075495
v 0.000000 0.025896 -0.071194
v 0.000000 0.025450 -0.065729
v 0.000000 2.020675 -0.025091
v 0.000000 2.020675 -0.036174
v 0.000000 2.020675 -0.047395
v 1.607005 2.020675 -0.025091
v 1.607005 2.020675 -0.036174
v 1.607005 2.020675 -0.047395
v 1.593447 0.020675 -0.025091
v 1.593447 0.020675 -0.036174
v 1.593447 0.020675 -0.047395
v 1.507794 0.020675 -0.057246
v 1.399691 0.020675 -0.057246
v 1.279581 0.020675 -0.057246
v 1.654985 2.020603 -0.057246
v 1.681787 2.020102 -0.057246
v 1.694039 2.018742 -0.057246
v 0.061412 2.020675 -0.057246
v 0.126623 2.020675 -0.057246
v 0.199431 2.020675 -0.057246
v 0.060067 0.024825 -0.058212
v 0.124104 0.024750 -0.058194
v 0.196082 0.024544 -0.058147
v 1.701814 0.214052 -0.057246
v 1.701814 0.164410 -0.057246
v 1.701814 0.117179 -0.057246
v 1.701814 0.463790 -0.057246
v 1.701814 0.361888 -0.057246
v 1.701814 0.302712 -0.057246
v 1.701814 1.482992 -0.057246
v 1.701814 1.186164 -0.057246
v 1.701814 0.887155 -0.057246
v 1.701760 0.051594 -0.057246
v 1.701383 0.035847 -0.057246
v 1.700361 0.027722 -0.057246
v 0.378193 0.023514 -0.057907
v 0.486969 0.022756 -0.057730
v 0.600972 0.021997 -0.057554
v 0.381768 2.020675 -0.057246
v 0.491297 2.020675 -0.057246
v 0.608424 2.020675 -0.057246
v 0.850853 2.020675 -0.057246
v 0.972035 2.020675 -0.057246
v 1.092571 2.020675 -0.057246
v 1.329365 2.020675 -0.057246
v 1.438671 2.020675 -0.057246
v 1.533427 2.020675 -0.057246
v 1.042773 0.020686 -0.057249
v 0.932940 0.020761 -0.057266
v 0.824833 0.020967 -0.057314
v 1.700361 2.007743 -0.057246
v 1.701383 1.973361 -0.057246
v 1.701760 1.888632 -0.057246
v 1.693827 0.022094 -0.057246
v 1.680092 0.021095 -0.057246
v 1.649265 0.020727 -0.057246
v -1.638966 0.036860 -0.001208
v -1.668940 0.037226 -0.001208
v -1.682345 0.038218 -0.001208
v -1.690189 1.879849 -0.001208
v -1.689816 1.963275 -0.001208
v -1.688801 1.997143 -0.001208
v -1.625905 0.023151 -0.091337
v -1.655667 0.023612 -0.091337
v -1.668975 0.024864 -0.091337
v -1.676761 1.856201 -0.091337
v -1.676403 1.938693 -0.091339
v -1.675433 1.972190 -0.091344
v -1.698191 2.015925 -0.009001
v -1.696928 2.014753 -0.004826
v -1.693500 2.011573 -0.002453
v -1.697981 0.024090 -0.064824
v -1.695252 0.024446 -0.071629
v -1.687845 0.025415 -0.079766
v -1.597770 0.101487 -0.000454
v -1.624331 0.101842 -0.000454
v -1.636414 0.102806 -0.000454
v -1.643908 1.844717 -0.000454
v -1.643544 1.922930 -0.000454
v -1.642557 1.954741 -0.000454
v -1.676359 1.995674 -0.000517
v -1.663729 1.983959 -0.000208
v -1.651099 1.972244 -0.000211
v -1.651099 0.090035 -0.000211
v -1.663729 0.072387 -0.000208
v -1.676359 0.054755 -0.000517
v -1.587444 0.121231 -0.015230
v -1.612965 0.121467 -0.015186
v -1.624232 0.122049 -0.015078
v -1.629052 1.835899 -0.015230
v -1.628804 1.912566 -0.015186
v -1.628194 1.943232 -0.015078
v -1.629052 0.121231 -0.012739
v -1.628804 0.121467 -0.013823
v -1.628194 0.122049 -0.014554
v -1.629267 1.951994 -0.002533
v -1.630531 1.953166 -0.001562
v -1.633959 1.956346 -0.000891
v -1.532616 0.042044 -0.160097
v -1.560006 0.041863 -0.158751
v -1.575788 0.042332 -0.155623
v -1.574650 1.726838 -0.160047
v -1.576308 1.802825 -0.158796
v -1.580395 1.838796 -0.155715
v -1.601357 1.876241 -0.141498
v -1.625298 1.910827 -0.125432
v -1.651221 1.948199 -0.107501
v -1.650978 0.030326 -0.107470
v -1.624883 0.034369 -0.125378
v -1.600721 0.039072 -0.141414
v -0.060995 0.036808 -0.001208
v -0.125762 0.036808 -0.001208
v -0.198075 0.036808 -0.001208
v -0.378996 0.036808 -0.001208
v -0.486545 0.036808 -0.001208
v -0.599520 0.036808 -0.001208
v -0.823707 0.036808 -0.001208
v -0.932943 0.036808 -0.001208
v -1.043656 0.036808 -0.001208
v -1.523001 2.009915 -0.001208
v -1.428889 2.009915 -0.001208
v -1.320326 2.009915 -0.001208
v -1.085142 2.009915 -0.001208
v -0.965426 2.009915 -0.001208
v -0.845068 2.009915 -0.001208
v -0.604287 2.009915 -0.001208
v -0.487957 2.009915 -0.001208
v -0.379173 2.009915 -0.001208
v -0.816560 0.023432 -0.091954
v -0.925143 0.023188 -0.091520
v -1.035017 0.023098 -0.091360
v -1.513581 1.984842 -0.091760
v -1.421275 1.984842 -0.091961
v -1.314389 1.984842 -0.092169
v -1.080891 1.984842 -0.092506
v -0.961151 1.984842 -0.092615
v -0.840579 1.984842 -0.092692
v -0.599981 1.984842 -0.092772
v -0.484227 1.984842 -0.092788
v -0.376178 1.984842 -0.092794
v -0.059324 0.101436 -0.000454
v -0.122318 0.101436 -0.000454
v -0.192652 0.101436 -0.000454
v -0.368755 0.101436 -0.000454
v -0.474313 0.101436 -0.000454
v -0.586787 0.101436 -0.000454
v -0.817656 0.101436 -0.000454
v -0.932493 0.101436 -0.000454
v -1.047131 0.101436 -0.000454
v -1.481297 1.966874 -0.000454
v -1.389762 1.966874 -0.000454
v -1.284173 1.966874 -0.000454
v -1.055428 1.966874 -0.000454
v -0.938990 1.966874 -0.000454
v -0.821928 1.966874 -0.000454
v -0.587740 1.966874 -0.000454
v -0.474596 1.966874 -0.000454
v -0.368790 1.966874 -0.000454
v -0.058907 0.121197 -0.015237
v -0.121458 0.121198 -0.015237
v -0.191296 0.121198 -0.015237
v -0.366194 0.121197 -0.015237
v -0.471255 0.121197 -0.015237
v -0.583603 0.121197 -0.015237
v -0.816143 0.121197 -0.015237
v -0.932381 0.121197 -0.015237
v -1.048000 0.121197 -0.015237
v -1.470872 1.951827 -0.015237
v -1.379981 1.951827 -0.015237
v -1.275134 1.951827 -0.015237
v -1.048000 1.951827 -0.015237
v -0.932381 1.951827 -0.015237
v -0.816143 1.951827 -0.015237
v -0.583603 1.951827 -0.015237
v -0.471255 1.951827 -0.015237
v -0.366194 1.951827 -0.015237
v -0.050924 0.058555 -0.219136
v -0.104168 0.057842 -0.217384
v -0.162776 0.055840 -0.212391
v -0.346607 0.054032 -0.190578
v -0.452480 0.054827 -0.182507
v -0.561810 0.054535 -0.175503
v -0.782422 0.052716 -0.166285
v -0.891731 0.051635 -0.164042
v -1.000995 0.050407 -0.162805
v -1.434194 1.837454 -0.162238
v -1.351691 1.837454 -0.163243
v -1.254487 1.837454 -0.164282
v -1.034172 1.837454 -0.165967
v -0.917618 1.837454 -0.166515
v -0.799481 1.837454 -0.166901
v -0.566212 1.837455 -0.167322
v -0.455943 1.837456 -0.167413
v -0.353817 1.837457 -0.167454
v -0.698808 0.026329 -0.110252
v -0.689690 0.031101 -0.130845
v -0.680423 0.039723 -0.151715
v -1.141139 0.025523 -0.107636
v -1.131192 0.029938 -0.126707
v -1.120636 0.037400 -0.145786
v -0.258699 1.777446 -0.186869
v -0.259154 1.794382 -0.183875
v -0.260392 1.812616 -0.178072
v -0.669796 1.777397 -0.186370
v -0.672576 1.794363 -0.183432
v -0.676048 1.812609 -0.177693
v -1.126746 1.725349 -0.184416
v -1.133715 1.779494 -0.181237
v -1.139472 1.810750 -0.175538
v -1.162690 0.118100 -0.012744
v -1.162690 0.118444 -0.013861
v -1.162690 0.119378 -0.014679
v -0.699595 0.118100 -0.012744
v -0.699595 0.118444 -0.013861
v -0.699595 0.119378 -0.014679
v -0.272065 0.118100 -0.012744
v -0.272065 0.118444 -0.013861
v -0.272065 0.119378 -0.014679
v -0.272065 1.956047 -0.012744
v -0.272065 1.955578 -0.013861
v -0.272065 1.954305 -0.014679
v -0.699595 1.956047 -0.012744
v -0.699595 1.955578 -0.013861
v -0.699595 1.954305 -0.014679
v -1.162690 1.956047 -0.012744
v -1.162690 1.955578 -0.013861
v -1.162690 1.954305 -0.014679
v -0.272065 0.148081 -0.015816
v -0.272065 0.132572 -0.015752
v -0.272065 0.124684 -0.015577
v -0.699595 0.148081 -0.015816
v -0.699595 0.132572 -0.015752
v -0.699595 0.124684 -0.015577
v -1.162690 0.148081 -0.015816
v -1.162690 0.132572 -0.015752
v -1.162690 0.124684 -0.015577
v -1.159426 0.051430 -0.000517
v -1.160298 0.069086 -0.000208
v -1.161170 0.086760 -0.000211
v -0.710645 0.051430 -0.000517
v -0.707693 0.069086 -0.000208
v -0.704741 0.086760 -0.000211
v -0.279959 0.051430 -0.000517
v -0.277850 0.069086 -0.000208
v -0.275741 0.086760 -0.000211
v -0.714612 0.021506 -0.065028
v -0.713619 0.021826 -0.071986
v -0.711113 0.022553 -0.080502
v -1.157769 0.020712 -0.064824
v -1.156810 0.020976 -0.071629
v -1.154207 0.021692 -0.079766
v -1.211936 2.020115 -0.064840
v -1.210516 2.016196 -0.071757
v -1.206663 2.005558 -0.080196
v -0.729200 2.020115 -0.064846
v -0.728156 2.016196 -0.071805
v -0.725324 2.005558 -0.080358
v -0.283570 2.020115 -0.064847
v -0.283115 2.016196 -0.071811
v -0.281878 2.005558 -0.080381
v -1.187399 1.952305 -0.109549
v -1.173204 1.912669 -0.129519
v -1.159009 1.872273 -0.149126
v -0.711165 1.952305 -0.110283
v -0.700732 1.912670 -0.130675
v -0.690299 1.872273 -0.150706
v -0.275692 1.952305 -0.110384
v -0.271135 1.912670 -0.130839
v -0.266577 1.872274 -0.150940
v -0.279959 2.000163 -0.000517
v -0.277850 1.988394 -0.000208
v -0.275741 1.976625 -0.000211
v -0.719896 2.000163 -0.000517
v -0.714472 1.988394 -0.000208
v -0.709048 1.976625 -0.000211
v -1.196429 2.000163 -0.000517
v -1.187415 1.988394 -0.000208
v -1.178400 1.976625 -0.000211
v -0.365662 0.026422 -0.095680
v -0.477914 0.025545 -0.095237
v -0.592558 0.024653 -0.094064
v -0.054098 0.026582 -0.079708
v -0.110552 0.026627 -0.081070
v -0.172384 0.026759 -0.084936
v -0.267717 0.038849 -0.173860
v -0.278057 0.032694 -0.146674
v -0.274801 0.029193 -0.119732
v -0.280692 0.023461 -0.048043
v -0.281505 0.022691 -0.036643
v -0.282291 0.021948 -0.025387
v -1.629087 0.121164 -0.005584
v -1.629087 0.121187 -0.007527
v -1.629087 0.121196 -0.009496
v -1.628194 1.950667 -0.014554
v -1.628804 1.951460 -0.013822
v -1.629052 1.951781 -0.012739
v -1.162690 0.118010 -0.005584
v -1.162690 0.118039 -0.007527
v -1.162690 0.118049 -0.009496
v -0.699595 0.118010 -0.005584
v -0.699595 0.118039 -0.007527
v -0.699595 0.118049 -0.009496
v -0.272065 0.118010 -0.005584
v -0.272065 0.118039 -0.007527
v -0.272065 0.118049 -0.009496
v -0.272065 1.956114 -0.005584
v -0.272065 1.956114 -0.007527
v -0.272065 1.956114 -0.009496
v -0.699595 1.956114 -0.005584
v -0.699595 1.956114 -0.007527
v -0.699595 1.956114 -0.009496
v -1.162690 1.956114 -0.005584
v -1.162690 1.956114 -0.007527
v -1.162690 1.956114 -0.009496
v -1.048000 1.956114 -0.011288
v -0.932381 1.956114 -0.011288
v -0.816143 1.956114 -0.011288
v -0.583603 1.956114 -0.011288
v -0.471255 1.956114 -0.011288
v -0.366194 1.956114 -0.011288
v -0.058907 0.118051 -0.011288
v -0.121458 0.118051 -0.011288
v -0.191296 0.118051 -0.011288
v -0.366194 0.118051 -0.011288
v -0.471255 0.118051 -0.011288
v -0.583603 0.118051 -0.011288
v -0.816143 0.118051 -0.011288
v -0.932381 0.118051 -0.011288
v -1.048000 0.118051 -0.011288
v -1.587471 0.118100 -0.011288
v -1.613179 0.118444 -0.011288
v -1.624932 0.119378 -0.011288
v -1.470872 1.956114 -0.011288
v -1.379981 1.956114 -0.011288
v -1.275134 1.956114 -0.011288
v -1.632338 1.835934 -0.011288
v -1.631976 1.912844 -0.011288
v -1.630996 1.944141 -0.011288
v -1.629087 1.951827 -0.009496
v -1.629087 1.951827 -0.007527
v -1.629087 1.951827 -0.005584
v -1.633959 0.114071 -0.000891
v -1.630530 0.118943 -0.001562
v -1.629268 0.120793 -0.002533
v -1.162354 0.110850 -0.000891
v -1.162591 0.115745 -0.001562
v -1.162678 0.117615 -0.002533
v -0.700734 0.110850 -0.000891
v -0.699933 0.115745 -0.001562
v -0.699638 0.117615 -0.002533
v -0.272878 0.110850 -0.000891
v -0.272306 0.115745 -0.001562
v -0.272095 0.117615 -0.002533
v -0.272878 1.960653 -0.000891
v -0.272306 1.957459 -0.001562
v -0.272095 1.956282 -0.002533
v -0.701687 1.960653 -0.000891
v -0.700215 1.957459 -0.001562
v -0.699673 1.956282 -0.002533
v -1.166167 1.960653 -0.000891
v -1.163720 1.957459 -0.001562
v -1.162819 1.956282 -0.002533
v -1.632337 1.835934 -0.003866
v -1.631976 1.912844 -0.003866
v -1.630996 1.944141 -0.003866
v -1.470872 1.956114 -0.003866
v -1.379981 1.956114 -0.003866
v -1.275134 1.956114 -0.003866
v -1.587471 0.118004 -0.003867
v -1.613179 0.118350 -0.003867
v -1.624932 0.119289 -0.003867
v -0.816143 0.117954 -0.003867
v -0.932381 0.117954 -0.003867
v -1.048000 0.117954 -0.003867
v -0.366194 0.117954 -0.003867
v -0.471255 0.117954 -0.003867
v -0.583603 0.117954 -0.003867
v -0.058907 0.117954 -0.003867
v -0.121458 0.117954 -0.003867
v -0.191296 0.117954 -0.003867
v -0.583603 1.956114 -0.003866
v -0.471255 1.956114 -0.003866
v -0.366194 1.956114 -0.003866
v -1.048000 1.956114 -0.003866
v -0.932381 1.956114 -0.003866
v -0.816143 1.956114 -0.003866
v -1.698371 2.016092 -0.047395
v -1.698371 2.016092 -0.036174
v -1.698371 2.016092 -0.025091
v -1.693500 0.030836 -0.002453
v -1.696928 0.026053 -0.004826
v -1.698191 0.024290 -0.009001
v -0.282811 0.027491 -0.002456
v -0.283307 0.022775 -0.004846
v -0.283308 0.021208 -0.009066
v -0.714649 0.027483 -0.002454
v -0.715431 0.022708 -0.004830
v -0.715674 0.020983 -0.009014
v -1.158243 0.027481 -0.002453
v -1.158006 0.022691 -0.004826
v -1.157919 0.020927 -0.009001
v -1.208662 2.016135 -0.002453
v -1.211109 2.019330 -0.004826
v -1.212010 2.020507 -0.009001
v -0.727257 2.016135 -0.002453
v -0.728729 2.019330 -0.004826
v -0.729271 2.020507 -0.009001
v -0.282822 2.016135 -0.002453
v -0.283395 2.019330 -0.004826
v -0.283605 2.020507 -0.009001
v -0.061412 2.020675 -0.015652
v -0.126623 2.020675 -0.015652
v -0.199431 2.020675 -0.015652
v -0.381768 2.020675 -0.015652
v -0.491297 2.020675 -0.015652
v -0.608424 2.020675 -0.015652
v -0.850853 2.020675 -0.015652
v -0.972035 2.020675 -0.015652
v -1.092571 2.020675 -0.015652
v -1.654985 2.020603 -0.015652
v -1.681787 2.020102 -0.015652
v -1.694039 2.018742 -0.015652
v -1.042784 0.020677 -0.015653
v -0.933033 0.020691 -0.015656
v -0.825145 0.020731 -0.015665
v -0.602371 0.020929 -0.015711
v -0.489096 0.021075 -0.015745
v -0.380910 0.021221 -0.015779
v -1.701760 0.051594 -0.015652
v -1.701383 0.035847 -0.015652
v -1.700361 0.027722 -0.015652
v -1.507794 0.020675 -0.015652
v -1.399691 0.020675 -0.015652
v -1.279581 0.020675 -0.015652
v -1.688801 0.043817 -0.001208
v -1.689816 0.051920 -0.001208
v -1.690189 0.067645 -0.001208
v -1.675381 0.031764 -0.091337
v -1.676388 0.040865 -0.091337
v -1.676759 0.057662 -0.091337
v -1.642557 0.108261 -0.000454
v -1.643544 0.116259 -0.000454
v -1.643908 0.131878 -0.000454
v -1.628194 0.125351 -0.015078
v -1.628804 0.132776 -0.015186
v -1.629052 0.148107 -0.015230
v -1.579689 0.049043 -0.155619
v -1.575749 0.061405 -0.158717
v -1.574213 0.082188 -0.159981
v -0.251874 0.076217 -0.210887
v -0.256715 0.106585 -0.215780
v -0.258394 0.143384 -0.217852
v -0.666949 0.074302 -0.183502
v -0.663568 0.101950 -0.192694
v -0.661690 0.136834 -0.198711
v -1.102782 0.065751 -0.173590
v -1.096528 0.088736 -0.180894
v -1.091754 0.118961 -0.185364
v -0.272065 0.309610 -0.015825
v -0.272065 0.260357 -0.015825
v -0.272065 0.213324 -0.015825
v -0.699595 0.309610 -0.015825
v -0.699595 0.260357 -0.015825
v -0.699595 0.213324 -0.015825
v -1.630996 0.124684 -0.011288
v -1.631976 0.132572 -0.011288
v -1.632338 0.148081 -0.011288
v -1.630996 0.124619 -0.003867
v -1.631976 0.132524 -0.003867
v -1.632338 0.148051 -0.003867
v -1.701814 0.214052 -0.015652
v -1.701814 0.164410 -0.015652
v -1.701814 0.117179 -0.015652
v -1.696932 0.084906 -0.002453
v -1.700367 0.080147 -0.004826
v -1.701633 0.078393 -0.009001
v -1.637271 0.167603 -0.000891
v -1.633836 0.172381 -0.001562
v -1.632570 0.174152 -0.002533
v -1.632389 0.174426 -0.005584
v -1.632389 0.174431 -0.007527
v -1.632389 0.174433 -0.009496
v -0.816143 0.174433 -0.015825
v -0.932381 0.174433 -0.015825
v -1.048000 0.174433 -0.015825
v -0.366194 0.174433 -0.015825
v -0.471255 0.174433 -0.015825
v -0.583603 0.174433 -0.015825
v -0.058907 0.174433 -0.015825
v -0.121458 0.174433 -0.015825
v -0.191296 0.174433 -0.015825
v -0.980339 0.164378 -0.191516
v -0.873799 0.170284 -0.194934
v -0.767570 0.175198 -0.198644
v -0.552943 0.182177 -0.207050
v -0.447442 0.184404 -0.211384
v -0.348048 0.185962 -0.215285
v -1.654111 0.091621 -0.107605
v -1.626467 0.099379 -0.126466
v -1.598311 0.107186 -0.144971
v -1.391479 0.134153 -0.180545
v -1.300433 0.141576 -0.182758
v -1.196864 0.149620 -0.185395
v -1.587471 0.174433 -0.015816
v -1.613179 0.174433 -0.015752
v -1.624932 0.174433 -0.015577
v -1.679757 0.108705 -0.000517
v -1.667102 0.126242 -0.000208
v -1.654446 0.143782 -0.000211
v -1.632338 0.174433 -0.012744
v -1.631976 0.174433 -0.013861
v -1.630996 0.174433 -0.014679
v -1.701423 0.078253 -0.064824
v -1.698688 0.079026 -0.071629
v -1.691266 0.081125 -0.079766
v -1.690243 0.894003 -0.001208
v -1.690243 1.188343 -0.001208
v -1.690243 1.480532 -0.001208
v -1.676812 0.881510 -0.091337
v -1.676812 1.172525 -0.091337
v -1.676812 1.461403 -0.091337
v -1.643960 0.921395 -0.000454
v -1.643960 1.197061 -0.000454
v -1.643960 1.470690 -0.000454
v -1.629087 0.928243 -0.015237
v -1.629087 1.199240 -0.015237
v -1.629087 1.468230 -0.015237
v -1.574413 0.859042 -0.160256
v -1.574413 1.118051 -0.160247
v -1.574413 1.375098 -0.160238
v -0.643547 0.429160 -0.225687
v -0.647546 0.425393 -0.218776
v -0.651566 0.422833 -0.212230
v -0.994693 0.413010 -0.202951
v -0.952747 0.419371 -0.207538
v -0.920081 0.424682 -0.211823
v -1.143141 0.864706 -0.197382
v -1.147635 1.110780 -0.194554
v -1.142276 1.366642 -0.191241
v -1.632389 0.928243 -0.011288
v -1.632389 1.199240 -0.011288
v -1.632389 1.468230 -0.011288
v -1.632389 0.928243 -0.003867
v -1.632389 1.199240 -0.003867
v -1.632389 1.468230 -0.003866
v -0.272065 1.944141 -0.015577
v -0.272065 1.912844 -0.015752
v -0.272065 1.835934 -0.015816
v -0.699595 1.944141 -0.015577
v -0.699595 1.912844 -0.015752
v -0.699595 1.835934 -0.015816
v -1.162690 1.944141 -0.015577
v -1.162690 1.912844 -0.015752
v -1.162690 1.835934 -0.015816
v -1.700361 2.007743 -0.015652
v -1.701383 1.973361 -0.015652
v -1.701760 1.888632 -0.015652
v -1.632338 1.691407 -0.012744
v -1.631976 1.691407 -0.013861
v -1.630996 1.691407 -0.014679
v -1.679757 1.717221 -0.000517
v -1.667101 1.710324 -0.000208
v -1.654446 1.703427 -0.000211
v -1.632389 1.691407 -0.005584
v -1.632389 1.691407 -0.007527
v -1.632389 1.691407 -0.009496
v -1.637271 1.694068 -0.000891
v -1.633836 1.692196 -0.001562
v -1.632570 1.691506 -0.002533
v -1.696932 1.726581 -0.002453
v -1.700367 1.728452 -0.004826
v -1.701633 1.729142 -0.009001
v -0.816143 1.691407 -0.015825
v -0.932381 1.691407 -0.015825
v -1.048000 1.691407 -0.015825
v -0.366194 1.691407 -0.015825
v -0.471255 1.691407 -0.015825
v -0.583603 1.691407 -0.015825
v -0.058907 1.691407 -0.015825
v -0.121458 1.691407 -0.015825
v -0.191296 1.691407 -0.015825
v -0.997109 1.703528 -0.187933
v -0.888587 1.741225 -0.188091
v -0.777977 1.754469 -0.188294
v -0.555301 1.756430 -0.188687
v -0.448141 1.756459 -0.188839
v -0.348135 1.756481 -0.188959
v -1.654116 1.675520 -0.107606
v -1.626509 1.644699 -0.126472
v -1.598453 1.613883 -0.144994
v -1.410194 1.562473 -0.180644
v -1.328067 1.567630 -0.182676
v -1.230948 1.580267 -0.185007
v -1.587471 1.691407 -0.015816
v -1.613179 1.691407 -0.015752
v -1.624932 1.691407 -0.015577
v -1.701423 1.728800 -0.064824
v -1.698688 1.725718 -0.071629
v -1.691266 1.717352 -0.079766
v -0.023059 0.031681 -0.200734
v -0.044751 0.031560 -0.198939
v -0.063709 0.031231 -0.194067
v -0.123745 0.028980 -0.111858
v -0.149913 0.028646 -0.108203
v -0.188129 0.028109 -0.102901
v -1.162690 0.544183 -0.015825
v -1.162690 0.451121 -0.015825
v -1.162690 0.396050 -0.015825
v -0.258634 0.402327 -0.215054
v -0.258634 0.417956 -0.215044
v -0.258634 0.425910 -0.216528
v -0.658686 0.392908 -0.206991
v -0.658194 0.408538 -0.205751
v -0.657056 0.416600 -0.205549
v -1.064899 0.367873 -0.196580
v -1.059572 0.384155 -0.196585
v -1.059763 0.393919 -0.196656
v -1.357770 0.363954 -0.185509
v -1.270313 0.381427 -0.189306
v -1.172323 0.393516 -0.193391
v -0.550511 0.423937 -0.210736
v -0.446722 0.426509 -0.214245
v -0.347958 0.428282 -0.217561
v -0.951064 0.406422 -0.200580
v -0.854579 0.410926 -0.202617
v -0.756339 0.415847 -0.204822
v -1.632389 0.355164 -0.005584
v -1.632389 0.355164 -0.007527
v -1.632389 0.355164 -0.009496
v -0.258634 0.842271 -0.238379
v -0.258634 1.051902 -0.229033
v -0.258634 1.265126 -0.219165
v -0.637060 0.837070 -0.226956
v -0.637725 1.047923 -0.220551
v -0.639471 1.262418 -0.213573
v -0.919886 0.834955 -0.212439
v -0.920306 1.041449 -0.209669
v -0.917395 1.231923 -0.206593
v -0.872587 1.399694 -0.204655
v -0.810131 1.432682 -0.205320
v -0.732327 1.446485 -0.206004
v -0.545426 1.449640 -0.207594
v -0.445215 1.450095 -0.208481
v -0.347769 1.450434 -0.209304
v -0.544331 0.437688 -0.236595
v -0.444891 0.439696 -0.241304
v -0.347729 0.441253 -0.245353
v -0.860715 0.428818 -0.217603
v -0.801923 0.430073 -0.221632
v -0.727329 0.432455 -0.226408
v -0.258634 1.584537 -0.202380
v -0.258634 1.671859 -0.196479
v -0.258634 1.725043 -0.192091
v -0.258634 0.431421 -0.226511
v -0.258634 0.433432 -0.234279
v -0.258634 0.436675 -0.242075
v -0.660960 1.724842 -0.191479
v -0.654559 1.671435 -0.195564
v -0.648159 1.583673 -0.200679
v -0.940548 1.417930 -0.201360
v -0.982091 1.482049 -0.197385
v -1.034824 1.539591 -0.192872
v -1.690243 0.318269 -0.001208
v -1.690243 0.376760 -0.001208
v -1.690243 0.477189 -0.001208
v -1.574395 0.347916 -0.160257
v -1.574410 0.401966 -0.160263
v -1.574414 0.491610 -0.160265
v -1.101240 0.416198 -0.198467
v -1.120226 0.451442 -0.199244
v -1.129461 0.527271 -0.199690
v -1.632389 0.396050 -0.011288
v -1.632389 0.451121 -0.011288
v -1.632389 0.544183 -0.011288
v -1.632389 0.396050 -0.003867
v -1.632389 0.451121 -0.003867
v -1.632389 0.544183 -0.003867
v -0.272065 1.468230 -0.015825
v -0.272065 1.199240 -0.015825
v -0.272065 0.928243 -0.015825
v -0.699595 1.468230 -0.015825
v -0.699595 1.199240 -0.015825
v -0.699595 0.928243 -0.015825
v -1.162690 1.468230 -0.015825
v -1.162690 1.199240 -0.015825
v -1.162690 0.928243 -0.015825
v -1.701814 1.482992 -0.015652
v -1.701814 1.186164 -0.015652
v -1.701814 0.887155 -0.015652
v -0.258634 0.454112 -0.252170
v -0.258634 0.485138 -0.253009
v -0.258634 0.551063 -0.250958
v -0.638211 0.447142 -0.235114
v -0.637211 0.478261 -0.236319
v -0.636901 0.544395 -0.235262
v -0.905564 0.437388 -0.215389
v -0.912421 0.467237 -0.215687
v -0.915982 0.534345 -0.215477
v -1.069491 0.661451 -0.203352
v -1.015683 0.659275 -0.207086
v -0.967457 0.656635 -0.210693
v -0.542921 0.663544 -0.236360
v -0.444473 0.665278 -0.240250
v -0.347677 0.666589 -0.243536
v -0.861397 0.654882 -0.218598
v -0.796107 0.656422 -0.223020
v -0.721485 0.658800 -0.227563
v -1.637271 0.694497 -0.000891
v -1.633836 0.697697 -0.001562
v -1.632570 0.698876 -0.002533
v -1.632389 0.699045 -0.005584
v -1.632389 0.699045 -0.007527
v -1.632389 0.699045 -0.009496
v -1.679757 0.654911 -0.000517
v -1.667102 0.666703 -0.000208
v -1.654446 0.678494 -0.000211
v -1.632337 0.699045 -0.012744
v -1.631976 0.699045 -0.013861
v -1.630996 0.699045 -0.014679
v -1.701423 0.634378 -0.064824
v -1.698688 0.634495 -0.071629
v -1.691266 0.634816 -0.079766
v -1.587471 0.699045 -0.015816
v -1.613179 0.699045 -0.015752
v -1.624932 0.699045 -0.015577
v -1.394128 0.650583 -0.185074
v -1.308177 0.655422 -0.189605
v -1.218152 0.659579 -0.194491
v -1.654116 0.636418 -0.107607
v -1.626509 0.637613 -0.126476
v -1.598454 0.638833 -0.145008
v -0.058907 0.699045 -0.015825
v -0.121458 0.699045 -0.015825
v -0.191296 0.699045 -0.015825
v -0.366194 0.699045 -0.015825
v -0.471255 0.699045 -0.015825
v -0.583603 0.699045 -0.015825
v -0.816143 0.699045 -0.015825
v -0.932381 0.699045 -0.015825
v -1.048000 0.699045 -0.015825
v -1.696932 0.638909 -0.002453
v -1.700367 0.635708 -0.004826
v -1.701633 0.634529 -0.009001
v -1.676812 0.125092 -0.091337
v -1.676812 0.172973 -0.091337
v -1.676812 0.223045 -0.091337
v -1.643960 0.197273 -0.000454
v -1.643960 0.244358 -0.000454
v -1.643960 0.293683 -0.000454
v -1.629087 0.213324 -0.015237
v -1.629087 0.260357 -0.015237
v -1.629087 0.309611 -0.015237
v -0.258634 0.236785 -0.218153
v -0.258634 0.288400 -0.217575
v -0.258634 0.336508 -0.216754
v -0.659983 0.228144 -0.205574
v -0.659480 0.279317 -0.207491
v -0.659130 0.327223 -0.208377
v -1.085358 0.204083 -0.190925
v -1.082481 0.254142 -0.193195
v -1.078575 0.301770 -0.194990
v -0.366194 0.355164 -0.015825
v -0.471255 0.355164 -0.015825
v -0.583603 0.355164 -0.015825
v -0.058907 0.355164 -0.015825
v -0.121458 0.355164 -0.015825
v -0.191296 0.355164 -0.015825
v -0.970276 0.348648 -0.199579
v -0.867639 0.355510 -0.202699
v -0.764076 0.361497 -0.205547
v -0.552192 0.370142 -0.210581
v -0.447220 0.372809 -0.212723
v -0.348020 0.374622 -0.214502
v -1.587471 0.355164 -0.015816
v -1.613179 0.355164 -0.015752
v -1.624932 0.355164 -0.015577
v -1.701423 0.260462 -0.064824
v -1.698688 0.261466 -0.071629
v -1.691266 0.264191 -0.079766
v -0.044958 -0.309983 -0.393276
v -0.087256 -0.309990 -0.388991
v -0.124232 -0.310010 -0.377360
v -0.047698 -0.310382 -0.159436
v -0.092206 -0.310375 -0.163721
v -0.130330 -0.310355 -0.175352
v -0.171930 -0.310109 -0.319206
v -0.179461 -0.310182 -0.276356
v -0.175289 -0.310256 -0.233506
v -0.151477 -0.297127 -0.201942
v -0.154722 -0.303467 -0.200315
v -0.157424 -0.308419 -0.198897
v -0.146084 -0.296873 -0.350690
v -0.149214 -0.303208 -0.352326
v -0.151819 -0.308155 -0.353768
v -0.136576 -0.280004 -0.209263
v -0.139270 -0.280107 -0.207940
v -0.140862 -0.280398 -0.207159
v -0.131713 -0.279775 -0.343368
v -0.134311 -0.279874 -0.344690
v -0.135847 -0.280161 -0.345472
v -0.040160 -0.280669 -0.380288
v -0.077943 -0.280675 -0.376478
v -0.110972 -0.280693 -0.366135
v -0.153580 -0.280781 -0.314421
v -0.160307 -0.280846 -0.276315
v -0.156580 -0.280912 -0.238210
v -0.158026 -0.281865 -0.613267
v -0.306699 -0.281902 -0.595956
v -0.436666 -0.282003 -0.548969
v -0.167657 -0.283884 0.331408
v -0.324097 -0.283847 0.314097
v -0.458104 -0.283747 0.267111
v -0.604323 -0.282505 -0.314037
v -0.630796 -0.282875 -0.140929
v -0.616129 -0.283245 0.032178
v -0.490838 -0.279424 -0.432797
v -0.516467 -0.279691 -0.443300
v -0.530988 -0.280529 -0.451543
v -0.155119 -0.296248 -0.198872
v -0.157143 -0.302793 -0.198229
v -0.158632 -0.308056 -0.197842
v -0.259345 -0.280164 -0.376492
v -0.324987 -0.279821 -0.390411
v -0.391982 -0.279601 -0.405495
v -0.550592 -0.281860 0.169408
v -0.535535 -0.280982 0.156700
v -0.508960 -0.280643 0.133175
v -0.132014 -0.279193 -0.546731
v -0.256215 -0.279223 -0.532659
v -0.364790 -0.279305 -0.494465
v -0.504850 -0.279715 -0.303496
v -0.526965 -0.280017 -0.162781
v -0.514713 -0.280319 -0.022067
v -0.406454 -0.280545 0.038868
v -0.336985 -0.280579 -0.025967
v -0.268920 -0.280740 -0.089725
v -0.147631 -0.285563 -0.353463
v -0.153628 -0.282916 -0.354703
v -0.171128 -0.281447 -0.358332
v -0.230547 -0.280765 -0.314817
v -0.240646 -0.280881 -0.253773
v -0.235051 -0.280998 -0.192728
v -0.060286 -0.280563 -0.420337
v -0.117004 -0.280574 -0.414232
v -0.166587 -0.280606 -0.397663
v -0.151876 -0.343909 -0.444125
v -0.289535 -0.343833 -0.432717
v -0.399325 -0.343647 -0.404576
v -0.157976 -0.345199 0.161580
v -0.300293 -0.345074 0.150171
v -0.412161 -0.344767 0.122032
v -0.491374 -0.343904 -0.276761
v -0.506750 -0.344339 -0.141272
v -0.499061 -0.344481 -0.005783
v -0.533125 -0.339005 0.161636
v -0.524726 -0.341819 0.150199
v -0.504104 -0.343559 0.122041
v -0.514243 -0.337716 -0.444160
v -0.506833 -0.340578 -0.432733
v -0.488608 -0.342438 -0.404582
v -0.142969 -0.281952 -0.206124
v -0.144259 -0.283702 -0.205491
v -0.145997 -0.286608 -0.204637
v -0.137878 -0.281712 -0.346506
v -0.139122 -0.283460 -0.347140
v -0.140799 -0.286363 -0.347993
v -0.041988 -0.290756 -0.385022
v -0.081491 -0.290763 -0.381038
v -0.116024 -0.290781 -0.370224
v -0.160572 -0.290874 -0.316155
v -0.167606 -0.290942 -0.276315
v -0.163709 -0.291010 -0.236475
v -0.143065 -0.279825 -0.311812
v -0.149332 -0.279886 -0.276315
v -0.145860 -0.279946 -0.240819
v -0.037410 -0.279720 -0.373170
v -0.072607 -0.279727 -0.369620
v -0.103375 -0.279743 -0.359986
v -0.177446 -0.281779 -0.175577
v -0.159300 -0.283198 -0.192731
v -0.153082 -0.285828 -0.198927
v -0.152984 -0.307787 -0.354944
v -0.151548 -0.302526 -0.354647
v -0.149596 -0.295983 -0.354096
v -0.043368 -0.289814 -0.391486
v -0.084170 -0.289821 -0.387272
v -0.119838 -0.289841 -0.375836
v -0.165850 -0.289938 -0.318656
v -0.173115 -0.290010 -0.276524
v -0.169090 -0.290082 -0.234391
v -0.562855 -0.286198 0.178983
v -0.565031 -0.289413 0.180666
v -0.565630 -0.292678 0.181168
v -0.542814 -0.284833 -0.461126
v -0.544912 -0.288043 -0.462960
v -0.545487 -0.291308 -0.463521
v -0.159955 -0.293772 -0.621929
v -0.310444 -0.293809 -0.604310
v -0.442000 -0.293911 -0.556487
v -0.611709 -0.294418 -0.317371
v -0.638508 -0.294792 -0.141180
v -0.623665 -0.295166 0.035010
v -0.553224 -0.302719 0.174118
v -0.548135 -0.305048 0.171210
v -0.543180 -0.308243 0.168376
v -0.533491 -0.301391 -0.456465
v -0.528590 -0.303730 -0.453576
v -0.523822 -0.306932 -0.450768
v -0.152547 -0.310870 -0.599692
v -0.296065 -0.310906 -0.582889
v -0.421528 -0.311002 -0.537281
v -0.583377 -0.311486 -0.309240
v -0.608934 -0.311843 -0.141210
v -0.594779 -0.312200 0.026821
v -0.564507 -0.297435 0.180550
v -0.563158 -0.298774 0.179783
v -0.560977 -0.299862 0.178542
v -0.544389 -0.296073 -0.462904
v -0.543078 -0.297420 -0.462127
v -0.540968 -0.298516 -0.460878
v -0.603466 -0.300030 -0.314987
v -0.629913 -0.300396 -0.141168
v -0.615279 -0.300761 0.032651
v -0.157795 -0.299398 -0.615446
v -0.306252 -0.299435 -0.598064
v -0.436034 -0.299534 -0.550884
v -0.536484 -0.317857 0.164537
v -0.535089 -0.323823 0.163731
v -0.534522 -0.329745 0.163397
v -0.517379 -0.316557 -0.446983
v -0.516037 -0.322525 -0.446202
v -0.515490 -0.328448 -0.445889
v -0.151211 -0.333363 -0.595717
v -0.293473 -0.333399 -0.579062
v -0.417836 -0.333495 -0.533853
v -0.578263 -0.333976 -0.307812
v -0.603594 -0.334330 -0.141255
v -0.589560 -0.334685 0.025301
v -0.198075 2.009915 -0.001208
v -0.125762 2.009915 -0.001208
v -0.060995 2.009915 -0.001208
v -0.196501 1.984842 -0.092795
v -0.124763 1.984842 -0.092795
v -0.060510 1.984842 -0.092795
v -0.192652 1.966874 -0.000454
v -0.122318 1.966874 -0.000454
v -0.059324 1.966874 -0.000454
v -0.191296 1.951827 -0.015237
v -0.121458 1.951827 -0.015237
v -0.058907 1.951827 -0.015237
v -0.184782 1.837458 -0.167474
v -0.117322 1.837458 -0.167478
v -0.056901 1.837458 -0.167479
v -0.191296 1.956114 -0.011288
v -0.121458 1.956114 -0.011288
v -0.058907 1.956114 -0.011288
v -0.191296 1.956114 -0.003866
v -0.121458 1.956114 -0.003866
v -0.058907 1.956114 -0.003866
v -0.198788 0.021419 -0.015825
v -0.126139 0.021458 -0.015835
v -0.061154 0.021473 -0.015838
v -0.181852 0.187603 -0.220272
v -0.115461 0.187920 -0.221262
v -0.055999 0.188037 -0.221627
v -0.181852 1.756507 -0.189098
v -0.115461 1.756512 -0.189125
v -0.055999 1.756513 -0.189136
v 0.086118 -0.277672 -0.208903
v 0.060927 -0.277684 -0.201249
v 0.031518 -0.277688 -0.198429
v -0.077753 -0.222276 -0.194213
v -0.055008 -0.222337 -0.187459
v -0.028456 -0.222360 -0.184970
v -0.181852 0.430121 -0.221922
v -0.115461 0.430476 -0.222791
v -0.055999 0.430606 -0.223112
v -0.181852 1.450811 -0.210375
v -0.115461 1.450885 -0.210588
v -0.055999 1.450912 -0.210667
v -0.181852 0.443049 -0.250380
v -0.115461 0.443401 -0.251374
v -0.055999 0.443530 -0.251741
v -0.181852 0.668067 -0.247567
v -0.115461 0.668356 -0.248363
v -0.055999 0.668462 -0.248656
v -0.181852 0.376477 -0.216662
v -0.115461 0.376833 -0.217088
v -0.055999 0.376965 -0.217245
v -0.086971 0.028466 -0.103858
v -0.061515 0.028096 -0.098487
v -0.031818 0.027959 -0.096509
v 0.083176 0.034889 -0.197139
v 0.058435 0.035259 -0.202510
v 0.030113 0.035395 -0.204489
v -0.116420 -0.281000 -0.186495
v -0.082364 -0.281018 -0.176153
v -0.042608 -0.281024 -0.172342
v -0.382698 -0.280729 0.168903
v -0.270750 -0.280812 0.207097
v -0.140060 -0.280842 0.221168
v -0.174765 -0.281156 -0.109882
v -0.123642 -0.281188 -0.093313
v -0.063960 -0.281200 -0.087209
v -0.121720 -0.291102 -0.182406
v -0.086114 -0.291121 -0.171593
v -0.044547 -0.291128 -0.167609
v -0.108450 -0.280029 -0.192645
v -0.076725 -0.280045 -0.183010
v -0.039690 -0.280051 -0.179461
v -0.125721 -0.290180 -0.177211
v -0.088945 -0.290200 -0.165775
v -0.046012 -0.290207 -0.161561
v -0.463710 -0.295674 0.274126
v -0.328064 -0.295775 0.321950
v -0.169709 -0.295813 0.339569
v -0.442233 -0.312683 0.254862
v -0.312869 -0.312780 0.300470
v -0.161849 -0.312816 0.317273
v -0.457484 -0.301257 0.268548
v -0.323661 -0.301357 0.315728
v -0.167432 -0.301393 0.333110
v -0.438349 -0.335166 0.251343
v -0.310121 -0.335262 0.296551
v -0.160427 -0.335298 0.313207
v -1.278840 0.036808 -0.001208
v -1.396406 0.036808 -0.001208
v -1.501640 0.036808 -0.001208
v -1.268348 0.023085 -0.091337
v -1.385051 0.023085 -0.091337
v -1.489538 0.023085 -0.091337
v -1.275875 0.101436 -0.000454
v -1.383266 0.101436 -0.000454
v -1.477025 0.101436 -0.000454
v -1.275134 0.121197 -0.015237
v -1.379981 0.121197 -0.015237
v -1.470872 0.121197 -0.015237
v -1.220502 0.047355 -0.161562
v -1.324311 0.045666 -0.161099
v -1.415206 0.044099 -0.160726
v -1.682521 2.008002 -0.001208
v -1.670352 2.009348 -0.001208
v -1.643733 2.009844 -0.001208
v -1.669405 1.982946 -0.091371
v -1.657584 1.984280 -0.091407
v -1.631625 1.984772 -0.091477
v -1.636450 1.965045 -0.000454
v -1.624614 1.966332 -0.000454
v -1.598723 1.966806 -0.000454
v -1.624232 1.950667 -0.015078
v -1.612965 1.951460 -0.015186
v -1.587444 1.951781 -0.015230
v -1.577096 1.845982 -0.155789
v -1.562753 1.840155 -0.159050
v -1.538432 1.837791 -0.160644
v -1.275134 0.118051 -0.011288
v -1.379981 0.118051 -0.011288
v -1.470872 0.118051 -0.011288
v -1.624932 1.954305 -0.011288
v -1.613179 1.955578 -0.011288
v -1.587471 1.956047 -0.011288
v -1.624931 1.954305 -0.003866
v -1.613179 1.955578 -0.003866
v -1.587471 1.956047 -0.003866
v -1.275134 0.117954 -0.003867
v -1.379981 0.117954 -0.003867
v -1.470872 0.117954 -0.003867
v -1.329365 2.020675 -0.015652
v -1.438671 2.020675 -0.015652
v -1.533427 2.020675 -0.015652
v -1.693827 0.022094 -0.015652
v -1.680092 0.021095 -0.015652
v -1.649265 0.020727 -0.015652
v -1.555969 0.118155 -0.169910
v -1.537299 0.121227 -0.175121
v -1.509152 0.124167 -0.177532
v -1.275134 0.174433 -0.015825
v -1.379981 0.174433 -0.015825
v -1.470872 0.174433 -0.015825
v -1.556750 1.572105 -0.170013
v -1.539423 1.563857 -0.175273
v -1.514286 1.561048 -0.177714
v -1.275134 1.691407 -0.015825
v -1.379981 1.691407 -0.015825
v -1.470872 1.691407 -0.015825
v -1.556338 0.312141 -0.170077
v -1.536713 0.316713 -0.175584
v -1.504695 0.322477 -0.178699
v -1.275134 0.699045 -0.015825
v -1.379981 0.699045 -0.015825
v -1.470872 0.699045 -0.015825
v -1.556614 0.640715 -0.170110
v -1.538317 0.641706 -0.175648
v -1.510548 0.643382 -0.178785
v -1.541448 0.309610 -0.015825
v -1.541448 0.260357 -0.015825
v -1.541448 0.213324 -0.015825
v -1.455473 0.370924 -0.181430
v -1.460563 0.419159 -0.181477
v -1.462794 0.503789 -0.181544
v -1.462066 0.172883 -0.179428
v -1.460366 0.224676 -0.180020
v -1.455489 0.278724 -0.180685
v -1.358044 0.326403 -0.185103
v -1.271088 0.327719 -0.188635
v -1.174486 0.333443 -0.192408
v -1.541448 1.468230 -0.015825
v -1.541448 1.199240 -0.015825
v -1.541448 0.928243 -0.015825
v -1.466355 0.857473 -0.180996
v -1.468781 1.107280 -0.180351
v -1.471197 1.355289 -0.179647
v -1.541448 0.148081 -0.015816
v -1.541448 0.132572 -0.015752
v -1.541448 0.124684 -0.015577
v -1.473318 0.054051 -0.170413
v -1.466382 0.070472 -0.175775
v -1.463446 0.094411 -0.178078
v -1.589791 0.027481 -0.002453
v -1.592364 0.022691 -0.004826
v -1.593311 0.020927 -0.009001
v -1.602396 2.016135 -0.002453
v -1.605639 2.019330 -0.004826
v -1.606834 2.020507 -0.009001
v -1.545104 0.110850 -0.000891
v -1.542531 0.115745 -0.001562
v -1.541583 0.117615 -0.002533
v -1.546058 1.960653 -0.000891
v -1.542814 1.957459 -0.001562
v -1.541619 1.956282 -0.002533
v -1.541448 1.956114 -0.005584
v -1.541448 1.956114 -0.007527
v -1.541448 1.956114 -0.009496
v -1.541448 0.118010 -0.005584
v -1.541448 0.118039 -0.007527
v -1.541448 0.118049 -0.009496
v -1.565193 1.952305 -0.108090
v -1.541203 1.912669 -0.127224
v -1.517212 1.872273 -0.145993
v -1.606662 2.020115 -0.064828
v -1.604264 2.016196 -0.071661
v -1.597751 2.005558 -0.079873
v -1.576926 0.051430 -0.000517
v -1.567448 0.069086 -0.000208
v -1.557968 0.086760 -0.000211
v -1.541448 0.118100 -0.012744
v -1.541448 0.118444 -0.013861
v -1.541448 0.119378 -0.014679
v -1.552741 0.025427 -0.107610
v -1.529331 0.029169 -0.126500
v -1.505818 0.034806 -0.145087
v -1.474813 1.695009 -0.178384
v -1.477866 1.769950 -0.176328
v -1.484619 1.809557 -0.171218
v -1.541448 1.956047 -0.012744
v -1.541448 1.955578 -0.013861
v -1.541448 1.954305 -0.014679
v -1.541448 1.944141 -0.015577
v -1.541448 1.912844 -0.015752
v -1.541448 1.835934 -0.015816
v -1.593113 0.020712 -0.064824
v -1.590778 0.020976 -0.071629
v -1.584440 0.021692 -0.079766
v -1.586177 2.000163 -0.000517
v -1.574227 1.988394 -0.000208
v -1.562276 1.976625 -0.000211
v -1.162690 0.309610 -0.015825
v -1.162690 0.260357 -0.015825
v -1.162690 0.213324 -0.015825
v -0.272065 0.544183 -0.015825
v -0.272065 0.451121 -0.015825
v -0.272065 0.396050 -0.015825
v -0.699595 0.544183 -0.015825
v -0.699595 0.451121 -0.015825
v -0.699595 0.396050 -0.015825
v -1.701814 0.463790 -0.015652
v -1.701814 0.361888 -0.015652
v -1.701814 0.302712 -0.015652
v -1.654116 0.277817 -0.107607
v -1.626503 0.287878 -0.126474
v -1.598433 0.297978 -0.145001
v -0.816143 0.355164 -0.015825
v -0.932381 0.355164 -0.015825
v -1.048000 0.355164 -0.015825
v -1.696932 0.266988 -0.002453
v -1.700367 0.262295 -0.004826
v -1.701633 0.260566 -0.009001
v -1.632337 0.355164 -0.012744
v -1.631976 0.355164 -0.013861
v -1.630996 0.355164 -0.014679
v -1.679757 0.290452 -0.000517
v -1.667102 0.307741 -0.000208
v -1.654446 0.325031 -0.000211
v -1.637271 0.348495 -0.000891
v -1.633836 0.353188 -0.001562
v -1.632570 0.354917 -0.002533
v -1.676812 0.311715 -0.091337
v -1.676812 0.369869 -0.091337
v -1.676812 0.469322 -0.091337
v -1.643960 0.380493 -0.000454
v -1.643960 0.436249 -0.000454
v -1.643960 0.530784 -0.000454
v -1.629087 0.396050 -0.015237
v -1.629087 0.451121 -0.015237
v -1.629087 0.544183 -0.015237
v -1.690243 0.133196 -0.001208
v -1.690243 0.180399 -0.001208
v -1.690243 0.229978 -0.001208
v -1.574167 0.157011 -0.160193
v -1.574247 0.207478 -0.160212
v -1.574314 0.259246 -0.160231
v -1.632389 0.213324 -0.011288
v -1.632389 0.260357 -0.011288
v -1.632389 0.309611 -0.011288
v -1.632389 0.213317 -0.003867
v -1.632389 0.260355 -0.003867
v -1.632389 0.309610 -0.003867
v -1.275134 0.355164 -0.015825
v -1.379981 0.355164 -0.015825
v -1.470872 0.355164 -0.015825
v -1.541448 0.544183 -0.015825
v -1.541448 0.451121 -0.015825
v -1.541448 0.396050 -0.015825
v -1.698371 0.024039 -0.025091
v -1.698371 0.024039 -0.036174
v -1.698371 0.024039 -0.047395
v -0.715454 0.020929 -0.025150
v -0.715258 0.021078 -0.036268
v -0.715055 0.021232 -0.047524
v -1.157906 0.020675 -0.025091
v -1.157906 0.020675 -0.036174
v -1.157906 0.020675 -0.047395
v -1.212139 2.020675 -0.025091
v -1.212139 2.020675 -0.036174
v -1.212139 2.020675 -0.047395
v -0.729349 2.020675 -0.025091
v -0.729349 2.020675 -0.036174
v -0.729349 2.020675 -0.047395
v -0.283636 2.020675 -0.025091
v -0.283636 2.020675 -0.036174
v -0.283636 2.020675 -0.047395
v -0.269104 0.025877 -0.080559
v -0.276276 0.025187 -0.072495
v -0.279086 0.024674 -0.065731
v -1.687897 2.001012 -0.079772
v -1.695268 2.011624 -0.071631
v -1.697983 2.015533 -0.064824
v -1.701814 0.078143 -0.025091
v -1.701814 0.078143 -0.036174
v -1.701814 0.078143 -0.047395
v -1.701814 1.729241 -0.025091
v -1.701814 1.729241 -0.036174
v -1.701814 1.729241 -0.047395
v -1.701814 0.634361 -0.025091
v -1.701814 0.634361 -0.036174
v -1.701814 0.634361 -0.047395
v -1.701814 0.260319 -0.025091
v -1.701814 0.260319 -0.036174
v -1.701814 0.260319 -0.047395
v -1.607005 2.020675 -0.025091
v -1.607005 2.020675 -0.036174
v -1.607005 2.020675 -0.047395
v -1.593447 0.020675 -0.025091
v -1.593447 0.020675 -0.036174
v -1.593447 0.020675 -0.047395
v -1.507794 0.020675 -0.057246
v -1.399691 0.020675 -0.057246
v -1.279581 0.020675 -0.057246
v -1.654985 2.020603 -0.057246
v -1.681787 2.020102 -0.057246
v -1.694039 2.018742 -0.057246
v -0.061412 2.020675 -0.057246
v -0.126623 2.020675 -0.057246
v -0.199431 2.020675 -0.057246
v -0.060067 0.024825 -0.058212
v -0.124104 0.024750 -0.058194
v -0.196082 0.024544 -0.058147
v -1.701814 0.214052 -0.057246
v -1.701814 0.164410 -0.057246
v -1.701814 0.117179 -0.057246
v -1.701814 0.463790 -0.057246
v -1.701814 0.361888 -0.057246
v -1.701814 0.302712 -0.057246
v -1.701814 1.482992 -0.057246
v -1.701814 1.186164 -0.057246
v -1.701814 0.887155 -0.057246
v -1.701760 0.051594 -0.057246
v -1.701383 0.035847 -0.057246
v -1.700361 0.027722 -0.057246
v -0.378193 0.023514 -0.057907
v -0.486969 0.022756 -0.057730
v -0.600972 0.021997 -0.057554
v -0.381768 2.020675 -0.057246
v -0.491297 2.020675 -0.057246
v -0.608424 2.020675 -0.057246
v -0.850853 2.020675 -0.057246
v -0.972035 2.020675 -0.057246
v -1.092571 2.020675 -0.057246
v -1.329365 2.020675 -0.057246
v -1.438671 2.020675 -0.057246
v -1.533427 2.020675 -0.057246
v -1.042773 0.020686 -0.057249
v -0.932940 0.020761 -0.057266
v -0.824833 0.020967 -0.057314
v -1.700361 2.007743 -0.057246
v -1.701383 1.973361 -0.057246
v -1.701760 1.888632 -0.057246
v -1.693827 0.022094 -0.057246
v -1.680092 0.021095 -0.057246
v -1.649265 0.020727 -0.057246
v 0.514243 -0.337716 -0.444160
v 0.506833 -0.340578 -0.432733
v 0.488608 -0.342438 -0.404582
v -0.088140 0.029585 -0.169707
v -0.091981 0.028373 -0.151758
v -0.089823 0.027160 -0.133808
v -0.094354 0.029267 -0.115959
v -0.087143 0.028986 -0.117088
v -0.083227 0.028048 -0.117986
v 0.091230 0.033984 -0.185071
v 0.084225 0.033541 -0.184207
v 0.080385 0.032517 -0.184055
v 0.113606 -0.277524 -0.303575
v 0.118582 -0.277568 -0.275375
v 0.115825 -0.277612 -0.247175
v -0.113606 -0.277524 -0.303575
v -0.118582 -0.277568 -0.275375
v -0.115825 -0.277612 -0.247175
v -0.096631 -0.250859 -0.217506
v -0.098399 -0.267111 -0.222915
v -0.100910 -0.274758 -0.224661
v 0.096631 -0.250859 -0.217506
v 0.098399 -0.267111 -0.222915
v 0.100910 -0.274758 -0.224661
v -0.077813 0.026865 -0.186035
v -0.077920 0.018161 -0.189825
v -0.078871 0.000721 -0.197642
v -0.083170 -0.073388 -0.231214
v -0.086084 -0.125607 -0.254920
v -0.088970 -0.177657 -0.278553
v -0.086241 -0.076470 -0.155609
v -0.089262 -0.127890 -0.173877
v -0.092255 -0.179140 -0.192086
v -0.104575 -0.221970 -0.227985
v -0.107064 -0.221744 -0.252869
v -0.102571 -0.221519 -0.277754
v -0.080385 0.032517 -0.184055
v -0.084225 0.033541 -0.184207
v -0.091230 0.033984 -0.185071
v 0.180442 0.040551 -0.195608
v 0.144457 0.036231 -0.192062
v 0.119536 0.034564 -0.189043
v 0.114994 0.033040 -0.170286
v 0.119951 0.031677 -0.150499
v 0.117084 0.030315 -0.130712
v -0.117084 0.030315 -0.130712
v -0.119951 0.031677 -0.150499
v -0.114994 0.033040 -0.170286
v 0.111111 -0.279027 -0.221359
v 0.118461 -0.279726 -0.218036
v 0.125880 -0.279973 -0.214499
v 0.152547 -0.310870 -0.599692
v 0.296065 -0.310905 -0.582889
v 0.421528 -0.311002 -0.537281
v 0.517379 -0.316557 -0.446983
v 0.516036 -0.322525 -0.446202
v 0.515490 -0.328448 -0.445889
v 0.578263 -0.333976 -0.307812
v 0.603594 -0.334330 -0.141255
v 0.589560 -0.334685 0.025301
v -0.065388 -0.028668 -0.221441
v -0.045926 -0.028390 -0.226713
v -0.023663 -0.028288 -0.228655
v -0.180442 0.040551 -0.195608
v -0.144457 0.036231 -0.192062
v -0.119536 0.034564 -0.189043
v -0.111110 -0.279027 -0.221359
v -0.118461 -0.279726 -0.218036
v -0.125880 -0.279973 -0.214499
v -0.107154 -0.278847 -0.330478
v -0.114244 -0.279529 -0.334360
v -0.121398 -0.279762 -0.338102
v 1.633535 2.000093 -0.000517
v 1.659990 1.999602 -0.000517
v 1.672083 1.998270 -0.000517
v 1.621228 1.988325 -0.000208
v 1.647483 1.987840 -0.000208
v 1.659485 1.986523 -0.000208
v 1.608921 1.976557 -0.000211
v 1.634976 1.976078 -0.000211
v 1.646888 1.974777 -0.000211
v 1.648900 0.020765 -0.064824
v 1.679711 0.021134 -0.064824
v 1.693439 0.022137 -0.064824
v 1.646345 0.021030 -0.071629
v 1.677039 0.021410 -0.071629
v 1.690721 0.022440 -0.071629
v 1.639410 0.021750 -0.079766
v 1.669788 0.022157 -0.079766
v 1.683343 0.023262 -0.079766
v 1.701369 1.888125 -0.064824
v 1.700993 1.972820 -0.064824
v 1.699972 2.007188 -0.064824
v 1.698635 1.884578 -0.071629
v 1.698261 1.969028 -0.071629
v 1.697245 2.003299 -0.071630
v 1.691213 1.874950 -0.079766
v 1.690845 1.958736 -0.079767
v 1.689845 1.992744 -0.079769
v 1.632286 0.148082 -0.012744
v 1.631927 0.132578 -0.012742
v 1.630951 0.124704 -0.012740
v 1.631927 0.148088 -0.013859
v 1.631579 0.132623 -0.013851
v 1.630636 0.124839 -0.013833
v 1.630951 0.148099 -0.014675
v 1.630636 0.132719 -0.014650
v 1.629794 0.125141 -0.014593
v 1.679704 0.082191 -0.000517
v 1.679332 0.066487 -0.000517
v 1.678323 0.058404 -0.000517
v 1.667049 0.099750 -0.000208
v 1.666680 0.084071 -0.000208
v 1.665679 0.076015 -0.000208
v 1.654394 0.117314 -0.000211
v 1.654027 0.101665 -0.000211
v 1.653034 0.093638 -0.000211
v 1.587470 1.835933 -0.015807
v 1.587464 1.912835 -0.015743
v 1.587452 1.944114 -0.015569
v 1.613172 1.835925 -0.015743
v 1.613126 1.912774 -0.015681
v 1.613025 1.943930 -0.015513
v 1.624911 1.835909 -0.015569
v 1.624769 1.912644 -0.015513
v 1.624452 1.943518 -0.015363
v 1.587470 1.955980 -0.012743
v 1.613173 1.955513 -0.012742
v 1.624911 1.954247 -0.012740
v 1.587464 1.955513 -0.013859
v 1.613126 1.955062 -0.013851
v 1.624769 1.953838 -0.013833
v 1.587452 1.954247 -0.014675
v 1.613025 1.953838 -0.014650
v 1.624452 1.952745 -0.014593
v 1.515186 1.695301 -0.177277
v 1.539940 1.698708 -0.174960
v 1.557089 1.708219 -0.169770
v 1.518000 1.770401 -0.175353
v 1.542532 1.773955 -0.173162
v 1.559337 1.783702 -0.168167
v 1.524992 1.810008 -0.170341
v 1.549389 1.813215 -0.168360
v 1.565359 1.821867 -0.163903
v 1.604738 0.025491 -0.107603
v 1.633577 0.026020 -0.107572
v 1.646581 0.027474 -0.107508
v 1.579216 0.029146 -0.126444
v 1.607183 0.029660 -0.126196
v 1.620297 0.031205 -0.125683
v 1.553731 0.034527 -0.144911
v 1.581228 0.034830 -0.144152
v 1.595317 0.036124 -0.142532
v 1.654074 1.826818 -0.107602
v 1.653780 1.907339 -0.107576
v 1.652954 1.940154 -0.107522
v 1.626515 1.791404 -0.126439
v 1.626558 1.869871 -0.126206
v 1.626475 1.902551 -0.125711
v 1.598568 1.756068 -0.144890
v 1.599373 1.833010 -0.144175
v 1.601050 1.866803 -0.142584
v 0.809151 0.025890 -0.108753
v 0.918073 0.025656 -0.107978
v 1.027945 0.025557 -0.107686
v 0.800074 0.030646 -0.128559
v 0.909327 0.030341 -0.127343
v 1.019138 0.030124 -0.126844
v 0.790705 0.039116 -0.148645
v 0.900136 0.038561 -0.146927
v 1.009764 0.038006 -0.146121
v 0.056013 1.777454 -0.186929
v 0.115490 1.777453 -0.186922
v 0.181898 1.777451 -0.186904
v 0.056112 1.794386 -0.183913
v 0.115694 1.794385 -0.183908
v 0.182218 1.794384 -0.183897
v 0.056379 1.812617 -0.178093
v 0.116246 1.812617 -0.178091
v 0.183088 1.812617 -0.178085
v 0.348275 1.777438 -0.186810
v 0.448674 1.777427 -0.186715
v 0.556860 1.777413 -0.186573
v 0.348914 1.794379 -0.183836
v 0.449665 1.794374 -0.183763
v 0.558516 1.794369 -0.183635
v 0.350584 1.812615 -0.178048
v 0.451844 1.812613 -0.177992
v 0.561293 1.812611 -0.177882
v 0.784717 1.776341 -0.186095
v 0.899952 1.769052 -0.185737
v 1.014257 1.750656 -0.185256
v 0.789124 1.794019 -0.183132
v 0.906123 1.791647 -0.182705
v 1.021670 1.786067 -0.182107
v 0.793370 1.812566 -0.177402
v 0.911080 1.812269 -0.176972
v 1.027134 1.811571 -0.176366
v 1.470872 0.118100 -0.012744
v 1.379981 0.118100 -0.012744
v 1.275134 0.118100 -0.012744
v 1.470872 0.118444 -0.013861
v 1.379981 0.118444 -0.013861
v 1.275134 0.118444 -0.013861
v 1.470872 0.119378 -0.014679
v 1.379981 0.119378 -0.014679
v 1.275134 0.119378 -0.014679
v 1.048000 0.118100 -0.012744
v 0.932381 0.118100 -0.012744
v 0.816143 0.118100 -0.012744
v 1.048000 0.118444 -0.013861
v 0.932381 0.118444 -0.013861
v 0.816143 0.118444 -0.013861
v 1.048000 0.119378 -0.014679
v 0.932381 0.119378 -0.014679
v 0.816143 0.119378 -0.014679
v 0.583603 0.118100 -0.012744
v 0.471255 0.118100 -0.012744
v 0.366194 0.118100 -0.012744
v 0.583603 0.118444 -0.013861
v 0.471255 0.118444 -0.013861
v 0.366194 0.118444 -0.013861
v 0.583603 0.119378 -0.014679
v 0.471255 0.119378 -0.014679
v 0.366194 0.119378 -0.014679
v 0.058907 1.956047 -0.012744
v 0.121458 1.956047 -0.012744
v 0.191296 1.956047 -0.012744
v 0.058907 1.955578 -0.013861
v 0.121458 1.955578 -0.013861
v 0.191296 1.955578 -0.013861
v 0.058907 1.954305 -0.014679
v 0.121458 1.954305 -0.014679
v 0.191296 1.954305 -0.014679
v 0.366194 1.956047 -0.012744
v 0.471255 1.956047 -0.012744
v 0.583603 1.956047 -0.012744
v 0.366194 1.955578 -0.013861
v 0.471255 1.955578 -0.013861
v 0.583603 1.955578 -0.013861
v 0.366194 1.954305 -0.014679
v 0.471255 1.954305 -0.014679
v 0.583603 1.954305 -0.014679
v 0.816143 1.956047 -0.012744
v 0.932381 1.956047 -0.012744
v 1.048000 1.956047 -0.012744
v 0.816143 1.955578 -0.013861
v 0.932381 1.955578 -0.013861
v 1.048000 1.955578 -0.013861
v 0.816143 1.954305 -0.014679
v 0.932381 1.954305 -0.014679
v 1.048000 1.954305 -0.014679
v 0.058907 1.835934 -0.015816
v 0.058907 1.912844 -0.015752
v 0.058907 1.944141 -0.015577
v 0.121458 1.835934 -0.015816
v 0.121458 1.912844 -0.015752
v 0.121458 1.944141 -0.015577
v 0.191296 1.835934 -0.015816
v 0.191296 1.912844 -0.015752
v 0.191296 1.944141 -0.015577
v 0.366194 1.835934 -0.015816
v 0.366194 1.912844 -0.015752
v 0.366194 1.944141 -0.015577
v 0.471255 1.835934 -0.015816
v 0.471255 1.912844 -0.015752
v 0.471255 1.944141 -0.015577
v 0.583603 1.835934 -0.015816
v 0.583603 1.912844 -0.015752
v 0.583603 1.944141 -0.015577
v 0.816143 1.835934 -0.015816
v 0.816143 1.912844 -0.015752
v 0.816143 1.944141 -0.015577
v 0.932381 1.835934 -0.015816
v 0.932381 1.912844 -0.015752
v 0.932381 1.944141 -0.015577
v 1.048000 1.835934 -0.015816
v 1.048000 1.912844 -0.015752
v 1.048000 1.944141 -0.015577
v 1.496063 0.051430 -0.000517
v 1.393429 0.051430 -0.000517
v 1.278168 0.051430 -0.000517
v 1.489333 0.069086 -0.000208
v 1.389836 0.069086 -0.000208
v 1.277357 0.069086 -0.000208
v 1.482602 0.086760 -0.000211
v 1.386243 0.086760 -0.000211
v 1.276547 0.086760 -0.000211
v 1.044443 0.051430 -0.000517
v 0.932841 0.051430 -0.000517
v 0.822336 0.051430 -0.000517
v 1.045393 0.069086 -0.000208
v 0.932718 0.069086 -0.000208
v 0.820681 0.069086 -0.000208
v 1.046344 0.086760 -0.000211
v 0.932595 0.086760 -0.000211
v 0.819027 0.086760 -0.000211
v 0.596636 0.051430 -0.000517
v 0.483773 0.051430 -0.000517
v 0.376676 0.051430 -0.000517
v 0.593154 0.069086 -0.000208
v 0.480429 0.069086 -0.000208
v 0.373876 0.069086 -0.000208
v 0.589672 0.086760 -0.000211
v 0.477084 0.086760 -0.000211
v 0.371075 0.086760 -0.000211
v 0.824650 0.021047 -0.064910
v 0.932803 0.020812 -0.064849
v 1.042650 0.020725 -0.064827
v 0.823721 0.021335 -0.071780
v 0.931943 0.021082 -0.071674
v 1.041800 0.020989 -0.071635
v 0.821280 0.022055 -0.080076
v 0.929632 0.021799 -0.079858
v 1.039499 0.021705 -0.079777
v 1.533117 2.020115 -0.064830
v 1.438399 2.020115 -0.064833
v 1.329131 2.020115 -0.064837
v 1.530946 2.016196 -0.071682
v 1.436496 2.016196 -0.071707
v 1.327493 2.016196 -0.071733
v 1.525054 2.005558 -0.079944
v 1.431332 2.005558 -0.080029
v 1.323047 2.005558 -0.080116
v 1.092388 2.020115 -0.064842
v 0.971865 2.020115 -0.064844
v 0.850693 2.020115 -0.064845
v 1.091111 2.016196 -0.071775
v 0.970674 2.016196 -0.071789
v 0.849569 2.016196 -0.071798
v 1.087644 2.005558 -0.080259
v 0.967443 2.005558 -0.080305
v 0.846519 2.005558 -0.080337
v 0.608292 2.020115 -0.064846
v 0.491187 2.020115 -0.064846
v 0.381681 2.020115 -0.064846
v 0.607368 2.016196 -0.071808
v 0.490414 2.016196 -0.071810
v 0.381070 2.016196 -0.071811
v 0.604862 2.005558 -0.080371
v 0.488315 2.005558 -0.080378
v 0.379410 2.005558 -0.080380
v 1.495594 1.952305 -0.108410
v 1.405509 1.952305 -0.108794
v 1.300818 1.952305 -0.109190
v 1.473887 1.912669 -0.127727
v 1.386483 1.912669 -0.128330
v 1.284438 1.912669 -0.128954
v 1.452180 1.872273 -0.146680
v 1.367456 1.872273 -0.147503
v 1.268059 1.872273 -0.148354
v 1.070306 1.952305 -0.109832
v 0.951288 1.952305 -0.110040
v 0.831267 1.952305 -0.110187
v 1.057531 1.912669 -0.129965
v 0.939385 1.912669 -0.130293
v 0.820030 1.912669 -0.130523
v 1.044757 1.872273 -0.149733
v 0.927481 1.872273 -0.150181
v 0.808792 1.872273 -0.150496
v 0.592330 1.952305 -0.110341
v 0.477819 1.952305 -0.110371
v 0.371112 1.952305 -0.110382
v 0.583097 1.912670 -0.130768
v 0.470085 1.912670 -0.130816
v 0.364997 1.912670 -0.130835
v 0.573863 1.872273 -0.150834
v 0.462351 1.872274 -0.150904
v 0.358883 1.872274 -0.150932
v 0.060616 2.000163 -0.000517
v 0.124982 2.000163 -0.000517
v 0.196847 2.000163 -0.000517
v 0.060160 1.988394 -0.000208
v 0.124040 1.988394 -0.000208
v 0.195363 1.988394 -0.000208
v 0.059703 1.976625 -0.000211
v 0.123099 1.976625 -0.000211
v 0.193880 1.976625 -0.000211
v 0.376821 2.000163 -0.000517
v 0.484930 2.000163 -0.000517
v 0.600538 2.000163 -0.000517
v 0.373982 1.988394 -0.000208
v 0.481276 1.988394 -0.000208
v 0.596014 1.988394 -0.000208
v 0.371142 1.976625 -0.000211
v 0.477623 1.976625 -0.000211
v 0.591489 1.976625 -0.000211
v 0.839825 2.000163 -0.000517
v 0.959436 2.000163 -0.000517
v 1.078410 2.000163 -0.000517
v 0.833498 1.988394 -0.000208
v 0.952208 1.988394 -0.000208
v 1.070285 1.988394 -0.000208
v 0.827171 1.976625 -0.000211
v 0.944979 1.976625 -0.000211
v 1.062160 1.976625 -0.000211
v -0.102304 0.032915 -0.169413
v -0.106711 0.031625 -0.150515
v -0.104158 0.030335 -0.131617
v -0.094457 0.032509 -0.169000
v -0.098536 0.031263 -0.150647
v -0.096190 0.030018 -0.132295
v -0.090165 0.031504 -0.169086
v -0.094077 0.030282 -0.151020
v -0.091853 0.029060 -0.132954
v 0.569041 0.040358 -0.156420
v 0.459498 0.040690 -0.162405
v 0.356191 0.040324 -0.168930
v 0.577564 0.031716 -0.134386
v 0.467388 0.032312 -0.138687
v 0.364692 0.032680 -0.143054
v 0.585796 0.027003 -0.112556
v 0.473367 0.027794 -0.115097
v 0.366577 0.028553 -0.117320
v 0.601313 0.021737 -0.047642
v 0.487487 0.022346 -0.047784
v 0.378855 0.022956 -0.047925
v 0.601697 0.021444 -0.036353
v 0.488071 0.021885 -0.036456
v 0.379601 0.022326 -0.036558
v 0.602068 0.021160 -0.025204
v 0.488636 0.021438 -0.025269
v 0.380322 0.021717 -0.025334
v 0.816143 1.956114 -0.005584
v 0.932381 1.956114 -0.005584
v 1.048000 1.956114 -0.005584
v 0.816143 1.956114 -0.007527
v 0.932381 1.956114 -0.007527
v 1.048000 1.956114 -0.007527
v 0.816143 1.956114 -0.009496
v 0.932381 1.956114 -0.009496
v 1.048000 1.956114 -0.009496
v 0.366194 1.956114 -0.005584
v 0.471255 1.956114 -0.005584
v 0.583603 1.956114 -0.005584
v 0.366194 1.956114 -0.007527
v 0.471255 1.956114 -0.007527
v 0.583603 1.956114 -0.007527
v 0.366194 1.956114 -0.009496
v 0.471255 1.956114 -0.009496
v 0.583603 1.956114 -0.009496
v 0.058907 1.956114 -0.005584
v 0.121458 1.956114 -0.005584
v 0.191296 1.956114 -0.005584
v 0.058907 1.956114 -0.007527
v 0.121458 1.956114 -0.007527
v 0.191296 1.956114 -0.007527
v 0.058907 1.956114 -0.009496
v 0.121458 1.956114 -0.009496
v 0.191296 1.956114 -0.009496
v 0.583603 0.118010 -0.005584
v 0.471255 0.118010 -0.005584
v 0.366194 0.118010 -0.005584
v 0.583603 0.118039 -0.007527
v 0.471255 0.118039 -0.007527
v 0.366194 0.118039 -0.007527
v 0.583603 0.118049 -0.009496
v 0.471255 0.118049 -0.009496
v 0.366194 0.118049 -0.009496
v 1.048000 0.118010 -0.005584
v 0.932381 0.118010 -0.005584
v 0.816143 0.118010 -0.005584
v 1.048000 0.118039 -0.007527
v 0.932381 0.118039 -0.007527
v 0.816143 0.118039 -0.007527
v 1.048000 0.118049 -0.009496
v 0.932381 0.118049 -0.009496
v 0.816143 0.118049 -0.009496
v 1.470872 0.118010 -0.005584
v 1.379981 0.118010 -0.005584
v 1.275134 0.118010 -0.005584
v 1.470872 0.118039 -0.007527
v 1.379981 0.118039 -0.007527
v 1.275134 0.118039 -0.007527
v 1.470872 0.118049 -0.009496
v 1.379981 0.118049 -0.009496
v 1.275134 0.118049 -0.009496
v 1.587471 1.956047 -0.005584
v 1.613179 1.955578 -0.005584
v 1.624932 1.954305 -0.005584
v 1.587471 1.956047 -0.007527
v 1.613179 1.955578 -0.007527
v 1.624932 1.954305 -0.007527
v 1.587471 1.956047 -0.009496
v 1.613179 1.955578 -0.009496
v 1.624932 1.954305 -0.009496
v 1.632337 0.148068 -0.005584
v 1.631976 0.132552 -0.005584
v 1.630996 0.124657 -0.005584
v 1.632337 0.148077 -0.007527
v 1.631976 0.132566 -0.007527
v 1.630996 0.124676 -0.007527
v 1.632338 0.148081 -0.009496
v 1.631976 0.132571 -0.009496
v 1.630996 0.124683 -0.009496
v 1.637219 0.141185 -0.000891
v 1.636856 0.125594 -0.000891
v 1.635873 0.117626 -0.000891
v 1.633783 0.145983 -0.001562
v 1.633422 0.130419 -0.001562
v 1.632441 0.122475 -0.001562
v 1.632518 0.147772 -0.002533
v 1.632157 0.132229 -0.002533
v 1.631177 0.124308 -0.002533
v 1.592218 1.960586 -0.000891
v 1.618003 1.960115 -0.000891
v 1.629791 1.958836 -0.000891
v 1.588877 1.957392 -0.001562
v 1.614609 1.956922 -0.001562
v 1.626371 1.955648 -0.001562
v 1.587647 1.956215 -0.002533
v 1.613358 1.955746 -0.002533
v 1.625112 1.954473 -0.002533
v 1.473468 0.110850 -0.000891
v 1.381367 0.110850 -0.000891
v 1.275447 0.110850 -0.000891
v 1.471641 0.115745 -0.001562
v 1.380391 0.115745 -0.001562
v 1.275227 0.115745 -0.001562
v 1.470968 0.117615 -0.002533
v 1.380032 0.117615 -0.002533
v 1.275146 0.117615 -0.002533
v 1.047633 0.110850 -0.000891
v 0.932428 0.110850 -0.000891
v 0.816781 0.110850 -0.000891
v 1.047891 0.115745 -0.001562
v 0.932395 0.115745 -0.001562
v 0.816332 0.115745 -0.001562
v 1.047986 0.117615 -0.002533
v 0.932383 0.117615 -0.002533
v 0.816167 0.117615 -0.002533
v 0.584946 0.110850 -0.000891
v 0.472545 0.110850 -0.000891
v 0.367275 0.110850 -0.000891
v 0.584001 0.115745 -0.001562
v 0.471637 0.115745 -0.001562
v 0.366515 0.115745 -0.001562
v 0.583653 0.117615 -0.002533
v 0.471303 0.117615 -0.002533
v 0.366234 0.117615 -0.002533
v 0.059083 1.960653 -0.000891
v 0.121821 1.960653 -0.000891
v 0.191868 1.960653 -0.000891
v 0.058959 1.957459 -0.001562
v 0.121565 1.957459 -0.001562
v 0.191465 1.957459 -0.001562
v 0.058913 1.956282 -0.002533
v 0.121471 1.956282 -0.002533
v 0.191317 1.956282 -0.002533
v 0.367289 1.960653 -0.000891
v 0.472664 1.960653 -0.000891
v 0.585349 1.960653 -0.000891
v 0.366519 1.957459 -0.001562
v 0.471673 1.957459 -0.001562
v 0.584121 1.957459 -0.001562
v 0.366235 1.956282 -0.002533
v 0.471307 1.956282 -0.002533
v 0.583668 1.956282 -0.002533
v 0.818583 1.960653 -0.000891
v 0.935169 1.960653 -0.000891
v 1.051134 1.960653 -0.000891
v 0.816866 1.957459 -0.001562
v 0.933207 1.957459 -0.001562
v 1.048928 1.957459 -0.001562
v 0.816233 1.956282 -0.002533
v 0.932484 1.956282 -0.002533
v 1.048116 1.956282 -0.002533
v 0.606679 2.016135 -0.002453
v 0.489888 2.016135 -0.002453
v 0.380673 2.016135 -0.002453
v 0.607907 2.019330 -0.004826
v 0.490880 2.019330 -0.004826
v 0.381444 2.019330 -0.004826
v 0.608359 2.020507 -0.009001
v 0.491245 2.020507 -0.009001
v 0.381728 2.020507 -0.009001
v 1.089437 2.016135 -0.002453
v 0.969247 2.016135 -0.002453
v 0.848413 2.016135 -0.002453
v 1.091642 2.019330 -0.004826
v 0.971209 2.019330 -0.004826
v 0.850130 2.019330 -0.004826
v 1.092455 2.020507 -0.009001
v 0.971932 2.020507 -0.009001
v 0.850763 2.020507 -0.009001
v 1.529029 2.016135 -0.002453
v 1.434544 2.016135 -0.002453
v 1.325552 2.016135 -0.002453
v 1.532124 2.019330 -0.004826
v 1.437448 2.019330 -0.004826
v 1.328235 2.019330 -0.004826
v 1.533264 2.020507 -0.009001
v 1.438518 2.020507 -0.009001
v 1.329223 2.020507 -0.009001
v 0.824580 0.027482 -0.002454
v 0.933007 0.027481 -0.002454
v 1.043154 0.027481 -0.002453
v 0.825021 0.022698 -0.004828
v 0.933038 0.022693 -0.004827
v 1.042896 0.022692 -0.004826
v 0.825165 0.020951 -0.009007
v 0.933044 0.020934 -0.009003
v 1.042799 0.020928 -0.009001
v 0.380466 0.027489 -0.002455
v 0.488305 0.027487 -0.002455
v 0.601356 0.027485 -0.002454
v 0.381156 0.022760 -0.004842
v 0.489157 0.022741 -0.004838
v 0.602264 0.022723 -0.004834
v 0.381244 0.021157 -0.009055
v 0.489341 0.021096 -0.009040
v 0.602514 0.021034 -0.009026
v 0.061232 0.027493 -0.002456
v 0.126252 0.027493 -0.002456
v 0.198849 0.027492 -0.002456
v 0.061328 0.022791 -0.004849
v 0.126455 0.022789 -0.004849
v 0.199181 0.022784 -0.004848
v 0.061297 0.021263 -0.009079
v 0.126405 0.021257 -0.009078
v 0.199138 0.021241 -0.009074
v 1.696879 1.884927 -0.002453
v 1.696503 1.969106 -0.002453
v 1.695484 2.003271 -0.002453
v 1.700314 1.887534 -0.004826
v 1.699937 1.972100 -0.004826
v 1.698916 2.006418 -0.004826
v 1.701579 1.888495 -0.009001
v 1.701203 1.973204 -0.009001
v 1.700181 2.007577 -0.009001
v 1.644920 0.027533 -0.002453
v 1.675387 0.027900 -0.002453
v 1.688983 0.028896 -0.002453
v 1.647978 0.022744 -0.004826
v 1.678698 0.023111 -0.004826
v 1.692392 0.024109 -0.004826
v 1.649104 0.020979 -0.009001
v 1.679918 0.021347 -0.009001
v 1.693648 0.022346 -0.009001
v 1.695484 0.034512 -0.002453
v 1.696503 0.042628 -0.002453
v 1.696879 0.058366 -0.002453
v 1.698916 0.029734 -0.004826
v 1.699937 0.037857 -0.004826
v 1.700314 0.053601 -0.004826
v 1.700181 0.027974 -0.009001
v 1.701203 0.036099 -0.009001
v 1.701579 0.051845 -0.009001
v 1.637270 0.302891 -0.000891
v 1.637270 0.253603 -0.000891
v 1.637270 0.206539 -0.000891
v 1.633835 0.307619 -0.001562
v 1.633836 0.258352 -0.001562
v 1.633835 0.211301 -0.001562
v 1.632570 0.309361 -0.002533
v 1.632570 0.260103 -0.002533
v 1.632570 0.213061 -0.002533
v 1.632389 0.309610 -0.005584
v 1.632389 0.260356 -0.005584
v 1.632389 0.213321 -0.005584
v 1.632389 0.309610 -0.007527
v 1.632389 0.260357 -0.007527
v 1.632389 0.213323 -0.007527
v 1.632389 0.309610 -0.009496
v 1.632389 0.260357 -0.009496
v 1.632389 0.213324 -0.009496
v 0.816143 0.124684 -0.015577
v 0.816143 0.132572 -0.015752
v 0.816143 0.148081 -0.015816
v 0.932381 0.124684 -0.015577
v 0.932381 0.132572 -0.015752
v 0.932381 0.148081 -0.015816
v 1.048000 0.124684 -0.015577
v 1.048000 0.132572 -0.015752
v 1.048000 0.148081 -0.015816
v 0.366194 0.124684 -0.015577
v 0.366194 0.132572 -0.015752
v 0.366194 0.148081 -0.015816
v 0.471255 0.124684 -0.015577
v 0.471255 0.132572 -0.015752
v 0.471255 0.148081 -0.015816
v 0.583603 0.124684 -0.015577
v 0.583603 0.132572 -0.015752
v 0.583603 0.148081 -0.015816
v 0.058907 0.124684 -0.015577
v 0.058907 0.132572 -0.015752
v 0.058907 0.148081 -0.015816
v 0.121458 0.124684 -0.015577
v 0.121458 0.132572 -0.015752
v 0.121458 0.148081 -0.015816
v 0.191296 0.124684 -0.015577
v 0.191296 0.132572 -0.015752
v 0.191296 0.148081 -0.015816
v 0.776288 0.072681 -0.179388
v 0.885080 0.070748 -0.176637
v 0.993765 0.068455 -0.174841
v 0.772108 0.099527 -0.188416
v 0.880104 0.096551 -0.185220
v 0.988072 0.092971 -0.182810
v 0.769372 0.133588 -0.194469
v 0.876458 0.129558 -0.190937
v 0.983676 0.124698 -0.187955
v 0.345476 0.076268 -0.203695
v 0.448994 0.076313 -0.196167
v 0.557140 0.075599 -0.189228
v 0.347134 0.105993 -0.210533
v 0.447940 0.105195 -0.204371
v 0.554611 0.103853 -0.198184
v 0.347944 0.142513 -0.213884
v 0.447586 0.141212 -0.208958
v 0.553427 0.139350 -0.203699
v 0.053898 0.079367 -0.221204
v 0.111018 0.078838 -0.219951
v 0.175066 0.077557 -0.216630
v 0.055381 0.108082 -0.222159
v 0.114185 0.107838 -0.221393
v 0.179954 0.107263 -0.219377
v 0.055922 0.144393 -0.222217
v 0.115302 0.144271 -0.221724
v 0.181614 0.143951 -0.220397
v 1.652847 0.035464 -0.107508
v 1.653742 0.045426 -0.107571
v 1.654064 0.063165 -0.107601
v 1.626260 0.040139 -0.125683
v 1.626451 0.051010 -0.126191
v 1.626456 0.069835 -0.126430
v 1.600645 0.045110 -0.142530
v 1.599106 0.056707 -0.144138
v 1.598380 0.076556 -0.144862
v 1.519112 0.052462 -0.169850
v 1.546621 0.051511 -0.168074
v 1.564076 0.050764 -0.163739
v 1.512138 0.067951 -0.174975
v 1.539872 0.066157 -0.172918
v 1.558193 0.064317 -0.168021
v 1.509535 0.091023 -0.177019
v 1.537495 0.088545 -0.174767
v 1.556120 0.085952 -0.169646
v 1.587452 0.124704 -0.015569
v 1.587464 0.132578 -0.015743
v 1.587470 0.148082 -0.015807
v 1.613025 0.124839 -0.015513
v 1.613126 0.132623 -0.015681
v 1.613172 0.148088 -0.015743
v 1.624452 0.125141 -0.015363
v 1.624769 0.132719 -0.015513
v 1.624911 0.148100 -0.015569
v 1.679757 0.244412 -0.000517
v 1.679757 0.194890 -0.000517
v 1.679757 0.147712 -0.000517
v 1.667101 0.261831 -0.000208
v 1.667102 0.212378 -0.000208
v 1.667101 0.165232 -0.000208
v 1.654446 0.279250 -0.000211
v 1.654446 0.229866 -0.000211
v 1.654446 0.182753 -0.000211
v 1.632337 0.309611 -0.012744
v 1.632337 0.260357 -0.012744
v 1.632337 0.213324 -0.012744
v 1.631976 0.309610 -0.013861
v 1.631976 0.260357 -0.013861
v 1.631976 0.213324 -0.013861
v 1.630996 0.309610 -0.014679
v 1.630996 0.260357 -0.014679
v 1.630996 0.213324 -0.014679
v 1.699971 0.027785 -0.064824
v 1.700993 0.035926 -0.064824
v 1.701369 0.051689 -0.064824
v 1.697239 0.028228 -0.071629
v 1.698259 0.036475 -0.071629
v 1.698635 0.052353 -0.071629
v 1.689823 0.029428 -0.079766
v 1.690838 0.037964 -0.079766
v 1.691213 0.054154 -0.079766
v 1.630951 1.944114 -0.012740
v 1.631927 1.912835 -0.012742
v 1.632286 1.835933 -0.012743
v 1.630636 1.943930 -0.013833
v 1.631579 1.912774 -0.013851
v 1.631927 1.835925 -0.013859
v 1.629794 1.943518 -0.014593
v 1.630636 1.912644 -0.014650
v 1.630951 1.835909 -0.014675
v 1.678324 1.987536 -0.000517
v 1.679332 1.954134 -0.000517
v 1.679704 1.871889 -0.000517
v 1.665679 1.975942 -0.000208
v 1.666680 1.943103 -0.000208
v 1.667049 1.862283 -0.000208
v 1.653034 1.964348 -0.000211
v 1.654028 1.932071 -0.000211
v 1.654393 1.852676 -0.000211
v 1.630996 1.944141 -0.005584
v 1.631976 1.912844 -0.005584
v 1.632337 1.835934 -0.005584
v 1.630996 1.944141 -0.007527
v 1.631976 1.912844 -0.007527
v 1.632337 1.835934 -0.007527
v 1.630996 1.944141 -0.009496
v 1.631976 1.912844 -0.009496
v 1.632338 1.835934 -0.009496
v 1.635873 1.948613 -0.000891
v 1.636857 1.917099 -0.000891
v 1.637219 1.839639 -0.000891
v 1.632441 1.945466 -0.001562
v 1.633422 1.914105 -0.001562
v 1.633784 1.837032 -0.001562
v 1.631177 1.944306 -0.002533
v 1.632157 1.913002 -0.002533
v 1.632518 1.836071 -0.002533
v 1.696932 0.890044 -0.002453
v 1.696932 1.187083 -0.002453
v 1.696932 1.481954 -0.002453
v 1.700367 0.888011 -0.004826
v 1.700367 1.186437 -0.004826
v 1.700367 1.482684 -0.004826
v 1.701633 0.887262 -0.009001
v 1.701633 1.186198 -0.009001
v 1.701633 1.482953 -0.009001
v 0.816143 0.928243 -0.015825
v 0.816143 1.199240 -0.015825
v 0.816143 1.468230 -0.015825
v 0.932381 0.928243 -0.015825
v 0.932381 1.199240 -0.015825
v 0.932381 1.468230 -0.015825
v 1.048000 0.928243 -0.015825
v 1.048000 1.199240 -0.015825
v 1.048000 1.468230 -0.015825
v 0.366194 0.928243 -0.015825
v 0.366194 1.199240 -0.015825
v 0.366194 1.468230 -0.015825
v 0.471255 0.928243 -0.015825
v 0.471255 1.199240 -0.015825
v 0.471255 1.468230 -0.015825
v 0.583603 0.928243 -0.015825
v 0.583603 1.199240 -0.015825
v 0.583603 1.468230 -0.015825
v 0.058907 0.928243 -0.015825
v 0.058907 1.199240 -0.015825
v 0.058907 1.468230 -0.015825
v 0.121458 0.928243 -0.015825
v 0.121458 1.199240 -0.015825
v 0.121458 1.468230 -0.015825
v 0.191296 0.928243 -0.015825
v 0.191296 1.199240 -0.015825
v 0.191296 1.468230 -0.015825
v 0.055999 0.432596 -0.229661
v 0.115461 0.432466 -0.229311
v 0.181852 0.432111 -0.228361
v 0.055999 0.434606 -0.237561
v 0.115461 0.434475 -0.237196
v 0.181852 0.434121 -0.236206
v 0.055999 0.437847 -0.245393
v 0.115461 0.437716 -0.245025
v 0.181852 0.437363 -0.244024
v 0.749618 0.418761 -0.209025
v 0.841759 0.414747 -0.206377
v 0.926159 0.412037 -0.204251
v 0.741518 0.421857 -0.214894
v 0.826199 0.418739 -0.211590
v 0.898358 0.417339 -0.209036
v 0.733626 0.426093 -0.221121
v 0.812061 0.423549 -0.217052
v 0.875317 0.422653 -0.213813
v 1.654116 0.876395 -0.107607
v 1.654116 1.160166 -0.107607
v 1.654116 1.441838 -0.107606
v 1.626509 0.870233 -0.126476
v 1.626509 1.145257 -0.126475
v 1.626509 1.418231 -0.126473
v 1.598453 0.864092 -0.145005
v 1.598453 1.130364 -0.145001
v 1.598453 1.394633 -0.144997
v 1.511401 0.855363 -0.178591
v 1.538569 0.854781 -0.175579
v 1.556644 0.855937 -0.170091
v 1.512424 1.105950 -0.178301
v 1.538871 1.106598 -0.175477
v 1.556681 1.110280 -0.170065
v 1.513443 1.354670 -0.177985
v 1.539173 1.356507 -0.175367
v 1.556719 1.362688 -0.170037
v 1.587471 0.928243 -0.015816
v 1.587471 1.199240 -0.015816
v 1.587471 1.468230 -0.015816
v 1.613179 0.928243 -0.015752
v 1.613179 1.199240 -0.015752
v 1.613179 1.468230 -0.015752
v 1.624932 0.928243 -0.015577
v 1.624931 1.199240 -0.015577
v 1.624932 1.468230 -0.015577
v 1.701423 0.887066 -0.064824
v 1.701423 1.185951 -0.064824
v 1.701423 1.482655 -0.064824
v 1.698689 0.886449 -0.071629
v 1.698689 1.184459 -0.071629
v 1.698689 1.480293 -0.071629
v 1.691266 0.884773 -0.079766
v 1.691266 1.180410 -0.079766
v 1.691266 1.473884 -0.079766
v -0.027343 -0.250345 -0.334767
v -0.053068 -0.250357 -0.332194
v -0.075557 -0.250387 -0.325210
v -0.027844 -0.266846 -0.343127
v -0.054039 -0.266852 -0.340489
v -0.076939 -0.266868 -0.333329
v -0.028554 -0.274569 -0.348195
v -0.055419 -0.274573 -0.345484
v -0.078903 -0.274584 -0.338126
v 0.104158 0.030335 -0.131617
v 0.106711 0.031625 -0.150515
v 0.102304 0.032915 -0.169413
v 0.096190 0.030018 -0.132295
v 0.098536 0.031263 -0.150647
v 0.094457 0.032509 -0.169000
v 0.091853 0.029060 -0.132954
v 0.094077 0.030282 -0.151020
v 0.090165 0.031504 -0.169086
v -0.026791 0.035145 -0.202079
v -0.051989 0.035016 -0.200189
v -0.073999 0.034666 -0.195060
v -0.024731 0.034662 -0.200725
v -0.047991 0.034537 -0.198889
v -0.068313 0.034199 -0.193908
v -0.023598 0.033617 -0.200314
v -0.045795 0.033494 -0.198507
v -0.065191 0.033163 -0.193604
v 0.028304 0.028106 -0.098951
v 0.054722 0.028235 -0.100841
v 0.077367 0.028585 -0.105971
v 0.026144 0.027865 -0.100570
v 0.050545 0.027990 -0.102405
v 0.071459 0.028328 -0.107387
v 0.024974 0.026948 -0.101726
v 0.048282 0.027070 -0.103533
v 0.068255 0.027402 -0.108437
v -0.104567 -0.250540 -0.290289
v -0.109147 -0.250653 -0.264558
v -0.106610 -0.250766 -0.238826
v -0.106480 -0.266947 -0.297529
v -0.111144 -0.267004 -0.271151
v -0.108560 -0.267063 -0.244772
v -0.109198 -0.274640 -0.301337
v -0.113981 -0.274682 -0.274229
v -0.111331 -0.274724 -0.247122
v 0.029010 -0.250961 -0.194348
v 0.056079 -0.250950 -0.196921
v 0.079266 -0.250919 -0.203905
v 0.029541 -0.267163 -0.199175
v 0.057105 -0.267157 -0.201812
v 0.080717 -0.267141 -0.208972
v 0.030295 -0.274796 -0.200264
v 0.058562 -0.274791 -0.202975
v 0.082777 -0.274780 -0.210333
v 0.106610 -0.250766 -0.238826
v 0.109147 -0.250653 -0.264558
v 0.104567 -0.250540 -0.290289
v 0.108560 -0.267063 -0.244772
v 0.111145 -0.267005 -0.271151
v 0.106480 -0.266947 -0.297529
v 0.111331 -0.274724 -0.247122
v 0.113981 -0.274682 -0.274229
v 0.109198 -0.274640 -0.301337
v 0.088994 0.023450 -0.135268
v 0.091121 0.024657 -0.153216
v 0.087305 0.025865 -0.171164
v 0.089133 0.014800 -0.138550
v 0.091257 0.015988 -0.156677
v 0.087430 0.017176 -0.174805
v 0.090227 -0.002485 -0.145069
v 0.092375 -0.001351 -0.163655
v 0.088499 -0.000218 -0.182241
v 0.024212 0.021363 -0.104244
v 0.046805 0.021483 -0.106039
v 0.066160 0.021811 -0.110910
v 0.024253 0.012746 -0.107214
v 0.046884 0.012865 -0.109027
v 0.066269 0.013187 -0.113948
v 0.024552 -0.004444 -0.112941
v 0.047461 -0.004330 -0.114800
v 0.067085 -0.004023 -0.119844
v -0.087305 0.025865 -0.171164
v -0.091121 0.024657 -0.153216
v -0.088994 0.023450 -0.135268
v -0.087430 0.017177 -0.174805
v -0.091257 0.015988 -0.156677
v -0.089133 0.014800 -0.138550
v -0.088499 -0.000218 -0.182241
v -0.092375 -0.001351 -0.163655
v -0.090227 -0.002484 -0.145069
v -0.022834 0.027952 -0.202188
v -0.044316 0.027831 -0.200393
v -0.063093 0.027504 -0.195522
v -0.022864 0.019230 -0.206140
v -0.044374 0.019112 -0.204327
v -0.063177 0.018789 -0.199407
v -0.023142 0.001742 -0.214369
v -0.044914 0.001628 -0.212511
v -0.063947 0.001321 -0.207466
v 0.095146 -0.075772 -0.172738
v 0.097411 -0.074929 -0.193411
v 0.093323 -0.074086 -0.214085
v 0.098479 -0.127373 -0.192238
v 0.100823 -0.126748 -0.214399
v 0.096592 -0.126124 -0.236559
v 0.101782 -0.178804 -0.211676
v 0.104204 -0.178398 -0.235320
v 0.099831 -0.177993 -0.258963
v 0.025891 -0.077228 -0.137003
v 0.050049 -0.077144 -0.139070
v 0.070743 -0.076916 -0.144682
v 0.026797 -0.128452 -0.153933
v 0.051802 -0.128389 -0.156149
v 0.073221 -0.128220 -0.162164
v 0.027696 -0.179505 -0.170807
v 0.053539 -0.179465 -0.173171
v 0.075677 -0.179355 -0.179589
v -0.093323 -0.074086 -0.214085
v -0.097411 -0.074929 -0.193411
v -0.095146 -0.075772 -0.172738
v -0.096592 -0.126124 -0.236559
v -0.100823 -0.126748 -0.214399
v -0.098479 -0.127373 -0.192238
v -0.099831 -0.177993 -0.258963
v -0.104204 -0.178399 -0.235320
v -0.101782 -0.178804 -0.211676
v -0.024403 -0.072630 -0.249820
v -0.047362 -0.072714 -0.247752
v -0.067433 -0.072943 -0.242141
v -0.025258 -0.125045 -0.274864
v -0.049021 -0.125107 -0.272648
v -0.069795 -0.125277 -0.266633
v -0.026105 -0.177292 -0.299832
v -0.050665 -0.177332 -0.297468
v -0.072135 -0.177442 -0.291050
v 0.055999 0.403506 -0.216662
v 0.115461 0.403375 -0.216483
v 0.181852 0.403019 -0.215998
v 0.055999 0.419133 -0.217045
v 0.115461 0.419002 -0.216823
v 0.181852 0.418647 -0.216219
v 0.055999 0.427086 -0.218994
v 0.115461 0.426955 -0.218720
v 0.181852 0.426601 -0.217976
v 0.348017 0.401169 -0.213549
v 0.447194 0.399353 -0.211595
v 0.552104 0.396669 -0.209354
v 0.348009 0.416800 -0.213183
v 0.447132 0.414985 -0.210833
v 0.551897 0.412301 -0.208265
v 0.347991 0.424757 -0.214242
v 0.446990 0.422954 -0.211396
v 0.551416 0.420302 -0.208372
v 0.763573 0.387940 -0.204621
v 0.866170 0.381946 -0.202175
v 0.966579 0.375183 -0.199535
v 0.762590 0.403580 -0.203487
v 0.864336 0.397699 -0.201349
v 0.963357 0.391200 -0.199130
v 0.760483 0.411768 -0.203199
v 0.861420 0.406221 -0.201160
v 0.960659 0.400370 -0.199128
v 1.632337 0.544183 -0.012744
v 1.632337 0.451121 -0.012744
v 1.632337 0.396050 -0.012744
v 1.631976 0.544183 -0.013861
v 1.631976 0.451121 -0.013861
v 1.631976 0.396050 -0.013861
v 1.630996 0.544183 -0.014679
v 1.630996 0.451121 -0.014679
v 1.630996 0.396050 -0.014679
v 1.679757 0.489331 -0.000517
v 1.679757 0.390238 -0.000517
v 1.679757 0.332366 -0.000517
v 1.667101 0.503987 -0.000208
v 1.667102 0.406504 -0.000208
v 1.667101 0.349381 -0.000208
v 1.654446 0.518642 -0.000211
v 1.654446 0.422771 -0.000211
v 1.654446 0.366396 -0.000211
v 1.632389 0.544183 -0.005584
v 1.632389 0.451121 -0.005584
v 1.632389 0.396050 -0.005584
v 1.632389 0.544183 -0.007527
v 1.632389 0.451121 -0.007527
v 1.632389 0.396050 -0.007527
v 1.632389 0.544183 -0.009496
v 1.632389 0.451121 -0.009496
v 1.632389 0.396050 -0.009496
v 1.637270 0.538531 -0.000891
v 1.637270 0.444847 -0.000891
v 1.637270 0.389487 -0.000891
v 1.633835 0.542508 -0.001562
v 1.633836 0.449262 -0.001562
v 1.633835 0.394105 -0.001562
v 1.632570 0.543974 -0.002533
v 1.632570 0.450888 -0.002533
v 1.632570 0.395807 -0.002533
v 0.721767 0.834895 -0.223354
v 0.796649 0.833049 -0.219699
v 0.862413 0.832490 -0.216046
v 0.722962 1.045990 -0.217992
v 0.798067 1.042800 -0.215378
v 0.863400 1.038997 -0.212644
v 0.726080 1.260283 -0.212027
v 0.801617 1.252405 -0.210459
v 0.865009 1.237193 -0.208743
v 0.347679 0.841508 -0.236321
v 0.444491 0.840409 -0.233610
v 0.542980 0.838941 -0.230428
v 0.347689 1.051324 -0.227470
v 0.444574 1.050488 -0.225430
v 0.543261 1.049364 -0.223071
v 0.347716 1.264734 -0.218094
v 0.444792 1.264166 -0.216718
v 0.543998 1.263400 -0.215167
v 0.055999 0.843066 -0.240571
v 0.115461 0.842978 -0.240327
v 0.181852 0.842738 -0.239666
v 0.055999 1.052504 -0.230701
v 0.115461 1.052437 -0.230516
v 0.181852 1.052256 -0.230013
v 0.055999 1.265534 -0.220312
v 0.115461 1.265488 -0.220184
v 0.181852 1.265365 -0.219838
v 0.962633 1.653347 -0.191701
v 0.869445 1.704279 -0.191382
v 0.767464 1.722210 -0.191364
v 0.925120 1.593818 -0.196077
v 0.846719 1.648545 -0.195580
v 0.754822 1.668439 -0.195468
v 0.893662 1.513724 -0.200447
v 0.825803 1.562461 -0.200295
v 0.742407 1.580743 -0.200407
v 1.076132 0.859008 -0.201500
v 1.078793 1.097111 -0.198689
v 1.069539 1.339439 -0.195510
v 1.020803 0.850503 -0.205294
v 1.021891 1.076906 -0.202669
v 1.012081 1.300288 -0.199780
v 0.970853 0.841604 -0.208893
v 0.971209 1.055840 -0.206345
v 0.963623 1.258978 -0.203560
v 0.347905 0.430280 -0.223589
v 0.446304 0.428557 -0.219927
v 0.549100 0.426119 -0.215987
v 0.347843 0.432300 -0.231223
v 0.445801 0.430638 -0.227339
v 0.547405 0.428363 -0.223050
v 0.347780 0.435554 -0.238974
v 0.445301 0.433951 -0.234970
v 0.545717 0.431832 -0.230420
v 0.553063 1.724913 -0.191638
v 0.447478 1.724969 -0.191806
v 0.348052 1.725013 -0.191964
v 0.550363 1.671586 -0.195765
v 0.446678 1.671706 -0.196015
v 0.347952 1.671796 -0.196268
v 0.547663 1.583984 -0.201081
v 0.445878 1.584228 -0.201547
v 0.347852 1.584410 -0.202004
v 1.034698 0.423397 -0.202966
v 1.054259 0.456931 -0.203554
v 1.063560 0.530418 -0.203897
v 0.985813 0.429166 -0.207245
v 1.002807 0.461104 -0.207554
v 1.010843 0.532114 -0.207707
v 0.945397 0.433834 -0.211347
v 0.958113 0.464410 -0.211496
v 0.964066 0.533158 -0.211453
v 0.055999 0.455267 -0.255415
v 0.115461 0.455139 -0.255055
v 0.181852 0.454791 -0.254076
v 0.055999 0.486265 -0.256151
v 0.115461 0.486140 -0.255801
v 0.181852 0.485800 -0.254854
v 0.055999 0.552128 -0.253910
v 0.115461 0.552009 -0.253582
v 0.181852 0.551688 -0.252692
v 0.347697 0.453013 -0.249121
v 0.444635 0.451481 -0.245091
v 0.543466 0.449522 -0.240337
v 0.347681 0.484065 -0.250055
v 0.444510 0.482562 -0.246135
v 0.543044 0.480628 -0.241479
v 0.347676 0.550045 -0.248183
v 0.444471 0.548606 -0.244499
v 0.542913 0.546728 -0.240120
v 0.723593 0.444436 -0.229697
v 0.797151 0.441839 -0.224440
v 0.857548 0.439688 -0.219660
v 0.721902 0.475514 -0.230895
v 0.795874 0.472653 -0.225490
v 0.859084 0.469920 -0.220369
v 0.721416 0.541657 -0.230142
v 0.795786 0.538828 -0.224988
v 0.860455 0.536280 -0.220028
v 1.637270 1.469268 -0.000891
v 1.637271 1.198321 -0.000891
v 1.637271 0.925354 -0.000891
v 1.633836 1.468538 -0.001562
v 1.633835 1.198967 -0.001562
v 1.633836 0.927387 -0.001562
v 1.632570 1.468269 -0.002533
v 1.632570 1.199206 -0.002533
v 1.632570 0.928136 -0.002533
v 1.632389 1.468230 -0.005584
v 1.632389 1.199240 -0.005584
v 1.632389 0.928243 -0.005584
v 1.632389 1.468230 -0.007527
v 1.632389 1.199240 -0.007527
v 1.632389 0.928243 -0.007527
v 1.632389 1.468230 -0.009496
v 1.632389 1.199240 -0.009496
v 1.632389 0.928243 -0.009496
v 1.679757 1.478302 -0.000517
v 1.679757 1.190318 -0.000517
v 1.679757 0.900209 -0.000517
v 1.667101 1.475611 -0.000208
v 1.667102 1.192702 -0.000208
v 1.667102 0.907699 -0.000208
v 1.654446 1.472920 -0.000211
v 1.654446 1.195086 -0.000211
v 1.654446 0.915189 -0.000211
v 1.632337 1.468230 -0.012744
v 1.632337 1.199240 -0.012744
v 1.632337 0.928243 -0.012744
v 1.631976 1.468230 -0.013861
v 1.631976 1.199240 -0.013861
v 1.631976 0.928243 -0.013861
v 1.630996 1.468230 -0.014679
v 1.630996 1.199240 -0.014679
v 1.630996 0.928243 -0.014679
v 1.701423 0.302853 -0.064824
v 1.701423 0.362013 -0.064824
v 1.701423 0.463876 -0.064824
v 1.698689 0.303838 -0.071629
v 1.698689 0.362886 -0.071629
v 1.698689 0.464481 -0.071629
v 1.691266 0.306510 -0.079766
v 1.691266 0.365255 -0.079766
v 1.691266 0.466124 -0.079766
v 1.587471 0.396050 -0.015816
v 1.587471 0.451121 -0.015816
v 1.587471 0.544183 -0.015816
v 1.613179 0.396050 -0.015752
v 1.613179 0.451121 -0.015752
v 1.613179 0.544183 -0.015752
v 1.624932 0.396050 -0.015577
v 1.624931 0.451121 -0.015577
v 1.624932 0.544183 -0.015577
v 1.506611 0.362705 -0.178783
v 1.537127 0.357736 -0.175638
v 1.556436 0.353488 -0.170100
v 1.508760 0.413943 -0.178817
v 1.537756 0.410358 -0.175661
v 1.556537 0.406871 -0.170113
v 1.509877 0.500083 -0.178841
v 1.538116 0.497520 -0.175670
v 1.556589 0.495047 -0.170116
v 1.654116 0.319877 -0.107607
v 1.654116 0.377104 -0.107607
v 1.654116 0.474338 -0.107607
v 1.626507 0.329744 -0.126476
v 1.626508 0.385852 -0.126477
v 1.626509 0.480406 -0.126477
v 1.598446 0.339648 -0.145006
v 1.598452 0.394633 -0.145008
v 1.598454 0.486504 -0.145009
v 0.058907 0.396050 -0.015825
v 0.058907 0.451121 -0.015825
v 0.058907 0.544183 -0.015825
v 0.121458 0.396050 -0.015825
v 0.121458 0.451121 -0.015825
v 0.121458 0.544183 -0.015825
v 0.191296 0.396050 -0.015825
v 0.191296 0.451121 -0.015825
v 0.191296 0.544183 -0.015825
v 0.366194 0.396050 -0.015825
v 0.366194 0.451121 -0.015825
v 0.366194 0.544183 -0.015825
v 0.471255 0.396050 -0.015825
v 0.471255 0.451121 -0.015825
v 0.471255 0.544183 -0.015825
v 0.583603 0.396050 -0.015825
v 0.583603 0.451121 -0.015825
v 0.583603 0.544183 -0.015825
v 0.816143 0.396050 -0.015825
v 0.816143 0.451121 -0.015825
v 0.816143 0.544183 -0.015825
v 0.932381 0.396050 -0.015825
v 0.932381 0.451121 -0.015825
v 0.932381 0.544183 -0.015825
v 1.048000 0.396050 -0.015825
v 1.048000 0.451121 -0.015825
v 1.048000 0.544183 -0.015825
v 1.696932 0.309275 -0.002453
v 1.696932 0.368162 -0.002453
v 1.696932 0.469442 -0.002453
v 1.700367 0.304657 -0.004826
v 1.700367 0.363747 -0.004826
v 1.700367 0.465465 -0.004826
v 1.701633 0.302955 -0.009001
v 1.701633 0.362120 -0.009001
v 1.701633 0.463999 -0.009001
v 1.696932 0.123936 -0.002453
v 1.696932 0.171156 -0.002453
v 1.696932 0.220771 -0.002453
v 1.700367 0.119181 -0.004826
v 1.700367 0.166409 -0.004826
v 1.700367 0.216043 -0.004826
v 1.701633 0.117429 -0.009001
v 1.701633 0.164660 -0.009001
v 1.701633 0.214301 -0.009001
v 0.816143 0.213324 -0.015825
v 0.816143 0.260357 -0.015825
v 0.816143 0.309611 -0.015825
v 0.932381 0.213324 -0.015825
v 0.932381 0.260357 -0.015825
v 0.932381 0.309610 -0.015825
v 1.048000 0.213324 -0.015825
v 1.048000 0.260357 -0.015825
v 1.048000 0.309610 -0.015825
v 0.366194 0.213324 -0.015825
v 0.366194 0.260357 -0.015825
v 0.366194 0.309611 -0.015825
v 0.471255 0.213324 -0.015825
v 0.471255 0.260357 -0.015825
v 0.471255 0.309610 -0.015825
v 0.583603 0.213324 -0.015825
v 0.583603 0.260357 -0.015825
v 0.583603 0.309610 -0.015825
v 0.058907 0.213324 -0.015825
v 0.058907 0.260357 -0.015825
v 0.058907 0.309611 -0.015825
v 0.121458 0.213324 -0.015825
v 0.121458 0.260357 -0.015825
v 0.121458 0.309610 -0.015825
v 0.191296 0.213324 -0.015825
v 0.191296 0.260357 -0.015825
v 0.191296 0.309610 -0.015825
v 0.766263 0.223720 -0.201838
v 0.871807 0.218227 -0.198139
v 0.977783 0.211678 -0.194496
v 0.765299 0.274616 -0.204133
v 0.870254 0.268810 -0.200610
v 0.975572 0.261964 -0.196953
v 0.764597 0.322378 -0.205410
v 0.868933 0.316436 -0.202184
v 0.973228 0.309524 -0.198707
v 0.348037 0.235677 -0.215825
v 0.447356 0.233975 -0.212791
v 0.552651 0.231518 -0.209293
v 0.348029 0.287252 -0.215805
v 0.447293 0.285475 -0.213448
v 0.552439 0.282891 -0.210633
v 0.348024 0.335347 -0.215330
v 0.447249 0.333541 -0.213408
v 0.552291 0.330898 -0.211065
v 0.055999 0.237920 -0.220641
v 0.115461 0.237794 -0.220364
v 0.181852 0.237451 -0.219614
v 0.055999 0.289575 -0.219456
v 0.115461 0.289444 -0.219247
v 0.181852 0.289090 -0.218680
v 0.055999 0.337693 -0.218262
v 0.115461 0.337561 -0.218094
v 0.181852 0.337204 -0.217640
v 1.654112 0.132268 -0.107606
v 1.654114 0.180737 -0.107606
v 1.654115 0.231198 -0.107606
v 1.626478 0.140952 -0.126468
v 1.626488 0.190131 -0.126470
v 1.626497 0.241058 -0.126473
v 1.598349 0.149686 -0.144979
v 1.598383 0.199572 -0.144987
v 1.598412 0.250962 -0.144994
v 1.509078 0.168577 -0.177805
v 1.537437 0.165346 -0.175234
v 1.556125 0.161936 -0.169952
v 1.508350 0.220285 -0.178101
v 1.537344 0.216590 -0.175357
v 1.556237 0.212798 -0.169997
v 1.506445 0.273848 -0.178420
v 1.536933 0.269153 -0.175483
v 1.556289 0.264851 -0.170040
v 1.587471 0.213324 -0.015816
v 1.587471 0.260357 -0.015816
v 1.587471 0.309611 -0.015816
v 1.613179 0.213324 -0.015752
v 1.613179 0.260357 -0.015752
v 1.613179 0.309610 -0.015752
v 1.624932 0.213324 -0.015577
v 1.624931 0.260357 -0.015577
v 1.624932 0.309610 -0.015577
v 1.701423 0.117302 -0.064824
v 1.701423 0.164544 -0.064824
v 1.701423 0.214193 -0.064824
v 1.698689 0.118168 -0.071629
v 1.698689 0.165481 -0.071629
v 1.698689 0.215176 -0.071629
v 1.691266 0.120517 -0.079766
v 1.691266 0.168023 -0.079766
v 1.691266 0.217846 -0.079766
v 0.048970 0.026949 -0.084172
v 0.098169 0.027050 -0.086004
v 0.146849 0.027353 -0.091224
v 0.042856 0.027325 -0.088756
v 0.084011 0.027462 -0.090832
v 0.121200 0.027845 -0.096561
v 0.036861 0.027674 -0.093012
v 0.071408 0.027818 -0.095096
v 0.101258 0.028210 -0.100762
v 0.209734 0.029689 -0.123558
v 0.214297 0.032328 -0.148921
v 0.205025 0.036202 -0.174451
v 0.166138 0.030008 -0.127035
v 0.170101 0.031898 -0.150031
v 0.162845 0.034147 -0.173082
v 0.136671 0.030201 -0.129325
v 0.139991 0.031705 -0.150438
v 0.134166 0.033253 -0.171559
v 0.561517 -0.280367 0.004947
v 0.574884 -0.280034 -0.149811
v 0.550758 -0.279700 -0.304569
v 0.590837 -0.280690 0.020762
v 0.604901 -0.280337 -0.143300
v 0.579515 -0.279984 -0.307363
v 0.607448 -0.281558 0.028724
v 0.621908 -0.281194 -0.141067
v 0.595809 -0.280830 -0.310859
v 0.045475 -0.297190 -0.165336
v 0.087908 -0.297183 -0.169404
v 0.124256 -0.297164 -0.180443
v 0.046450 -0.303531 -0.162906
v 0.089792 -0.303524 -0.167062
v 0.126919 -0.303505 -0.178344
v 0.047261 -0.308484 -0.160784
v 0.091359 -0.308477 -0.165018
v 0.129134 -0.308458 -0.176513
v 0.167119 -0.297069 -0.235643
v 0.171097 -0.297000 -0.276316
v 0.163917 -0.296930 -0.316989
v 0.170700 -0.303408 -0.234755
v 0.174763 -0.303337 -0.276320
v 0.167429 -0.303266 -0.317886
v 0.173680 -0.308359 -0.233985
v 0.177814 -0.308287 -0.276332
v 0.170352 -0.308215 -0.318680
v 0.150680 -0.279952 -0.239646
v 0.154267 -0.279889 -0.276315
v 0.147793 -0.279826 -0.312985
v 0.153652 -0.280054 -0.238923
v 0.157309 -0.279990 -0.276315
v 0.150708 -0.279926 -0.313708
v 0.155408 -0.280344 -0.238495
v 0.159107 -0.280280 -0.276315
v 0.152430 -0.280215 -0.314135
v 0.041002 -0.280060 -0.176260
v 0.079261 -0.280054 -0.179927
v 0.112033 -0.280037 -0.189880
v 0.041811 -0.280165 -0.174287
v 0.080824 -0.280158 -0.178026
v 0.114243 -0.280141 -0.188175
v 0.042289 -0.280456 -0.173120
v 0.081748 -0.280449 -0.176902
v 0.115549 -0.280432 -0.187168
v 0.152796 -0.280943 0.272457
v 0.295370 -0.280910 0.256982
v 0.417498 -0.280819 0.214976
v 0.160774 -0.281300 0.304356
v 0.310793 -0.281264 0.287950
v 0.439298 -0.281168 0.243418
v 0.165295 -0.282187 0.322221
v 0.319531 -0.282151 0.305241
v 0.451649 -0.282052 0.259155
v 0.080733 -0.280882 -0.019154
v 0.156065 -0.280866 -0.026995
v 0.220595 -0.280823 -0.048278
v 0.101167 -0.280766 0.063720
v 0.195566 -0.280745 0.053755
v 0.276428 -0.280689 0.026706
v 0.122023 -0.280777 0.148223
v 0.235882 -0.280751 0.136073
v 0.333413 -0.280681 0.103093
v 0.296690 -0.280609 -0.154696
v 0.303753 -0.280452 -0.233109
v 0.291005 -0.280294 -0.311522
v 0.371784 -0.280407 -0.108537
v 0.380634 -0.280200 -0.208189
v 0.364660 -0.279993 -0.307842
v 0.448427 -0.280331 -0.061808
v 0.459101 -0.280073 -0.183314
v 0.439834 -0.279815 -0.304819
v 0.168890 -0.285768 -0.233939
v 0.172910 -0.285696 -0.276195
v 0.165653 -0.285623 -0.318450
v 0.175750 -0.283134 -0.229427
v 0.179933 -0.283057 -0.273717
v 0.172382 -0.282980 -0.318006
v 0.195770 -0.281704 -0.216982
v 0.200431 -0.281613 -0.266954
v 0.192019 -0.281522 -0.316927
v 0.045957 -0.285893 -0.160896
v 0.088839 -0.285886 -0.165122
v 0.125573 -0.285866 -0.176591
v 0.047824 -0.283268 -0.152870
v 0.092448 -0.283260 -0.157299
v 0.130673 -0.283239 -0.169321
v 0.053272 -0.281860 -0.130602
v 0.102979 -0.281851 -0.135599
v 0.145559 -0.281826 -0.149163
v 0.153471 -0.344949 -0.306888
v 0.155347 -0.345550 -0.141275
v 0.156801 -0.345654 0.024340
v 0.293691 -0.344835 -0.300606
v 0.298307 -0.345415 -0.141274
v 0.299527 -0.345513 0.018058
v 0.408591 -0.344527 -0.286567
v 0.417647 -0.345049 -0.141274
v 0.415589 -0.345145 0.004020
v 0.160358 -0.339333 0.310783
v 0.309826 -0.339296 0.294206
v 0.437588 -0.339195 0.249217
v 0.159987 -0.342210 0.294169
v 0.307974 -0.342156 0.278133
v 0.432557 -0.342023 0.234651
v 0.159114 -0.344105 0.249161
v 0.303867 -0.344016 0.234630
v 0.421229 -0.343805 0.195829
v 0.588029 -0.338716 0.024379
v 0.602010 -0.338366 -0.141262
v 0.576821 -0.338011 -0.306903
v 0.577713 -0.341560 0.018079
v 0.591336 -0.341242 -0.141267
v 0.567120 -0.340881 -0.300613
v 0.550370 -0.343389 0.004029
v 0.562519 -0.343150 -0.141270
v 0.541208 -0.342770 -0.286570
v 0.157732 -0.281898 -0.237930
v 0.161487 -0.281832 -0.276315
v 0.154710 -0.281767 -0.314701
v 0.159156 -0.283647 -0.237583
v 0.162944 -0.283580 -0.276315
v 0.156106 -0.283514 -0.315047
v 0.161073 -0.286553 -0.237116
v 0.164907 -0.286485 -0.276315
v 0.157987 -0.286419 -0.315514
v 0.042921 -0.282011 -0.171577
v 0.082970 -0.282005 -0.175416
v 0.117277 -0.281987 -0.185835
v 0.043308 -0.283761 -0.170632
v 0.083719 -0.283754 -0.174505
v 0.118335 -0.283737 -0.185018
v 0.043830 -0.286668 -0.169359
v 0.084728 -0.286662 -0.173278
v 0.119761 -0.286643 -0.183918
v 0.033357 -0.279072 -0.194505
v 0.064482 -0.279067 -0.197489
v 0.091144 -0.279053 -0.205587
v 0.035564 -0.279774 -0.189409
v 0.068748 -0.279769 -0.192590
v 0.097174 -0.279754 -0.201223
v 0.037791 -0.280025 -0.184081
v 0.073053 -0.280019 -0.187461
v 0.103259 -0.280003 -0.196635
v 0.122584 -0.278987 -0.246081
v 0.125502 -0.278937 -0.275918
v 0.120235 -0.278888 -0.305756
v 0.130694 -0.279681 -0.244390
v 0.133805 -0.279627 -0.276198
v 0.128190 -0.279574 -0.308005
v 0.138879 -0.279925 -0.242503
v 0.142184 -0.279867 -0.276301
v 0.136217 -0.279809 -0.310098
v 0.047623 -0.308122 -0.159180
v 0.092060 -0.308115 -0.163476
v 0.130125 -0.308095 -0.175136
v 0.047176 -0.302859 -0.159736
v 0.091197 -0.302852 -0.164013
v 0.128904 -0.302832 -0.175622
v 0.046569 -0.296314 -0.160673
v 0.090022 -0.296307 -0.164917
v 0.127244 -0.296287 -0.176438
v 0.175013 -0.307995 -0.233435
v 0.179179 -0.307922 -0.276393
v 0.171659 -0.307848 -0.319351
v 0.173371 -0.302732 -0.233668
v 0.177498 -0.302660 -0.276438
v 0.170049 -0.302586 -0.319209
v 0.171138 -0.296188 -0.234040
v 0.175212 -0.296116 -0.276484
v 0.167858 -0.296043 -0.318928
v 0.620978 -0.285888 0.033958
v 0.635759 -0.285515 -0.141071
v 0.609079 -0.285142 -0.316101
v 0.623379 -0.289102 0.034845
v 0.638217 -0.288728 -0.141147
v 0.611433 -0.288353 -0.317138
v 0.624039 -0.292368 0.035106
v 0.638893 -0.291993 -0.141176
v 0.612079 -0.291618 -0.317458
v 0.168976 -0.286534 0.336510
v 0.326647 -0.286496 0.319007
v 0.461709 -0.286395 0.271499
v 0.169630 -0.289750 0.339058
v 0.327911 -0.289713 0.321459
v 0.463494 -0.289611 0.273690
v 0.169810 -0.293016 0.339822
v 0.328259 -0.292978 0.322194
v 0.463986 -0.292877 0.274346
v 0.610344 -0.302418 0.031252
v 0.624861 -0.302055 -0.141173
v 0.598627 -0.301692 -0.313598
v 0.604730 -0.304749 0.029657
v 0.619117 -0.304389 -0.141183
v 0.593126 -0.304028 -0.312023
v 0.599267 -0.307946 0.028101
v 0.613526 -0.307587 -0.141196
v 0.587773 -0.307229 -0.310493
v 0.166089 -0.303046 0.329300
v 0.321064 -0.303010 0.312058
v 0.453814 -0.302911 0.265257
v 0.164560 -0.305372 0.324966
v 0.318109 -0.305336 0.307882
v 0.449638 -0.305239 0.261511
v 0.163071 -0.308565 0.320744
v 0.315232 -0.308529 0.303814
v 0.445572 -0.308432 0.257862
v 0.169474 -0.297770 0.338900
v 0.327609 -0.297733 0.321305
v 0.463066 -0.297632 0.273549
v 0.169070 -0.299108 0.337753
v 0.326828 -0.299071 0.320200
v 0.461961 -0.298970 0.272559
v 0.168416 -0.300193 0.335899
v 0.325563 -0.300156 0.318415
v 0.460173 -0.300057 0.270958
v 0.622796 -0.297126 0.034767
v 0.637615 -0.296754 -0.141177
v 0.610851 -0.296381 -0.317122
v 0.621305 -0.298468 0.034350
v 0.636086 -0.298097 -0.141172
v 0.609383 -0.297727 -0.316695
v 0.618897 -0.299557 0.033673
v 0.633618 -0.299189 -0.141168
v 0.607017 -0.298821 -0.316010
v 0.591883 -0.317563 0.025990
v 0.605971 -0.317207 -0.141223
v 0.580539 -0.316852 -0.308436
v 0.590345 -0.323529 0.025543
v 0.604397 -0.323174 -0.141235
v 0.579032 -0.322819 -0.308014
v 0.589719 -0.329452 0.025355
v 0.603757 -0.329097 -0.141246
v 0.578419 -0.328742 -0.307848
v 0.161060 -0.318177 0.315029
v 0.311344 -0.318142 0.298307
v 0.440078 -0.318045 0.252921
v 0.160641 -0.324142 0.313831
v 0.310534 -0.324106 0.297154
v 0.438933 -0.324010 0.251885
v 0.160470 -0.330065 0.313338
v 0.310205 -0.330029 0.296678
v 0.438467 -0.329933 0.251458
v 0.419479 -0.316369 -0.535367
v 0.294627 -0.316273 -0.580753
v 0.151806 -0.316237 -0.597475
v 0.418392 -0.322337 -0.534356
v 0.293863 -0.322241 -0.579624
v 0.151412 -0.322205 -0.596302
v 0.417949 -0.328261 -0.533950
v 0.293552 -0.328165 -0.579171
v 0.151252 -0.328129 -0.595831
v 0.441377 -0.295876 -0.555903
v 0.310006 -0.295775 -0.603660
v 0.159729 -0.295738 -0.621254
v 0.440313 -0.297224 -0.554903
v 0.309258 -0.297123 -0.602545
v 0.159344 -0.297086 -0.620097
v 0.438600 -0.298321 -0.553294
v 0.308055 -0.298221 -0.600751
v 0.158724 -0.298184 -0.618236
v 0.432538 -0.301200 -0.547604
v 0.303797 -0.301101 -0.594404
v 0.156530 -0.301065 -0.611647
v 0.428566 -0.303539 -0.543877
v 0.301008 -0.303441 -0.590248
v 0.155093 -0.303405 -0.607332
v 0.424701 -0.306743 -0.540253
v 0.298294 -0.306646 -0.586206
v 0.153695 -0.306610 -0.603135
v 0.440103 -0.284636 -0.553641
v 0.309112 -0.284534 -0.601149
v 0.159269 -0.284497 -0.618652
v 0.441803 -0.287845 -0.555984
v 0.310307 -0.287743 -0.603753
v 0.159885 -0.287705 -0.621352
v 0.442269 -0.291110 -0.556698
v 0.310634 -0.291008 -0.604546
v 0.160053 -0.290970 -0.622175
v 0.124036 -0.307749 -0.377650
v 0.087118 -0.307729 -0.389310
v 0.044888 -0.307721 -0.393606
v 0.122872 -0.302487 -0.377254
v 0.086301 -0.302467 -0.388863
v 0.044466 -0.302460 -0.393140
v 0.121290 -0.295945 -0.376530
v 0.085189 -0.295925 -0.388051
v 0.043894 -0.295918 -0.392295
v 0.086879 -0.278821 -0.346250
v 0.061020 -0.278808 -0.354348
v 0.031441 -0.278803 -0.357332
v 0.092626 -0.279500 -0.351172
v 0.065057 -0.279486 -0.359806
v 0.033521 -0.279481 -0.362986
v 0.098427 -0.279731 -0.355967
v 0.069131 -0.279716 -0.365140
v 0.035620 -0.279710 -0.368520
v 0.111789 -0.281678 -0.366796
v 0.078516 -0.281660 -0.377215
v 0.040455 -0.281653 -0.381053
v 0.112798 -0.283424 -0.367612
v 0.079225 -0.283406 -0.378125
v 0.040820 -0.283400 -0.381999
v 0.114157 -0.286328 -0.368712
v 0.080180 -0.286309 -0.379352
v 0.041312 -0.286303 -0.383272
v 0.417214 -0.337532 -0.531742
v 0.293277 -0.337442 -0.576730
v 0.151193 -0.337409 -0.593307
v 0.413145 -0.340423 -0.517186
v 0.292107 -0.340371 -0.560667
v 0.151168 -0.340356 -0.576703
v 0.404279 -0.342370 -0.478369
v 0.289806 -0.342416 -0.517171
v 0.151227 -0.342442 -0.531703
v 0.119696 -0.285525 -0.375798
v 0.084070 -0.285506 -0.387267
v 0.043317 -0.285498 -0.391493
v 0.124558 -0.282875 -0.378113
v 0.087485 -0.282854 -0.390134
v 0.045077 -0.282846 -0.394563
v 0.138747 -0.281399 -0.384746
v 0.097451 -0.281375 -0.398310
v 0.050211 -0.281365 -0.403307
v 0.210272 -0.280081 -0.417939
v 0.147687 -0.280038 -0.439223
v 0.076096 -0.280022 -0.447064
v 0.263493 -0.279711 -0.443085
v 0.185068 -0.279655 -0.470133
v 0.095356 -0.279634 -0.480098
v 0.317811 -0.279464 -0.469720
v 0.223219 -0.279394 -0.502700
v 0.115013 -0.279369 -0.514851
v 0.397961 -0.279248 -0.514597
v 0.279514 -0.279158 -0.556603
v 0.144019 -0.279124 -0.572079
v 0.418741 -0.279505 -0.530019
v 0.294109 -0.279409 -0.574550
v 0.151539 -0.279374 -0.590956
v 0.430514 -0.280336 -0.541290
v 0.302378 -0.280237 -0.587376
v 0.155799 -0.280201 -0.604355
v 0.106791 -0.279742 -0.362750
v 0.075006 -0.279724 -0.372703
v 0.038647 -0.279718 -0.376370
v 0.108897 -0.279840 -0.364455
v 0.076485 -0.279822 -0.374605
v 0.039409 -0.279816 -0.378344
v 0.110142 -0.280127 -0.365463
v 0.077359 -0.280110 -0.375728
v 0.039859 -0.280103 -0.379510
v 0.118442 -0.296836 -0.372188
v 0.083189 -0.296817 -0.383228
v 0.042863 -0.296810 -0.387295
v 0.120979 -0.303170 -0.374296
v 0.084972 -0.303150 -0.385578
v 0.043781 -0.303144 -0.389735
v 0.123091 -0.308116 -0.376152
v 0.086455 -0.308097 -0.387647
v 0.044546 -0.308089 -0.391881
v 0.139415 0.043485 -0.208058
v 0.092774 0.045004 -0.213837
v 0.046173 0.045568 -0.215890
v 0.115521 0.037659 -0.203904
v 0.079590 0.038443 -0.209804
v 0.040470 0.038740 -0.211951
v 0.096746 0.035413 -0.200164
v 0.067770 0.035855 -0.205852
v 0.034855 0.036019 -0.207945
v 0.067433 -0.072943 -0.242141
v 0.047362 -0.072714 -0.247752
v 0.024403 -0.072630 -0.249820
v 0.069795 -0.125277 -0.266633
v 0.049021 -0.125107 -0.272648
v 0.025258 -0.125045 -0.274864
v 0.072135 -0.177442 -0.291050
v 0.050665 -0.177332 -0.297468
v 0.026105 -0.177292 -0.299832
v -0.070743 -0.076915 -0.144682
v -0.050049 -0.077144 -0.139070
v -0.025891 -0.077228 -0.137003
v -0.073221 -0.128220 -0.162164
v -0.051802 -0.128389 -0.156149
v -0.026797 -0.128452 -0.153933
v -0.075677 -0.179355 -0.179589
v -0.053539 -0.179465 -0.173171
v -0.027696 -0.179506 -0.170807
v 0.063093 0.027504 -0.195522
v 0.044316 0.027831 -0.200393
v 0.022834 0.027952 -0.202188
v 0.063177 0.018789 -0.199407
v 0.044374 0.019111 -0.204327
v 0.022864 0.019230 -0.206140
v 0.063947 0.001320 -0.207466
v 0.044914 0.001628 -0.212511
v 0.023142 0.001742 -0.214369
v -0.066160 0.021811 -0.110910
v -0.046805 0.021483 -0.106039
v -0.024212 0.021363 -0.104244
v -0.066269 0.013188 -0.113948
v -0.046884 0.012865 -0.109027
v -0.024253 0.012746 -0.107214
v -0.067085 -0.004023 -0.119844
v -0.047461 -0.004330 -0.114800
v -0.024552 -0.004444 -0.112941
v -0.079266 -0.250919 -0.203905
v -0.056079 -0.250950 -0.196921
v -0.029010 -0.250961 -0.194348
v -0.080717 -0.267141 -0.208972
v -0.057105 -0.267157 -0.201812
v -0.029541 -0.267163 -0.199175
v -0.082777 -0.274780 -0.210333
v -0.058562 -0.274791 -0.202975
v -0.030295 -0.274795 -0.200264
v -0.077367 0.028585 -0.105971
v -0.054722 0.028235 -0.100841
v -0.028304 0.028106 -0.098951
v -0.071459 0.028328 -0.107387
v -0.050545 0.027990 -0.102405
v -0.026144 0.027865 -0.100570
v -0.068255 0.027402 -0.108437
v -0.048282 0.027070 -0.103533
v -0.024974 0.026948 -0.101726
v 0.073999 0.034666 -0.195060
v 0.051989 0.035016 -0.200189
v 0.026791 0.035145 -0.202079
v 0.068313 0.034199 -0.193908
v 0.047991 0.034537 -0.198889
v 0.024731 0.034662 -0.200725
v 0.065191 0.033163 -0.193604
v 0.045795 0.033494 -0.198507
v 0.023598 0.033617 -0.200314
v 0.075557 -0.250387 -0.325210
v 0.053068 -0.250356 -0.332194
v 0.027343 -0.250345 -0.334767
v 0.076939 -0.266868 -0.333329
v 0.054039 -0.266852 -0.340489
v 0.027844 -0.266846 -0.343127
v 0.078903 -0.274584 -0.338126
v 0.055419 -0.274573 -0.345484
v 0.028554 -0.274569 -0.348195
v 0.181852 1.725062 -0.192171
v 0.115461 1.725071 -0.192212
v 0.055999 1.725075 -0.192227
v 0.181852 1.671897 -0.196614
v 0.115461 1.671917 -0.196683
v 0.055999 1.671924 -0.196709
v 0.181852 1.584614 -0.202619
v 0.115461 1.584654 -0.202741
v 0.055999 1.584668 -0.202787
v 0.198859 2.016135 -0.002453
v 0.126260 2.016135 -0.002453
v 0.061236 2.016135 -0.002453
v 0.199262 2.019330 -0.004826
v 0.126515 2.019330 -0.004826
v 0.061360 2.019330 -0.004826
v 0.199410 2.020507 -0.009001
v 0.126610 2.020507 -0.009001
v 0.061406 2.020507 -0.009001
v 0.191868 0.110850 -0.000891
v 0.121821 0.110850 -0.000891
v 0.059083 0.110850 -0.000891
v 0.191465 0.115745 -0.001562
v 0.121565 0.115745 -0.001562
v 0.058959 0.115745 -0.001562
v 0.191317 0.117615 -0.002533
v 0.121471 0.117615 -0.002533
v 0.058913 0.117615 -0.002533
v 0.191296 0.118010 -0.005584
v 0.121458 0.118010 -0.005584
v 0.058907 0.118010 -0.005584
v 0.191296 0.118039 -0.007527
v 0.121458 0.118039 -0.007527
v 0.058907 0.118039 -0.007527
v 0.191296 0.118049 -0.009496
v 0.121458 0.118049 -0.009496
v 0.058907 0.118049 -0.009496
v 0.196741 0.023783 -0.048118
v 0.124600 0.023948 -0.048156
v 0.060331 0.024009 -0.048171
v 0.197484 0.022925 -0.036698
v 0.125158 0.023044 -0.036725
v 0.060630 0.023089 -0.036736
v 0.198202 0.022095 -0.025421
v 0.125698 0.022170 -0.025439
v 0.060918 0.022198 -0.025446
v 0.193846 1.952305 -0.110384
v 0.123077 1.952305 -0.110384
v 0.059692 1.952305 -0.110384
v 0.190641 1.912670 -0.130840
v 0.121042 1.912670 -0.130840
v 0.058705 1.912670 -0.130840
v 0.187437 1.872274 -0.150943
v 0.119008 1.872275 -0.150944
v 0.057719 1.872275 -0.150945
v 0.199385 2.020115 -0.064847
v 0.126594 2.020115 -0.064846
v 0.061398 2.020115 -0.064847
v 0.199065 2.016196 -0.071811
v 0.126391 2.016196 -0.071811
v 0.061299 2.016196 -0.071811
v 0.198195 2.005558 -0.080381
v 0.125838 2.005558 -0.080381
v 0.061032 2.005558 -0.080381
v 0.196847 0.051430 -0.000517
v 0.124982 0.051430 -0.000517
v 0.060616 0.051430 -0.000517
v 0.195363 0.069086 -0.000208
v 0.124040 0.069086 -0.000208
v 0.060160 0.069086 -0.000208
v 0.193880 0.086760 -0.000211
v 0.123099 0.086760 -0.000211
v 0.059703 0.086760 -0.000211
v 0.191296 0.118100 -0.012744
v 0.121458 0.118100 -0.012744
v 0.058907 0.118100 -0.012744
v 0.191296 0.118444 -0.013861
v 0.121458 0.118444 -0.013861
v 0.058907 0.118444 -0.013861
v 0.191296 0.119378 -0.014679
v 0.121458 0.119378 -0.014679
v 0.058907 0.119378 -0.014679
v 1.275134 0.213324 -0.015825
v 1.275134 0.260357 -0.015825
v 1.275134 0.309611 -0.015825
v 1.379981 0.213324 -0.015825
v 1.379981 0.260357 -0.015825
v 1.379980 0.309610 -0.015825
v 1.470872 0.213324 -0.015825
v 1.470872 0.260357 -0.015825
v 1.470872 0.309610 -0.015825
v 1.194250 0.195602 -0.187469
v 1.298382 0.187000 -0.184281
v 1.390202 0.179166 -0.181540
v 1.190823 0.245596 -0.189403
v 1.294895 0.237324 -0.185776
v 1.387420 0.230303 -0.182557
v 1.184888 0.293579 -0.191083
v 1.287373 0.286479 -0.187208
v 1.379973 0.281876 -0.183637
v 1.191128 0.407613 -0.193826
v 1.288487 0.396999 -0.189248
v 1.379815 0.383988 -0.184982
v 1.204936 0.444333 -0.194496
v 1.298481 0.435925 -0.189639
v 1.387701 0.426954 -0.185127
v 1.212555 0.522172 -0.194898
v 1.303889 0.515838 -0.189916
v 1.391307 0.509318 -0.185282
v 1.275134 0.396050 -0.015825
v 1.275134 0.451121 -0.015825
v 1.275134 0.544183 -0.015825
v 1.379981 0.396050 -0.015825
v 1.379981 0.451121 -0.015825
v 1.379980 0.544183 -0.015825
v 1.470872 0.396050 -0.015825
v 1.470872 0.451121 -0.015825
v 1.470872 0.544183 -0.015825
v 1.214418 0.369842 -0.191258
v 1.159614 0.360582 -0.193293
v 1.243178 0.355583 -0.190084
v 1.309845 0.356146 -0.187376
v 1.242290 0.374117 -0.190180
v 1.156953 0.385658 -0.193444
v 1.149892 0.376618 -0.193654
v 1.275134 0.928243 -0.015825
v 1.275134 1.199240 -0.015825
v 1.275134 1.468230 -0.015825
v 1.379981 0.928243 -0.015825
v 1.379981 1.199240 -0.015825
v 1.379980 1.468230 -0.015825
v 1.470872 0.928243 -0.015825
v 1.470872 1.199240 -0.015825
v 1.470872 1.468230 -0.015825
v 1.225180 0.865960 -0.192903
v 1.313868 0.864017 -0.188396
v 1.397944 0.860724 -0.184282
v 1.231022 1.114556 -0.190444
v 1.319826 1.112508 -0.186551
v 1.402403 1.109639 -0.183088
v 1.232314 1.368088 -0.187614
v 1.324469 1.361341 -0.184490
v 1.406684 1.357103 -0.181778
v 1.275134 0.124684 -0.015577
v 1.275134 0.132572 -0.015752
v 1.275134 0.148081 -0.015816
v 1.379981 0.124684 -0.015577
v 1.379981 0.132572 -0.015752
v 1.379980 0.148081 -0.015816
v 1.470872 0.124684 -0.015577
v 1.470872 0.132572 -0.015752
v 1.470872 0.148081 -0.015816
v 1.211356 0.062653 -0.172548
v 1.313863 0.059439 -0.171660
v 1.403463 0.056457 -0.170943
v 1.204752 0.083890 -0.179231
v 1.307074 0.078874 -0.177802
v 1.396586 0.074222 -0.176638
v 1.200114 0.112427 -0.183039
v 1.302934 0.105682 -0.181007
v 1.393088 0.099439 -0.179332
v 1.279268 0.027481 -0.002453
v 1.398305 0.027481 -0.002453
v 1.505198 0.027481 -0.002453
v 1.279488 0.022691 -0.004826
v 1.399280 0.022691 -0.004826
v 1.507025 0.022691 -0.004826
v 1.279569 0.020927 -0.009001
v 1.399640 0.020927 -0.009001
v 1.507698 0.020927 -0.009001
v 1.689180 2.014211 -0.002453
v 1.676963 2.015565 -0.002453
v 1.650238 2.016064 -0.002453
v 1.692599 2.017399 -0.004826
v 1.680357 2.018758 -0.004826
v 1.653579 2.019258 -0.004826
v 1.693859 2.018574 -0.009001
v 1.681608 2.019934 -0.009001
v 1.654809 2.020435 -0.009001
v 1.629776 0.112209 -0.000891
v 1.617884 0.111253 -0.000891
v 1.591816 0.110901 -0.000891
v 1.626367 0.117094 -0.001562
v 1.614573 0.116145 -0.001562
v 1.588758 0.115795 -0.001562
v 1.625111 0.118956 -0.002533
v 1.613353 0.118012 -0.002533
v 1.587632 0.117665 -0.002533
v 1.278947 1.960653 -0.000891
v 1.384107 1.960653 -0.000891
v 1.475270 1.960653 -0.000891
v 1.276264 1.957459 -0.001562
v 1.381203 1.957459 -0.001562
v 1.472175 1.957459 -0.001562
v 1.275275 1.956282 -0.002533
v 1.380134 1.956282 -0.002533
v 1.471034 1.956282 -0.002533
v 1.275134 1.956114 -0.005584
v 1.379981 1.956114 -0.005584
v 1.470872 1.956114 -0.005584
v 1.275134 1.956114 -0.007527
v 1.379981 1.956114 -0.007527
v 1.470872 1.956114 -0.007527
v 1.275134 1.956114 -0.009496
v 1.379981 1.956114 -0.009496
v 1.470872 1.956114 -0.009496
v 1.624931 0.119340 -0.005584
v 1.613179 0.118404 -0.005584
v 1.587471 0.118059 -0.005584
v 1.624931 0.119367 -0.007527
v 1.613179 0.118432 -0.007527
v 1.587471 0.118088 -0.007527
v 1.624932 0.119377 -0.009496
v 1.613179 0.118443 -0.009496
v 1.587471 0.118098 -0.009496
v 1.647211 1.950659 -0.107572
v 1.635697 1.951828 -0.107705
v 1.610461 1.952246 -0.107866
v 1.621179 1.912578 -0.125785
v 1.609544 1.912728 -0.126400
v 1.584951 1.912677 -0.126844
v 1.596459 1.875918 -0.142672
v 1.583821 1.873568 -0.144419
v 1.559494 1.872435 -0.145418
v 1.693654 2.018182 -0.064824
v 1.681409 2.019542 -0.064825
v 1.654620 2.020044 -0.064826
v 1.690960 2.014267 -0.071633
v 1.678761 2.015624 -0.071638
v 1.652065 2.016124 -0.071646
v 1.683647 2.003640 -0.079780
v 1.671576 2.004990 -0.079795
v 1.645130 2.005487 -0.079825
v 1.671938 0.052833 -0.000517
v 1.658833 0.051845 -0.000517
v 1.629633 0.051482 -0.000517
v 1.659379 0.070479 -0.000208
v 1.646636 0.069499 -0.000208
v 1.618368 0.069138 -0.000208
v 1.646820 0.088142 -0.000211
v 1.634438 0.087169 -0.000211
v 1.607103 0.086811 -0.000211
v 1.624911 0.119421 -0.012740
v 1.613172 0.118491 -0.012742
v 1.587470 0.118149 -0.012744
v 1.624769 0.119722 -0.013833
v 1.613126 0.118823 -0.013851
v 1.587464 0.118491 -0.013859
v 1.624452 0.120523 -0.014593
v 1.613025 0.119721 -0.014650
v 1.587452 0.119421 -0.014675
v 1.258123 0.025498 -0.107627
v 1.371750 0.025471 -0.107620
v 1.472973 0.025447 -0.107614
v 1.245518 0.029734 -0.126639
v 1.355500 0.029523 -0.126581
v 1.452862 0.029327 -0.126534
v 1.232367 0.036713 -0.145556
v 1.338840 0.036001 -0.145361
v 1.432507 0.035339 -0.145203
v 1.234575 1.708331 -0.182914
v 1.331405 1.699376 -0.181209
v 1.412839 1.695787 -0.179643
v 1.239735 1.774469 -0.180036
v 1.335466 1.771446 -0.178681
v 1.416281 1.770206 -0.177390
v 1.245623 1.810122 -0.174475
v 1.341508 1.809744 -0.173299
v 1.422652 1.809589 -0.172164
v 1.275134 1.956047 -0.012744
v 1.379981 1.956047 -0.012744
v 1.470872 1.956047 -0.012744
v 1.275134 1.955578 -0.013861
v 1.379981 1.955578 -0.013861
v 1.470872 1.955578 -0.013861
v 1.275134 1.954305 -0.014679
v 1.379981 1.954305 -0.014679
v 1.470872 1.954305 -0.014679
v 1.275134 1.835934 -0.015816
v 1.275134 1.912844 -0.015752
v 1.275134 1.944141 -0.015577
v 1.379981 1.835934 -0.015816
v 1.379981 1.912844 -0.015752
v 1.379980 1.944141 -0.015577
v 1.470872 1.835934 -0.015816
v 1.470872 1.912844 -0.015752
v 1.470872 1.944141 -0.015577
v 1.279405 0.020712 -0.064824
v 1.399462 0.020712 -0.064824
v 1.507508 0.020712 -0.064824
v 1.278177 0.020976 -0.071629
v 1.397861 0.020976 -0.071629
v 1.505512 0.020976 -0.071629
v 1.274842 0.021691 -0.079766
v 1.393515 0.021691 -0.079766
v 1.500092 0.021691 -0.079766
v 1.312135 2.000163 -0.000517
v 1.420024 2.000163 -0.000517
v 1.513553 2.000163 -0.000517
v 1.302249 1.988394 -0.000208
v 1.409326 1.988394 -0.000208
v 1.502149 1.988394 -0.000208
v 1.292364 1.976625 -0.000211
v 1.398627 1.976625 -0.000211
v 1.490746 1.976625 -0.000211
v 1.279581 0.020675 -0.025091
v 1.399691 0.020675 -0.025091
v 1.507794 0.020675 -0.025091
v 1.279581 0.020675 -0.036174
v 1.399691 0.020675 -0.036174
v 1.507794 0.020675 -0.036174
v 1.279581 0.020675 -0.047395
v 1.399691 0.020675 -0.047395
v 1.507794 0.020675 -0.047395
v 1.694039 2.018742 -0.025091
v 1.681787 2.020102 -0.025091
v 1.654985 2.020603 -0.025091
v 1.694039 2.018741 -0.036174
v 1.681787 2.020102 -0.036174
v 1.654985 2.020603 -0.036174
v 1.694039 2.018741 -0.047395
v 1.681787 2.020102 -0.047395
v 1.654985 2.020603 -0.047395
v 0.199431 2.020675 -0.025091
v 0.126623 2.020675 -0.025091
v 0.061412 2.020675 -0.025091
v 0.199431 2.020675 -0.036174
v 0.126623 2.020675 -0.036174
v 0.061412 2.020675 -0.036174
v 0.199431 2.020675 -0.047395
v 0.126623 2.020675 -0.047395
v 0.061412 2.020675 -0.047395
v 0.186632 0.026152 -0.078210
v 0.118224 0.026225 -0.076350
v 0.057361 0.026245 -0.075602
v 0.192862 0.025621 -0.071981
v 0.122004 0.025818 -0.071457
v 0.059061 0.025886 -0.071227
v 0.195293 0.025126 -0.065759
v 0.123550 0.025354 -0.065741
v 0.059786 0.025438 -0.065730
v 1.701814 0.117179 -0.025091
v 1.701814 0.164410 -0.025091
v 1.701814 0.214052 -0.025091
v 1.701814 0.117179 -0.036174
v 1.701814 0.164410 -0.036174
v 1.701814 0.214052 -0.036174
v 1.701814 0.117179 -0.047395
v 1.701814 0.164410 -0.047395
v 1.701814 0.214052 -0.047395
v 1.701814 0.302712 -0.025091
v 1.701814 0.361888 -0.025091
v 1.701814 0.463790 -0.025091
v 1.701814 0.302712 -0.036174
v 1.701814 0.361888 -0.036174
v 1.701814 0.463790 -0.036174
v 1.701814 0.302712 -0.047395
v 1.701814 0.361888 -0.047395
v 1.701814 0.463790 -0.047395
v 1.701814 0.887155 -0.025091
v 1.701814 1.186164 -0.025091
v 1.701814 1.482992 -0.025091
v 1.701814 0.887155 -0.036174
v 1.701814 1.186164 -0.036174
v 1.701814 1.482992 -0.036174
v 1.701814 0.887155 -0.047395
v 1.701814 1.186164 -0.047395
v 1.701814 1.482992 -0.047395
v 1.700362 0.027722 -0.025091
v 1.701383 0.035848 -0.025091
v 1.701760 0.051594 -0.025091
v 1.700361 0.027722 -0.036174
v 1.701383 0.035847 -0.036174
v 1.701760 0.051594 -0.036174
v 1.700361 0.027722 -0.047395
v 1.701383 0.035848 -0.047395
v 1.701760 0.051594 -0.047395
v 0.597046 0.023332 -0.081126
v 0.481961 0.024268 -0.081625
v 0.370322 0.025188 -0.081601
v 0.599530 0.022596 -0.072294
v 0.484984 0.023524 -0.072577
v 0.375172 0.024446 -0.072685
v 0.600592 0.022225 -0.065212
v 0.486417 0.023092 -0.065422
v 0.377427 0.023959 -0.065610
v 0.608424 2.020675 -0.025091
v 0.491297 2.020675 -0.025091
v 0.381768 2.020675 -0.025091
v 0.608424 2.020675 -0.036174
v 0.491297 2.020675 -0.036174
v 0.381768 2.020675 -0.036174
v 0.608424 2.020675 -0.047395
v 0.491297 2.020675 -0.047395
v 0.381769 2.020675 -0.047395
v 1.092571 2.020675 -0.025091
v 0.972035 2.020675 -0.025091
v 0.850853 2.020675 -0.025091
v 1.092571 2.020675 -0.036174
v 0.972035 2.020675 -0.036174
v 0.850853 2.020675 -0.036174
v 1.092571 2.020675 -0.047395
v 0.972035 2.020675 -0.047395
v 0.850853 2.020675 -0.047395
v 1.533427 2.020675 -0.025091
v 1.438671 2.020675 -0.025091
v 1.329365 2.020675 -0.025091
v 1.533427 2.020675 -0.036174
v 1.438671 2.020675 -0.036174
v 1.329365 2.020675 -0.036174
v 1.533427 2.020675 -0.047395
v 1.438671 2.020675 -0.047395
v 1.329365 2.020675 -0.047395
v 0.825078 0.020782 -0.025116
v 0.933013 0.020707 -0.025098
v 1.042782 0.020679 -0.025092
v 0.824995 0.020845 -0.036214
v 0.932988 0.020725 -0.036186
v 1.042779 0.020681 -0.036176
v 0.824909 0.020910 -0.047449
v 0.932963 0.020744 -0.047411
v 1.042775 0.020683 -0.047397
v 1.701760 1.888632 -0.025091
v 1.701383 1.973361 -0.025091
v 1.700361 2.007743 -0.025091
v 1.701760 1.888632 -0.036174
v 1.701383 1.973361 -0.036174
v 1.700361 2.007743 -0.036174
v 1.701760 1.888632 -0.047395
v 1.701383 1.973361 -0.047395
v 1.700361 2.007743 -0.047395
v 1.649265 0.020727 -0.025091
v 1.680092 0.021095 -0.025091
v 1.693827 0.022094 -0.025091
v 1.649266 0.020727 -0.036174
v 1.680092 0.021095 -0.036174
v 1.693827 0.022094 -0.036174
v 1.649265 0.020727 -0.047395
v 1.680092 0.021095 -0.047395
v 1.693827 0.022094 -0.047395
v -1.633535 2.000093 -0.000517
v -1.621228 1.988325 -0.000208
v -1.608921 1.976557 -0.000211
v -1.659990 1.999602 -0.000517
v -1.647483 1.987840 -0.000208
v -1.634976 1.976078 -0.000211
v -1.672083 1.998270 -0.000517
v -1.659485 1.986523 -0.000208
v -1.646888 1.974777 -0.000211
v -1.648901 0.020765 -0.064824
v -1.646345 0.021030 -0.071629
v -1.639410 0.021750 -0.079766
v -1.679711 0.021135 -0.064824
v -1.677039 0.021410 -0.071629
v -1.669788 0.022157 -0.079766
v -1.693439 0.022137 -0.064824
v -1.690721 0.022440 -0.071629
v -1.683343 0.023262 -0.079766
v -1.701369 1.888125 -0.064824
v -1.698635 1.884578 -0.071629
v -1.691213 1.874950 -0.079766
v -1.700993 1.972820 -0.064824
v -1.698261 1.969028 -0.071629
v -1.690845 1.958735 -0.079767
v -1.699972 2.007188 -0.064824
v -1.697245 2.003299 -0.071630
v -1.689845 1.992744 -0.079769
v -1.632286 0.148082 -0.012744
v -1.631927 0.148088 -0.013859
v -1.630951 0.148099 -0.014675
v -1.631927 0.132578 -0.012742
v -1.631579 0.132623 -0.013851
v -1.630636 0.132719 -0.014650
v -1.630951 0.124704 -0.012740
v -1.630636 0.124839 -0.013833
v -1.629794 0.125141 -0.014593
v -1.679704 0.082191 -0.000517
v -1.667049 0.099750 -0.000208
v -1.654394 0.117314 -0.000211
v -1.679332 0.066487 -0.000517
v -1.666680 0.084071 -0.000208
v -1.654027 0.101665 -0.000211
v -1.678323 0.058404 -0.000517
v -1.665679 0.076014 -0.000208
v -1.653034 0.093638 -0.000211
v -1.587470 1.835933 -0.015807
v -1.613172 1.835925 -0.015743
v -1.624911 1.835909 -0.015569
v -1.587464 1.912835 -0.015743
v -1.613126 1.912774 -0.015681
v -1.624769 1.912644 -0.015513
v -1.587452 1.944114 -0.015569
v -1.613025 1.943930 -0.015513
v -1.624452 1.943518 -0.015363
v -1.587470 1.955980 -0.012743
v -1.587464 1.955513 -0.013859
v -1.587452 1.954247 -0.014675
v -1.613172 1.955513 -0.012742
v -1.613126 1.955062 -0.013851
v -1.613025 1.953838 -0.014650
v -1.624911 1.954247 -0.012740
v -1.624769 1.953838 -0.013833
v -1.624452 1.952745 -0.014593
v -1.515186 1.695301 -0.177277
v -1.518000 1.770401 -0.175353
v -1.524992 1.810008 -0.170341
v -1.539940 1.698708 -0.174960
v -1.542532 1.773955 -0.173162
v -1.549389 1.813215 -0.168360
v -1.557089 1.708219 -0.169770
v -1.559337 1.783702 -0.168167
v -1.565359 1.821867 -0.163903
v -1.604738 0.025491 -0.107603
v -1.579217 0.029146 -0.126444
v -1.553731 0.034527 -0.144911
v -1.633577 0.026020 -0.107572
v -1.607183 0.029660 -0.126196
v -1.581228 0.034830 -0.144152
v -1.646581 0.027474 -0.107508
v -1.620297 0.031205 -0.125683
v -1.595317 0.036124 -0.142532
v -1.654074 1.826818 -0.107602
v -1.626515 1.791404 -0.126439
v -1.598568 1.756068 -0.144890
v -1.653780 1.907339 -0.107576
v -1.626558 1.869871 -0.126206
v -1.599373 1.833010 -0.144175
v -1.652954 1.940154 -0.107522
v -1.626475 1.902551 -0.125711
v -1.601050 1.866803 -0.142584
v -0.809151 0.025890 -0.108753
v -0.800074 0.030646 -0.128559
v -0.790705 0.039116 -0.148645
v -0.918073 0.025656 -0.107978
v -0.909327 0.030341 -0.127343
v -0.900136 0.038561 -0.146927
v -1.027945 0.025557 -0.107686
v -1.019138 0.030124 -0.126844
v -1.009764 0.038006 -0.146121
v -0.056013 1.777454 -0.186929
v -0.056112 1.794386 -0.183913
v -0.056379 1.812618 -0.178093
v -0.115490 1.777453 -0.186922
v -0.115694 1.794385 -0.183908
v -0.116246 1.812617 -0.178091
v -0.181898 1.777450 -0.186904
v -0.182218 1.794384 -0.183897
v -0.183088 1.812617 -0.178085
v -0.348275 1.777438 -0.186810
v -0.348914 1.794379 -0.183836
v -0.350583 1.812615 -0.178048
v -0.448674 1.777427 -0.186715
v -0.449665 1.794374 -0.183763
v -0.451844 1.812613 -0.177992
v -0.556860 1.777413 -0.186573
v -0.558516 1.794369 -0.183635
v -0.561293 1.812611 -0.177882
v -0.784718 1.776341 -0.186095
v -0.789124 1.794019 -0.183132
v -0.793370 1.812566 -0.177402
v -0.899952 1.769052 -0.185737
v -0.906123 1.791647 -0.182705
v -0.911080 1.812269 -0.176972
v -1.014256 1.750656 -0.185256
v -1.021670 1.786067 -0.182107
v -1.027134 1.811571 -0.176366
v -1.470872 0.118100 -0.012744
v -1.470872 0.118444 -0.013861
v -1.470872 0.119378 -0.014679
v -1.379981 0.118100 -0.012744
v -1.379980 0.118444 -0.013861
v -1.379981 0.119378 -0.014679
v -1.275134 0.118100 -0.012744
v -1.275134 0.118444 -0.013861
v -1.275134 0.119378 -0.014679
v -1.048000 0.118100 -0.012744
v -1.048000 0.118444 -0.013861
v -1.048000 0.119378 -0.014679
v -0.932381 0.118100 -0.012744
v -0.932381 0.118444 -0.013861
v -0.932381 0.119378 -0.014679
v -0.816143 0.118100 -0.012744
v -0.816143 0.118444 -0.013861
v -0.816143 0.119378 -0.014679
v -0.583603 0.118100 -0.012744
v -0.583603 0.118444 -0.013861
v -0.583603 0.119378 -0.014679
v -0.471255 0.118100 -0.012744
v -0.471255 0.118444 -0.013861
v -0.471255 0.119378 -0.014679
v -0.366194 0.118100 -0.012744
v -0.366194 0.118444 -0.013861
v -0.366194 0.119378 -0.014679
v -0.058907 1.956047 -0.012744
v -0.058907 1.955578 -0.013861
v -0.058907 1.954305 -0.014679
v -0.121458 1.956047 -0.012744
v -0.121458 1.955578 -0.013861
v -0.121458 1.954305 -0.014679
v -0.191296 1.956047 -0.012744
v -0.191296 1.955578 -0.013861
v -0.191296 1.954305 -0.014679
v -0.366194 1.956047 -0.012744
v -0.366194 1.955578 -0.013861
v -0.366194 1.954305 -0.014679
v -0.471255 1.956047 -0.012744
v -0.471255 1.955578 -0.013861
v -0.471255 1.954305 -0.014679
v -0.583603 1.956047 -0.012744
v -0.583603 1.955578 -0.013861
v -0.583603 1.954305 -0.014679
v -0.816143 1.956047 -0.012744
v -0.816143 1.955578 -0.013861
v -0.816143 1.954305 -0.014679
v -0.932381 1.956047 -0.012744
v -0.932381 1.955578 -0.013861
v -0.932381 1.954305 -0.014679
v -1.048000 1.956047 -0.012744
v -1.048000 1.955578 -0.013861
v -1.048000 1.954305 -0.014679
v -0.058907 1.835934 -0.015816
v -0.121458 1.835934 -0.015816
v -0.191296 1.835934 -0.015816
v -0.058907 1.912844 -0.015752
v -0.121458 1.912844 -0.015752
v -0.191296 1.912844 -0.015752
v -0.058907 1.944141 -0.015577
v -0.121458 1.944141 -0.015577
v -0.191296 1.944141 -0.015577
v -0.366194 1.835934 -0.015816
v -0.471255 1.835934 -0.015816
v -0.583603 1.835934 -0.015816
v -0.366194 1.912844 -0.015752
v -0.471255 1.912844 -0.015752
v -0.583603 1.912844 -0.015752
v -0.366194 1.944141 -0.015577
v -0.471255 1.944141 -0.015577
v -0.583603 1.944141 -0.015577
v -0.816143 1.835934 -0.015816
v -0.932381 1.835934 -0.015816
v -1.048000 1.835934 -0.015816
v -0.816143 1.912844 -0.015752
v -0.932381 1.912844 -0.015752
v -1.048000 1.912844 -0.015752
v -0.816143 1.944141 -0.015577
v -0.932381 1.944141 -0.015577
v -1.048000 1.944141 -0.015577
v -1.496063 0.051430 -0.000517
v -1.489333 0.069086 -0.000208
v -1.482602 0.086760 -0.000211
v -1.393429 0.051430 -0.000517
v -1.389836 0.069086 -0.000208
v -1.386243 0.086760 -0.000211
v -1.278168 0.051430 -0.000517
v -1.277357 0.069086 -0.000208
v -1.276547 0.086760 -0.000211
v -1.044443 0.051430 -0.000517
v -1.045394 0.069086 -0.000208
v -1.046344 0.086760 -0.000211
v -0.932841 0.051430 -0.000517
v -0.932718 0.069086 -0.000208
v -0.932595 0.086760 -0.000211
v -0.822336 0.051430 -0.000517
v -0.820681 0.069086 -0.000208
v -0.819027 0.086760 -0.000211
v -0.596635 0.051430 -0.000517
v -0.593154 0.069086 -0.000208
v -0.589672 0.086760 -0.000211
v -0.483773 0.051430 -0.000517
v -0.480429 0.069086 -0.000208
v -0.477084 0.086760 -0.000211
v -0.376676 0.051430 -0.000517
v -0.373876 0.069086 -0.000208
v -0.371075 0.086760 -0.000211
v -0.824650 0.021047 -0.064910
v -0.823721 0.021335 -0.071780
v -0.821280 0.022055 -0.080076
v -0.932803 0.020811 -0.064849
v -0.931943 0.021082 -0.071674
v -0.929632 0.021799 -0.079858
v -1.042650 0.020725 -0.064827
v -1.041800 0.020989 -0.071635
v -1.039499 0.021705 -0.079777
v -1.533117 2.020115 -0.064830
v -1.530946 2.016196 -0.071682
v -1.525054 2.005558 -0.079944
v -1.438399 2.020115 -0.064833
v -1.436496 2.016196 -0.071707
v -1.431332 2.005558 -0.080029
v -1.329131 2.020115 -0.064837
v -1.327493 2.016196 -0.071733
v -1.323047 2.005558 -0.080116
v -1.092388 2.020115 -0.064842
v -1.091111 2.016196 -0.071775
v -1.087643 2.005558 -0.080259
v -0.971865 2.020115 -0.064844
v -0.970674 2.016196 -0.071789
v -0.967443 2.005558 -0.080305
v -0.850693 2.020115 -0.064845
v -0.849569 2.016196 -0.071798
v -0.846518 2.005558 -0.080337
v -0.608292 2.020115 -0.064846
v -0.607368 2.016196 -0.071808
v -0.604862 2.005558 -0.080371
v -0.491187 2.020115 -0.064846
v -0.490414 2.016196 -0.071810
v -0.488314 2.005558 -0.080378
v -0.381681 2.020115 -0.064846
v -0.381070 2.016196 -0.071811
v -0.379410 2.005558 -0.080380
v -1.495594 1.952305 -0.108410
v -1.473887 1.912669 -0.127727
v -1.452180 1.872273 -0.146680
v -1.405509 1.952305 -0.108794
v -1.386483 1.912669 -0.128330
v -1.367456 1.872273 -0.147503
v -1.300818 1.952305 -0.109190
v -1.284438 1.912669 -0.128954
v -1.268059 1.872273 -0.148354
v -1.070306 1.952305 -0.109832
v -1.057531 1.912669 -0.129965
v -1.044757 1.872273 -0.149733
v -0.951288 1.952305 -0.110040
v -0.939385 1.912669 -0.130293
v -0.927481 1.872273 -0.150181
v -0.831267 1.952305 -0.110187
v -0.820030 1.912670 -0.130523
v -0.808792 1.872273 -0.150496
v -0.592330 1.952305 -0.110341
v -0.583097 1.912670 -0.130768
v -0.573863 1.872273 -0.150834
v -0.477819 1.952305 -0.110371
v -0.470085 1.912670 -0.130816
v -0.462351 1.872274 -0.150904
v -0.371112 1.952305 -0.110382
v -0.364997 1.912670 -0.130835
v -0.358883 1.872274 -0.150932
v -0.060616 2.000163 -0.000517
v -0.060160 1.988394 -0.000208
v -0.059703 1.976626 -0.000211
v -0.124982 2.000163 -0.000517
v -0.124040 1.988394 -0.000208
v -0.123099 1.976625 -0.000211
v -0.196847 2.000163 -0.000517
v -0.195363 1.988394 -0.000208
v -0.193880 1.976625 -0.000211
v -0.376821 2.000163 -0.000517
v -0.373982 1.988394 -0.000208
v -0.371142 1.976626 -0.000211
v -0.484930 2.000163 -0.000517
v -0.481276 1.988394 -0.000208
v -0.477623 1.976625 -0.000211
v -0.600538 2.000163 -0.000517
v -0.596014 1.988394 -0.000208
v -0.591489 1.976625 -0.000211
v -0.839825 2.000163 -0.000517
v -0.833498 1.988394 -0.000208
v -0.827171 1.976626 -0.000211
v -0.959436 2.000163 -0.000517
v -0.952208 1.988394 -0.000208
v -0.944979 1.976625 -0.000211
v -1.078410 2.000163 -0.000517
v -1.070285 1.988394 -0.000208
v -1.062160 1.976625 -0.000211
v -0.569041 0.040358 -0.156420
v -0.577564 0.031716 -0.134386
v -0.585796 0.027003 -0.112556
v -0.459498 0.040690 -0.162405
v -0.467388 0.032312 -0.138687
v -0.473367 0.027794 -0.115097
v -0.356191 0.040324 -0.168930
v -0.364692 0.032680 -0.143054
v -0.366577 0.028553 -0.117320
v -0.601313 0.021737 -0.047642
v -0.601697 0.021444 -0.036353
v -0.602068 0.021160 -0.025204
v -0.487487 0.022346 -0.047784
v -0.488071 0.021885 -0.036456
v -0.488636 0.021439 -0.025269
v -0.378855 0.022956 -0.047925
v -0.379601 0.022326 -0.036558
v -0.380322 0.021717 -0.025334
v -0.816143 1.956114 -0.005584
v -0.816143 1.956114 -0.007527
v -0.816143 1.956114 -0.009496
v -0.932381 1.956114 -0.005584
v -0.932381 1.956114 -0.007527
v -0.932381 1.956114 -0.009496
v -1.048000 1.956114 -0.005584
v -1.048000 1.956114 -0.007527
v -1.048000 1.956114 -0.009496
v -0.366194 1.956114 -0.005584
v -0.366194 1.956114 -0.007527
v -0.366194 1.956114 -0.009496
v -0.471255 1.956114 -0.005584
v -0.471255 1.956114 -0.007527
v -0.471255 1.956114 -0.009496
v -0.583603 1.956114 -0.005584
v -0.583603 1.956114 -0.007527
v -0.583603 1.956114 -0.009496
v -0.058907 1.956114 -0.005584
v -0.058907 1.956114 -0.007527
v -0.058907 1.956114 -0.009496
v -0.121458 1.956114 -0.005584
v -0.121458 1.956114 -0.007527
v -0.121458 1.956114 -0.009496
v -0.191296 1.956114 -0.005584
v -0.191296 1.956114 -0.007527
v -0.191296 1.956114 -0.009496
v -0.583603 0.118010 -0.005584
v -0.583603 0.118039 -0.007527
v -0.583603 0.118049 -0.009496
v -0.471255 0.118010 -0.005584
v -0.471255 0.118039 -0.007527
v -0.471255 0.118049 -0.009496
v -0.366194 0.118010 -0.005584
v -0.366194 0.118039 -0.007527
v -0.366194 0.118049 -0.009496
v -1.048000 0.118010 -0.005584
v -1.048000 0.118039 -0.007527
v -1.048000 0.118049 -0.009496
v -0.932381 0.118010 -0.005584
v -0.932381 0.118039 -0.007527
v -0.932381 0.118049 -0.009496
v -0.816143 0.118010 -0.005584
v -0.816143 0.118039 -0.007527
v -0.816143 0.118049 -0.009496
v -1.470872 0.118010 -0.005584
v -1.470872 0.118039 -0.007527
v -1.470872 0.118049 -0.009496
v -1.379981 0.118010 -0.005584
v -1.379980 0.118039 -0.007527
v -1.379981 0.118049 -0.009496
v -1.275134 0.118010 -0.005584
v -1.275134 0.118039 -0.007527
v -1.275134 0.118049 -0.009496
v -1.587471 1.956047 -0.005584
v -1.587471 1.956047 -0.007527
v -1.587471 1.956047 -0.009496
v -1.613179 1.955578 -0.005584
v -1.613179 1.955578 -0.007527
v -1.613179 1.955578 -0.009496
v -1.624932 1.954305 -0.005584
v -1.624931 1.954305 -0.007527
v -1.624932 1.954305 -0.009496
v -1.632337 0.148068 -0.005584
v -1.632337 0.148077 -0.007527
v -1.632337 0.148081 -0.009496
v -1.631976 0.132552 -0.005584
v -1.631976 0.132566 -0.007527
v -1.631976 0.132571 -0.009496
v -1.630996 0.124657 -0.005584
v -1.630996 0.124676 -0.007527
v -1.630996 0.124683 -0.009496
v -1.637219 0.141185 -0.000891
v -1.633783 0.145983 -0.001562
v -1.632518 0.147772 -0.002533
v -1.636857 0.125594 -0.000891
v -1.633422 0.130419 -0.001562
v -1.632157 0.132229 -0.002533
v -1.635873 0.117626 -0.000891
v -1.632441 0.122475 -0.001562
v -1.631177 0.124308 -0.002533
v -1.592218 1.960586 -0.000891
v -1.588877 1.957392 -0.001562
v -1.587647 1.956215 -0.002533
v -1.618003 1.960115 -0.000891
v -1.614609 1.956922 -0.001562
v -1.613358 1.955746 -0.002533
v -1.629791 1.958836 -0.000891
v -1.626371 1.955648 -0.001562
v -1.625112 1.954473 -0.002533
v -1.473468 0.110850 -0.000891
v -1.471641 0.115745 -0.001562
v -1.470968 0.117615 -0.002533
v -1.381367 0.110850 -0.000891
v -1.380391 0.115745 -0.001562
v -1.380032 0.117615 -0.002533
v -1.275447 0.110851 -0.000891
v -1.275227 0.115745 -0.001562
v -1.275146 0.117615 -0.002533
v -1.047633 0.110850 -0.000891
v -1.047891 0.115745 -0.001562
v -1.047986 0.117615 -0.002533
v -0.932428 0.110850 -0.000891
v -0.932395 0.115745 -0.001562
v -0.932383 0.117615 -0.002533
v -0.816781 0.110851 -0.000891
v -0.816332 0.115745 -0.001562
v -0.816167 0.117615 -0.002533
v -0.584946 0.110850 -0.000891
v -0.584001 0.115745 -0.001562
v -0.583653 0.117615 -0.002533
v -0.472545 0.110850 -0.000891
v -0.471637 0.115745 -0.001562
v -0.471303 0.117615 -0.002533
v -0.367275 0.110851 -0.000891
v -0.366515 0.115745 -0.001562
v -0.366234 0.117615 -0.002533
v -0.059083 1.960653 -0.000891
v -0.058959 1.957459 -0.001562
v -0.058913 1.956282 -0.002533
v -0.121821 1.960653 -0.000891
v -0.121565 1.957459 -0.001562
v -0.121471 1.956282 -0.002533
v -0.191868 1.960653 -0.000891
v -0.191465 1.957459 -0.001562
v -0.191317 1.956282 -0.002533
v -0.367289 1.960653 -0.000891
v -0.366519 1.957459 -0.001562
v -0.366235 1.956282 -0.002533
v -0.472664 1.960653 -0.000891
v -0.471673 1.957459 -0.001562
v -0.471307 1.956282 -0.002533
v -0.585349 1.960653 -0.000891
v -0.584121 1.957459 -0.001562
v -0.583668 1.956282 -0.002533
v -0.818583 1.960653 -0.000891
v -0.816866 1.957459 -0.001562
v -0.816233 1.956282 -0.002533
v -0.935169 1.960653 -0.000891
v -0.933207 1.957459 -0.001562
v -0.932484 1.956282 -0.002533
v -1.051134 1.960653 -0.000891
v -1.048928 1.957459 -0.001562
v -1.048116 1.956282 -0.002533
v -0.606679 2.016135 -0.002453
v -0.607907 2.019330 -0.004826
v -0.608359 2.020507 -0.009001
v -0.489888 2.016135 -0.002453
v -0.490880 2.019330 -0.004826
v -0.491245 2.020507 -0.009001
v -0.380673 2.016135 -0.002453
v -0.381444 2.019330 -0.004826
v -0.381728 2.020507 -0.009001
v -1.089437 2.016135 -0.002453
v -1.091642 2.019330 -0.004826
v -1.092455 2.020507 -0.009001
v -0.969247 2.016135 -0.002453
v -0.971209 2.019330 -0.004826
v -0.971931 2.020507 -0.009001
v -0.848413 2.016135 -0.002453
v -0.850130 2.019330 -0.004826
v -0.850763 2.020507 -0.009001
v -1.529029 2.016135 -0.002453
v -1.532124 2.019330 -0.004826
v -1.533264 2.020507 -0.009001
v -1.434544 2.016135 -0.002453
v -1.437448 2.019330 -0.004826
v -1.438518 2.020507 -0.009001
v -1.325552 2.016135 -0.002453
v -1.328235 2.019330 -0.004826
v -1.329223 2.020507 -0.009001
v -0.824580 0.027482 -0.002454
v -0.825021 0.022698 -0.004828
v -0.825165 0.020951 -0.009007
v -0.933007 0.027481 -0.002454
v -0.933038 0.022693 -0.004827
v -0.933044 0.020934 -0.009003
v -1.043154 0.027481 -0.002453
v -1.042895 0.022692 -0.004826
v -1.042799 0.020928 -0.009001
v -0.380466 0.027489 -0.002455
v -0.381156 0.022760 -0.004842
v -0.381244 0.021157 -0.009055
v -0.488305 0.027487 -0.002455
v -0.489157 0.022741 -0.004838
v -0.489341 0.021096 -0.009040
v -0.601356 0.027485 -0.002454
v -0.602264 0.022723 -0.004834
v -0.602514 0.021034 -0.009026
v -0.061232 0.027493 -0.002456
v -0.061328 0.022791 -0.004849
v -0.061297 0.021263 -0.009079
v -0.126252 0.027493 -0.002456
v -0.126455 0.022789 -0.004849
v -0.126405 0.021257 -0.009078
v -0.198849 0.027493 -0.002456
v -0.199181 0.022784 -0.004848
v -0.199138 0.021241 -0.009074
v -1.696879 1.884927 -0.002453
v -1.700314 1.887534 -0.004826
v -1.701579 1.888495 -0.009001
v -1.696503 1.969106 -0.002453
v -1.699937 1.972100 -0.004826
v -1.701203 1.973204 -0.009001
v -1.695484 2.003271 -0.002453
v -1.698916 2.006418 -0.004826
v -1.700181 2.007577 -0.009001
v -1.644920 0.027533 -0.002453
v -1.647978 0.022744 -0.004826
v -1.649104 0.020979 -0.009001
v -1.675387 0.027900 -0.002453
v -1.678698 0.023111 -0.004826
v -1.679918 0.021347 -0.009001
v -1.688983 0.028896 -0.002453
v -1.692392 0.024109 -0.004826
v -1.693648 0.022346 -0.009001
v -1.695484 0.034512 -0.002453
v -1.698916 0.029734 -0.004826
v -1.700181 0.027974 -0.009001
v -1.696503 0.042628 -0.002453
v -1.699938 0.037857 -0.004826
v -1.701203 0.036099 -0.009001
v -1.696879 0.058366 -0.002453
v -1.700314 0.053601 -0.004826
v -1.701579 0.051845 -0.009001
v -1.637270 0.302891 -0.000891
v -1.633835 0.307619 -0.001562
v -1.632570 0.309361 -0.002533
v -1.637270 0.253603 -0.000891
v -1.633836 0.258352 -0.001562
v -1.632570 0.260103 -0.002533
v -1.637271 0.206539 -0.000891
v -1.633835 0.211301 -0.001562
v -1.632570 0.213061 -0.002533
v -1.632389 0.309610 -0.005584
v -1.632389 0.309610 -0.007527
v -1.632389 0.309611 -0.009496
v -1.632389 0.260356 -0.005584
v -1.632389 0.260357 -0.007527
v -1.632389 0.260357 -0.009496
v -1.632389 0.213321 -0.005584
v -1.632389 0.213323 -0.007527
v -1.632389 0.213324 -0.009496
v -0.816143 0.124684 -0.015577
v -0.932381 0.124684 -0.015577
v -1.048000 0.124684 -0.015577
v -0.816143 0.132572 -0.015752
v -0.932381 0.132572 -0.015752
v -1.048000 0.132572 -0.015752
v -0.816143 0.148081 -0.015816
v -0.932381 0.148081 -0.015816
v -1.048000 0.148081 -0.015816
v -0.366194 0.124684 -0.015577
v -0.471255 0.124684 -0.015577
v -0.583603 0.124684 -0.015577
v -0.366194 0.132572 -0.015752
v -0.471255 0.132572 -0.015752
v -0.583603 0.132572 -0.015752
v -0.366194 0.148081 -0.015816
v -0.471255 0.148081 -0.015816
v -0.583603 0.148081 -0.015816
v -0.058907 0.124684 -0.015577
v -0.121458 0.124684 -0.015577
v -0.191296 0.124684 -0.015577
v -0.058907 0.132572 -0.015752
v -0.121458 0.132572 -0.015752
v -0.191296 0.132572 -0.015752
v -0.058907 0.148081 -0.015816
v -0.121458 0.148081 -0.015816
v -0.191296 0.148081 -0.015816
v -0.776288 0.072681 -0.179388
v -0.772108 0.099527 -0.188416
v -0.769372 0.133588 -0.194469
v -0.885080 0.070749 -0.176637
v -0.880104 0.096551 -0.185220
v -0.876458 0.129558 -0.190937
v -0.993765 0.068455 -0.174841
v -0.988072 0.092971 -0.182810
v -0.983676 0.124698 -0.187955
v -0.345476 0.076268 -0.203695
v -0.347134 0.105993 -0.210533
v -0.347944 0.142512 -0.213884
v -0.448994 0.076313 -0.196167
v -0.447940 0.105195 -0.204371
v -0.447586 0.141212 -0.208958
v -0.557140 0.075599 -0.189228
v -0.554611 0.103853 -0.198184
v -0.553427 0.139350 -0.203699
v -0.053898 0.079367 -0.221204
v -0.055381 0.108082 -0.222159
v -0.055922 0.144393 -0.222217
v -0.111018 0.078838 -0.219951
v -0.114185 0.107838 -0.221393
v -0.115302 0.144271 -0.221724
v -0.175066 0.077557 -0.216630
v -0.179954 0.107264 -0.219377
v -0.181614 0.143951 -0.220397
v -1.652847 0.035464 -0.107508
v -1.626260 0.040139 -0.125683
v -1.600645 0.045110 -0.142530
v -1.653742 0.045426 -0.107571
v -1.626451 0.051010 -0.126191
v -1.599106 0.056707 -0.144138
v -1.654064 0.063165 -0.107601
v -1.626456 0.069835 -0.126430
v -1.598380 0.076556 -0.144862
v -1.519112 0.052462 -0.169850
v -1.512138 0.067951 -0.174975
v -1.509535 0.091023 -0.177019
v -1.546621 0.051511 -0.168074
v -1.539872 0.066157 -0.172918
v -1.537494 0.088545 -0.174767
v -1.564076 0.050764 -0.163739
v -1.558193 0.064317 -0.168021
v -1.556120 0.085952 -0.169646
v -1.587452 0.124704 -0.015569
v -1.613025 0.124839 -0.015513
v -1.624452 0.125141 -0.015363
v -1.587464 0.132578 -0.015743
v -1.613126 0.132623 -0.015681
v -1.624769 0.132719 -0.015513
v -1.587470 0.148082 -0.015807
v -1.613172 0.148088 -0.015743
v -1.624911 0.148100 -0.015569
v -1.679757 0.244411 -0.000517
v -1.667101 0.261831 -0.000208
v -1.654446 0.279250 -0.000211
v -1.679757 0.194890 -0.000517
v -1.667102 0.212378 -0.000208
v -1.654446 0.229867 -0.000211
v -1.679757 0.147712 -0.000517
v -1.667101 0.165232 -0.000208
v -1.654446 0.182753 -0.000211
v -1.632337 0.309610 -0.012744
v -1.631976 0.309610 -0.013861
v -1.630996 0.309611 -0.014679
v -1.632337 0.260357 -0.012744
v -1.631976 0.260357 -0.013861
v -1.630996 0.260357 -0.014679
v -1.632338 0.213324 -0.012744
v -1.631976 0.213324 -0.013861
v -1.630996 0.213324 -0.014679
v -1.699971 0.027785 -0.064824
v -1.697239 0.028228 -0.071629
v -1.689823 0.029428 -0.079766
v -1.700993 0.035926 -0.064824
v -1.698259 0.036475 -0.071629
v -1.690838 0.037964 -0.079766
v -1.701369 0.051689 -0.064824
v -1.698635 0.052353 -0.071629
v -1.691213 0.054154 -0.079766
v -1.630951 1.944114 -0.012740
v -1.630636 1.943930 -0.013833
v -1.629794 1.943518 -0.014593
v -1.631927 1.912835 -0.012742
v -1.631579 1.912774 -0.013851
v -1.630636 1.912644 -0.014650
v -1.632286 1.835933 -0.012743
v -1.631927 1.835925 -0.013859
v -1.630951 1.835909 -0.014675
v -1.678323 1.987536 -0.000517
v -1.665679 1.975942 -0.000208
v -1.653034 1.964348 -0.000211
v -1.679332 1.954134 -0.000517
v -1.666680 1.943103 -0.000208
v -1.654028 1.932071 -0.000211
v -1.679704 1.871889 -0.000517
v -1.667049 1.862283 -0.000208
v -1.654394 1.852676 -0.000211
v -1.630996 1.944141 -0.005584
v -1.630996 1.944141 -0.007527
v -1.630996 1.944141 -0.009496
v -1.631976 1.912844 -0.005584
v -1.631976 1.912844 -0.007527
v -1.631976 1.912844 -0.009496
v -1.632337 1.835934 -0.005584
v -1.632337 1.835934 -0.007527
v -1.632338 1.835934 -0.009496
v -1.635873 1.948613 -0.000891
v -1.632441 1.945466 -0.001562
v -1.631177 1.944306 -0.002533
v -1.636857 1.917099 -0.000891
v -1.633422 1.914105 -0.001562
v -1.632157 1.913002 -0.002533
v -1.637219 1.839639 -0.000891
v -1.633784 1.837032 -0.001562
v -1.632519 1.836071 -0.002533
v -1.696932 0.890044 -0.002453
v -1.700367 0.888011 -0.004826
v -1.701633 0.887262 -0.009001
v -1.696932 1.187083 -0.002453
v -1.700367 1.186437 -0.004826
v -1.701633 1.186198 -0.009001
v -1.696932 1.481954 -0.002453
v -1.700367 1.482684 -0.004826
v -1.701633 1.482953 -0.009001
v -0.816143 0.928243 -0.015825
v -0.932381 0.928243 -0.015825
v -1.048000 0.928243 -0.015825
v -0.816143 1.199240 -0.015825
v -0.932381 1.199240 -0.015825
v -1.048000 1.199240 -0.015825
v -0.816143 1.468230 -0.015825
v -0.932381 1.468230 -0.015825
v -1.048000 1.468230 -0.015825
v -0.366194 0.928243 -0.015825
v -0.471255 0.928243 -0.015825
v -0.583603 0.928243 -0.015825
v -0.366194 1.199240 -0.015825
v -0.471255 1.199240 -0.015825
v -0.583603 1.199240 -0.015825
v -0.366194 1.468230 -0.015825
v -0.471255 1.468230 -0.015825
v -0.583603 1.468230 -0.015825
v -0.058907 0.928243 -0.015825
v -0.121458 0.928243 -0.015825
v -0.191296 0.928243 -0.015825
v -0.058907 1.199240 -0.015825
v -0.121458 1.199240 -0.015825
v -0.191296 1.199240 -0.015825
v -0.058907 1.468230 -0.015825
v -0.121458 1.468230 -0.015825
v -0.191296 1.468230 -0.015825
v -0.055999 0.432596 -0.229661
v -0.055999 0.434606 -0.237561
v -0.055999 0.437847 -0.245393
v -0.115461 0.432466 -0.229311
v -0.115461 0.434475 -0.237196
v -0.115461 0.437717 -0.245025
v -0.181852 0.432111 -0.228361
v -0.181852 0.434121 -0.236206
v -0.181852 0.437363 -0.244024
v -0.749618 0.418761 -0.209025
v -0.741518 0.421857 -0.214894
v -0.733626 0.426093 -0.221121
v -0.841759 0.414747 -0.206377
v -0.826199 0.418739 -0.211590
v -0.812061 0.423549 -0.217052
v -0.926159 0.412037 -0.204251
v -0.898358 0.417339 -0.209036
v -0.875317 0.422653 -0.213813
v -1.654116 0.876395 -0.107607
v -1.626509 0.870233 -0.126476
v -1.598453 0.864092 -0.145005
v -1.654116 1.160166 -0.107607
v -1.626509 1.145257 -0.126475
v -1.598453 1.130364 -0.145001
v -1.654116 1.441838 -0.107606
v -1.626509 1.418231 -0.126473
v -1.598453 1.394633 -0.144997
v -1.511401 0.855363 -0.178591
v -1.512424 1.105950 -0.178301
v -1.513443 1.354670 -0.177985
v -1.538569 0.854781 -0.175579
v -1.538871 1.106598 -0.175477
v -1.539173 1.356507 -0.175367
v -1.556644 0.855937 -0.170091
v -1.556682 1.110280 -0.170065
v -1.556719 1.362688 -0.170037
v -1.587471 0.928243 -0.015816
v -1.613179 0.928243 -0.015752
v -1.624932 0.928243 -0.015577
v -1.587471 1.199240 -0.015816
v -1.613179 1.199240 -0.015752
v -1.624932 1.199240 -0.015577
v -1.587471 1.468230 -0.015816
v -1.613179 1.468230 -0.015752
v -1.624932 1.468230 -0.015577
v -1.701423 0.887066 -0.064824
v -1.698689 0.886449 -0.071629
v -1.691266 0.884773 -0.079766
v -1.701423 1.185951 -0.064824
v -1.698689 1.184459 -0.071629
v -1.691266 1.180410 -0.079766
v -1.701423 1.482655 -0.064824
v -1.698688 1.480293 -0.071629
v -1.691266 1.473884 -0.079766
v -0.055999 0.403506 -0.216662
v -0.055999 0.419133 -0.217045
v -0.055999 0.427086 -0.218994
v -0.115461 0.403375 -0.216483
v -0.115461 0.419002 -0.216822
v -0.115461 0.426955 -0.218720
v -0.181852 0.403019 -0.215998
v -0.181852 0.418647 -0.216219
v -0.181852 0.426601 -0.217976
v -0.348017 0.401169 -0.213549
v -0.348009 0.416800 -0.213183
v -0.347991 0.424757 -0.214242
v -0.447194 0.399353 -0.211595
v -0.447132 0.414985 -0.210833
v -0.446990 0.422954 -0.211396
v -0.552104 0.396669 -0.209354
v -0.551897 0.412301 -0.208265
v -0.551416 0.420302 -0.208372
v -0.763573 0.387940 -0.204621
v -0.762590 0.403580 -0.203487
v -0.760483 0.411768 -0.203199
v -0.866170 0.381946 -0.202175
v -0.864336 0.397699 -0.201349
v -0.861420 0.406221 -0.201160
v -0.966579 0.375183 -0.199535
v -0.963357 0.391200 -0.199130
v -0.960659 0.400371 -0.199128
v -1.632337 0.544183 -0.012744
v -1.631976 0.544183 -0.013861
v -1.630996 0.544183 -0.014679
v -1.632337 0.451121 -0.012744
v -1.631976 0.451121 -0.013861
v -1.630996 0.451121 -0.014679
v -1.632338 0.396050 -0.012744
v -1.631976 0.396050 -0.013861
v -1.630996 0.396050 -0.014679
v -1.679757 0.489331 -0.000517
v -1.667101 0.503987 -0.000208
v -1.654446 0.518642 -0.000211
v -1.679757 0.390238 -0.000517
v -1.667102 0.406504 -0.000208
v -1.654446 0.422771 -0.000211
v -1.679757 0.332366 -0.000517
v -1.667101 0.349381 -0.000208
v -1.654446 0.366396 -0.000211
v -1.632389 0.544183 -0.005584
v -1.632389 0.544183 -0.007527
v -1.632389 0.544183 -0.009496
v -1.632389 0.451121 -0.005584
v -1.632389 0.451121 -0.007527
v -1.632389 0.451121 -0.009496
v -1.632389 0.396050 -0.005584
v -1.632389 0.396050 -0.007527
v -1.632389 0.396050 -0.009496
v -1.637270 0.538531 -0.000891
v -1.633835 0.542508 -0.001562
v -1.632570 0.543974 -0.002533
v -1.637270 0.444846 -0.000891
v -1.633836 0.449262 -0.001562
v -1.632570 0.450888 -0.002533
v -1.637271 0.389487 -0.000891
v -1.633835 0.394105 -0.001562
v -1.632570 0.395807 -0.002533
v -0.721767 0.834895 -0.223354
v -0.722962 1.045990 -0.217992
v -0.726080 1.260283 -0.212027
v -0.796650 0.833049 -0.219699
v -0.798067 1.042800 -0.215378
v -0.801618 1.252405 -0.210459
v -0.862413 0.832490 -0.216046
v -0.863400 1.038997 -0.212644
v -0.865008 1.237193 -0.208743
v -0.347679 0.841508 -0.236321
v -0.347689 1.051324 -0.227470
v -0.347716 1.264734 -0.218094
v -0.444491 0.840409 -0.233610
v -0.444574 1.050488 -0.225430
v -0.444792 1.264166 -0.216718
v -0.542980 0.838941 -0.230428
v -0.543261 1.049364 -0.223071
v -0.543998 1.263400 -0.215167
v -0.055999 0.843066 -0.240571
v -0.055999 1.052504 -0.230701
v -0.055999 1.265534 -0.220312
v -0.115461 0.842978 -0.240327
v -0.115461 1.052437 -0.230516
v -0.115461 1.265488 -0.220184
v -0.181852 0.842738 -0.239666
v -0.181852 1.052256 -0.230013
v -0.181852 1.265365 -0.219838
v -0.962633 1.653347 -0.191701
v -0.925120 1.593818 -0.196077
v -0.893662 1.513724 -0.200447
v -0.869445 1.704279 -0.191382
v -0.846719 1.648545 -0.195580
v -0.825803 1.562461 -0.200295
v -0.767464 1.722210 -0.191364
v -0.754822 1.668439 -0.195468
v -0.742407 1.580743 -0.200407
v -1.076131 0.859008 -0.201500
v -1.020803 0.850503 -0.205294
v -0.970853 0.841604 -0.208893
v -1.078793 1.097111 -0.198689
v -1.021891 1.076906 -0.202669
v -0.971209 1.055840 -0.206345
v -1.069539 1.339439 -0.195510
v -1.012081 1.300288 -0.199780
v -0.963623 1.258978 -0.203560
v -0.347905 0.430280 -0.223589
v -0.347843 0.432300 -0.231223
v -0.347780 0.435554 -0.238974
v -0.446304 0.428557 -0.219927
v -0.445801 0.430638 -0.227339
v -0.445301 0.433951 -0.234970
v -0.549100 0.426119 -0.215987
v -0.547405 0.428363 -0.223050
v -0.545717 0.431832 -0.230420
v -0.553063 1.724913 -0.191638
v -0.550363 1.671586 -0.195765
v -0.547663 1.583984 -0.201081
v -0.447478 1.724969 -0.191806
v -0.446678 1.671706 -0.196015
v -0.445878 1.584228 -0.201547
v -0.348052 1.725012 -0.191964
v -0.347952 1.671796 -0.196268
v -0.347852 1.584410 -0.202004
v -1.034697 0.423397 -0.202966
v -0.985813 0.429166 -0.207245
v -0.945397 0.433834 -0.211347
v -1.054259 0.456931 -0.203554
v -1.002807 0.461104 -0.207554
v -0.958113 0.464410 -0.211496
v -1.063559 0.530418 -0.203897
v -1.010843 0.532114 -0.207707
v -0.964066 0.533158 -0.211454
v -0.055999 0.455267 -0.255415
v -0.055999 0.486265 -0.256151
v -0.055999 0.552128 -0.253910
v -0.115461 0.455139 -0.255055
v -0.115461 0.486140 -0.255801
v -0.115461 0.552009 -0.253582
v -0.181852 0.454791 -0.254076
v -0.181852 0.485800 -0.254854
v -0.181852 0.551688 -0.252692
v -0.347697 0.453013 -0.249121
v -0.347681 0.484065 -0.250055
v -0.347676 0.550045 -0.248184
v -0.444635 0.451481 -0.245091
v -0.444510 0.482562 -0.246135
v -0.444471 0.548606 -0.244499
v -0.543466 0.449522 -0.240337
v -0.543044 0.480628 -0.241479
v -0.542913 0.546728 -0.240120
v -0.723593 0.444436 -0.229697
v -0.721902 0.475514 -0.230895
v -0.721416 0.541657 -0.230142
v -0.797152 0.441839 -0.224440
v -0.795874 0.472653 -0.225490
v -0.795786 0.538828 -0.224988
v -0.857548 0.439688 -0.219660
v -0.859084 0.469920 -0.220369
v -0.860455 0.536280 -0.220028
v -1.637271 1.469268 -0.000891
v -1.633836 1.468538 -0.001562
v -1.632570 1.468269 -0.002533
v -1.637271 1.198321 -0.000891
v -1.633836 1.198967 -0.001562
v -1.632570 1.199206 -0.002533
v -1.637271 0.925354 -0.000891
v -1.633836 0.927387 -0.001562
v -1.632570 0.928136 -0.002533
v -1.632389 1.468230 -0.005584
v -1.632389 1.468230 -0.007527
v -1.632389 1.468230 -0.009496
v -1.632389 1.199240 -0.005584
v -1.632389 1.199240 -0.007527
v -1.632389 1.199240 -0.009496
v -1.632389 0.928243 -0.005584
v -1.632389 0.928243 -0.007527
v -1.632389 0.928243 -0.009496
v -1.679757 1.478302 -0.000517
v -1.667101 1.475611 -0.000208
v -1.654446 1.472920 -0.000211
v -1.679757 1.190318 -0.000517
v -1.667102 1.192702 -0.000208
v -1.654446 1.195086 -0.000211
v -1.679757 0.900209 -0.000517
v -1.667101 0.907699 -0.000208
v -1.654446 0.915189 -0.000211
v -1.632337 1.468230 -0.012744
v -1.631976 1.468230 -0.013861
v -1.630996 1.468230 -0.014679
v -1.632337 1.199240 -0.012744
v -1.631976 1.199240 -0.013861
v -1.630996 1.199240 -0.014679
v -1.632338 0.928243 -0.012744
v -1.631976 0.928243 -0.013861
v -1.630996 0.928243 -0.014679
v -1.701423 0.302853 -0.064824
v -1.698689 0.303838 -0.071629
v -1.691266 0.306511 -0.079766
v -1.701423 0.362013 -0.064824
v -1.698689 0.362886 -0.071629
v -1.691266 0.365255 -0.079766
v -1.701423 0.463876 -0.064824
v -1.698688 0.464481 -0.071629
v -1.691266 0.466124 -0.079766
v -1.587471 0.396050 -0.015816
v -1.613179 0.396050 -0.015752
v -1.624932 0.396050 -0.015577
v -1.587471 0.451121 -0.015816
v -1.613179 0.451121 -0.015752
v -1.624932 0.451121 -0.015577
v -1.587471 0.544183 -0.015816
v -1.613179 0.544183 -0.015752
v -1.624932 0.544183 -0.015577
v -1.506611 0.362705 -0.178783
v -1.508760 0.413943 -0.178817
v -1.509877 0.500083 -0.178841
v -1.537127 0.357736 -0.175638
v -1.537756 0.410358 -0.175661
v -1.538116 0.497520 -0.175670
v -1.556436 0.353488 -0.170100
v -1.556538 0.406871 -0.170113
v -1.556589 0.495047 -0.170116
v -1.654116 0.319877 -0.107607
v -1.626507 0.329744 -0.126476
v -1.598446 0.339648 -0.145006
v -1.654116 0.377104 -0.107607
v -1.626509 0.385852 -0.126477
v -1.598452 0.394633 -0.145008
v -1.654116 0.474338 -0.107607
v -1.626509 0.480406 -0.126477
v -1.598454 0.486504 -0.145009
v -0.058907 0.396050 -0.015825
v -0.121458 0.396050 -0.015825
v -0.191296 0.396050 -0.015825
v -0.058907 0.451121 -0.015825
v -0.121458 0.451121 -0.015825
v -0.191296 0.451121 -0.015825
v -0.058907 0.544183 -0.015825
v -0.121458 0.544183 -0.015825
v -0.191296 0.544183 -0.015825
v -0.366194 0.396050 -0.015825
v -0.471255 0.396050 -0.015825
v -0.583603 0.396050 -0.015825
v -0.366194 0.451121 -0.015825
v -0.471255 0.451121 -0.015825
v -0.583603 0.451121 -0.015825
v -0.366194 0.544183 -0.015825
v -0.471255 0.544183 -0.015825
v -0.583603 0.544183 -0.015825
v -0.816143 0.396050 -0.015825
v -0.932381 0.396050 -0.015825
v -1.048000 0.396050 -0.015825
v -0.816143 0.451121 -0.015825
v -0.932381 0.451121 -0.015825
v -1.048000 0.451121 -0.015825
v -0.816143 0.544183 -0.015825
v -0.932381 0.544183 -0.015825
v -1.048000 0.544183 -0.015825
v -1.696932 0.309275 -0.002453
v -1.700367 0.304657 -0.004826
v -1.701633 0.302956 -0.009001
v -1.696932 0.368162 -0.002453
v -1.700367 0.363747 -0.004826
v -1.701633 0.362120 -0.009001
v -1.696932 0.469443 -0.002453
v -1.700367 0.465465 -0.004826
v -1.701633 0.463999 -0.009001
v -1.696932 0.123936 -0.002453
v -1.700367 0.119181 -0.004826
v -1.701633 0.117429 -0.009001
v -1.696932 0.171156 -0.002453
v -1.700367 0.166409 -0.004826
v -1.701633 0.164660 -0.009001
v -1.696932 0.220771 -0.002453
v -1.700367 0.216043 -0.004826
v -1.701633 0.214301 -0.009001
v -0.816143 0.213324 -0.015825
v -0.932381 0.213324 -0.015825
v -1.048000 0.213324 -0.015825
v -0.816143 0.260357 -0.015825
v -0.932381 0.260357 -0.015825
v -1.048000 0.260357 -0.015825
v -0.816143 0.309611 -0.015825
v -0.932381 0.309610 -0.015825
v -1.048000 0.309610 -0.015825
v -0.366194 0.213324 -0.015825
v -0.471255 0.213324 -0.015825
v -0.583603 0.213324 -0.015825
v -0.366194 0.260357 -0.015825
v -0.471255 0.260357 -0.015825
v -0.583603 0.260357 -0.015825
v -0.366194 0.309611 -0.015825
v -0.471255 0.309610 -0.015825
v -0.583603 0.309610 -0.015825
v -0.058907 0.213324 -0.015825
v -0.121458 0.213324 -0.015825
v -0.191296 0.213324 -0.015825
v -0.058907 0.260357 -0.015825
v -0.121458 0.260357 -0.015825
v -0.191296 0.260357 -0.015825
v -0.058907 0.309611 -0.015825
v -0.121458 0.309610 -0.015825
v -0.191296 0.309610 -0.015825
v -0.766263 0.223720 -0.201838
v -0.765299 0.274616 -0.204133
v -0.764597 0.322378 -0.205410
v -0.871807 0.218227 -0.198139
v -0.870254 0.268810 -0.200610
v -0.868933 0.316436 -0.202184
v -0.977783 0.211678 -0.194496
v -0.975572 0.261964 -0.196953
v -0.973228 0.309524 -0.198707
v -0.348037 0.235677 -0.215825
v -0.348029 0.287252 -0.215805
v -0.348024 0.335347 -0.215330
v -0.447356 0.233975 -0.212791
v -0.447293 0.285475 -0.213448
v -0.447249 0.333541 -0.213408
v -0.552651 0.231518 -0.209293
v -0.552439 0.282890 -0.210633
v -0.552291 0.330898 -0.211065
v -0.055999 0.237920 -0.220641
v -0.055999 0.289575 -0.219456
v -0.055999 0.337693 -0.218262
v -0.115461 0.237794 -0.220364
v -0.115461 0.289444 -0.219247
v -0.115461 0.337561 -0.218094
v -0.181852 0.237451 -0.219614
v -0.181852 0.289090 -0.218680
v -0.181852 0.337204 -0.217640
v -1.654112 0.132268 -0.107606
v -1.626478 0.140952 -0.126468
v -1.598349 0.149686 -0.144979
v -1.654114 0.180737 -0.107606
v -1.626488 0.190131 -0.126470
v -1.598383 0.199572 -0.144987
v -1.654115 0.231198 -0.107606
v -1.626497 0.241058 -0.126473
v -1.598412 0.250962 -0.144994
v -1.509077 0.168577 -0.177805
v -1.508350 0.220285 -0.178101
v -1.506445 0.273848 -0.178420
v -1.537437 0.165346 -0.175234
v -1.537344 0.216590 -0.175357
v -1.536933 0.269153 -0.175483
v -1.556125 0.161936 -0.169952
v -1.556237 0.212798 -0.169996
v -1.556289 0.264851 -0.170040
v -1.587471 0.213324 -0.015816
v -1.613179 0.213324 -0.015752
v -1.624932 0.213324 -0.015577
v -1.587471 0.260357 -0.015816
v -1.613179 0.260357 -0.015752
v -1.624932 0.260357 -0.015577
v -1.587471 0.309611 -0.015816
v -1.613179 0.309610 -0.015752
v -1.624932 0.309610 -0.015577
v -1.701423 0.117302 -0.064824
v -1.698689 0.118168 -0.071629
v -1.691266 0.120517 -0.079766
v -1.701423 0.164544 -0.064824
v -1.698689 0.165481 -0.071629
v -1.691266 0.168023 -0.079766
v -1.701423 0.214193 -0.064824
v -1.698688 0.215176 -0.071629
v -1.691266 0.217846 -0.079766
v -0.048970 0.026949 -0.084172
v -0.042856 0.027325 -0.088756
v -0.036861 0.027674 -0.093012
v -0.098169 0.027050 -0.086004
v -0.084011 0.027462 -0.090832
v -0.071408 0.027818 -0.095096
v -0.146849 0.027353 -0.091224
v -0.121200 0.027845 -0.096561
v -0.101258 0.028210 -0.100762
v -0.209734 0.029689 -0.123558
v -0.166138 0.030008 -0.127035
v -0.136671 0.030201 -0.129325
v -0.214297 0.032328 -0.148921
v -0.170101 0.031898 -0.150031
v -0.139991 0.031705 -0.150438
v -0.205025 0.036202 -0.174451
v -0.162845 0.034147 -0.173082
v -0.134166 0.033253 -0.171559
v -0.561517 -0.280367 0.004947
v -0.590837 -0.280690 0.020762
v -0.607448 -0.281558 0.028724
v -0.574884 -0.280034 -0.149811
v -0.604901 -0.280337 -0.143300
v -0.621908 -0.281194 -0.141067
v -0.550758 -0.279700 -0.304569
v -0.579515 -0.279984 -0.307363
v -0.595809 -0.280830 -0.310859
v -0.045475 -0.297190 -0.165336
v -0.046450 -0.303531 -0.162906
v -0.047261 -0.308485 -0.160784
v -0.087908 -0.297183 -0.169404
v -0.089792 -0.303524 -0.167062
v -0.091359 -0.308477 -0.165018
v -0.124256 -0.297164 -0.180443
v -0.126919 -0.303505 -0.178344
v -0.129134 -0.308457 -0.176513
v -0.167119 -0.297069 -0.235643
v -0.170700 -0.303408 -0.234755
v -0.173680 -0.308359 -0.233985
v -0.171097 -0.297000 -0.276316
v -0.174763 -0.303337 -0.276320
v -0.177814 -0.308287 -0.276332
v -0.163917 -0.296931 -0.316989
v -0.167429 -0.303266 -0.317886
v -0.170352 -0.308215 -0.318680
v -0.150680 -0.279952 -0.239646
v -0.153652 -0.280054 -0.238923
v -0.155408 -0.280344 -0.238495
v -0.154267 -0.279889 -0.276315
v -0.157309 -0.279990 -0.276315
v -0.159107 -0.280279 -0.276315
v -0.147793 -0.279827 -0.312985
v -0.150708 -0.279926 -0.313708
v -0.152430 -0.280215 -0.314135
v -0.041002 -0.280060 -0.176260
v -0.041811 -0.280165 -0.174287
v -0.042289 -0.280456 -0.173120
v -0.079261 -0.280054 -0.179927
v -0.080824 -0.280158 -0.178026
v -0.081748 -0.280449 -0.176902
v -0.112033 -0.280037 -0.189880
v -0.114243 -0.280141 -0.188175
v -0.115549 -0.280432 -0.187168
v -0.152796 -0.280943 0.272457
v -0.160774 -0.281300 0.304356
v -0.165295 -0.282187 0.322221
v -0.295370 -0.280910 0.256982
v -0.310793 -0.281264 0.287950
v -0.319531 -0.282151 0.305241
v -0.417498 -0.280819 0.214976
v -0.439298 -0.281168 0.243418
v -0.451649 -0.282052 0.259155
v -0.080733 -0.280882 -0.019154
v -0.101167 -0.280766 0.063720
v -0.122023 -0.280777 0.148223
v -0.156065 -0.280866 -0.026995
v -0.195566 -0.280745 0.053755
v -0.235882 -0.280751 0.136073
v -0.220595 -0.280823 -0.048278
v -0.276428 -0.280689 0.026706
v -0.333414 -0.280681 0.103093
v -0.296690 -0.280609 -0.154696
v -0.371784 -0.280407 -0.108537
v -0.448427 -0.280331 -0.061808
v -0.303753 -0.280452 -0.233109
v -0.380634 -0.280200 -0.208189
v -0.459101 -0.280073 -0.183314
v -0.291005 -0.280294 -0.311522
v -0.364660 -0.279993 -0.307842
v -0.439834 -0.279815 -0.304819
v -0.168890 -0.285768 -0.233939
v -0.175750 -0.283134 -0.229427
v -0.195770 -0.281704 -0.216982
v -0.172910 -0.285696 -0.276195
v -0.179933 -0.283057 -0.273717
v -0.200431 -0.281613 -0.266954
v -0.165653 -0.285623 -0.318451
v -0.172382 -0.282980 -0.318006
v -0.192019 -0.281522 -0.316927
v -0.045957 -0.285893 -0.160896
v -0.047824 -0.283268 -0.152870
v -0.053272 -0.281860 -0.130602
v -0.088839 -0.285886 -0.165122
v -0.092448 -0.283260 -0.157299
v -0.102979 -0.281851 -0.135599
v -0.125573 -0.285866 -0.176591
v -0.130673 -0.283239 -0.169321
v -0.145559 -0.281826 -0.149163
v -0.153471 -0.344949 -0.306888
v -0.293691 -0.344835 -0.300606
v -0.408591 -0.344527 -0.286567
v -0.155347 -0.345550 -0.141275
v -0.298307 -0.345415 -0.141274
v -0.417647 -0.345049 -0.141274
v -0.156801 -0.345654 0.024340
v -0.299527 -0.345513 0.018058
v -0.415589 -0.345145 0.004020
v -0.160358 -0.339333 0.310783
v -0.159987 -0.342210 0.294169
v -0.159114 -0.344104 0.249161
v -0.309826 -0.339296 0.294206
v -0.307974 -0.342157 0.278133
v -0.303867 -0.344016 0.234630
v -0.437587 -0.339195 0.249217
v -0.432557 -0.342023 0.234651
v -0.421229 -0.343805 0.195829
v -0.588029 -0.338716 0.024379
v -0.577713 -0.341560 0.018079
v -0.550370 -0.343389 0.004029
v -0.602010 -0.338366 -0.141262
v -0.591336 -0.341242 -0.141267
v -0.562519 -0.343150 -0.141270
v -0.576821 -0.338011 -0.306903
v -0.567120 -0.340881 -0.300613
v -0.541208 -0.342770 -0.286570
v -0.157732 -0.281898 -0.237930
v -0.159156 -0.283647 -0.237583
v -0.161073 -0.286552 -0.237116
v -0.161487 -0.281832 -0.276315
v -0.162944 -0.283580 -0.276315
v -0.164907 -0.286485 -0.276315
v -0.154710 -0.281767 -0.314701
v -0.156106 -0.283514 -0.315047
v -0.157987 -0.286419 -0.315514
v -0.042921 -0.282011 -0.171577
v -0.043308 -0.283761 -0.170632
v -0.043830 -0.286668 -0.169359
v -0.082970 -0.282005 -0.175416
v -0.083719 -0.283754 -0.174505
v -0.084728 -0.286662 -0.173278
v -0.117277 -0.281987 -0.185835
v -0.118335 -0.283736 -0.185018
v -0.119761 -0.286643 -0.183918
v -0.033357 -0.279072 -0.194505
v -0.035564 -0.279774 -0.189409
v -0.037791 -0.280025 -0.184081
v -0.064482 -0.279067 -0.197489
v -0.068748 -0.279769 -0.192590
v -0.073053 -0.280019 -0.187461
v -0.091144 -0.279053 -0.205587
v -0.097174 -0.279754 -0.201223
v -0.103259 -0.280003 -0.196635
v -0.122584 -0.278987 -0.246081
v -0.130694 -0.279681 -0.244390
v -0.138879 -0.279925 -0.242503
v -0.125502 -0.278937 -0.275918
v -0.133805 -0.279627 -0.276198
v -0.142184 -0.279867 -0.276301
v -0.120235 -0.278888 -0.305756
v -0.128190 -0.279574 -0.308005
v -0.136217 -0.279810 -0.310098
v -0.047623 -0.308122 -0.159180
v -0.047176 -0.302859 -0.159736
v -0.046569 -0.296314 -0.160673
v -0.092060 -0.308115 -0.163476
v -0.091197 -0.302852 -0.164013
v -0.090022 -0.296306 -0.164917
v -0.130125 -0.308095 -0.175136
v -0.128904 -0.302832 -0.175622
v -0.127244 -0.296287 -0.176438
v -0.175013 -0.307995 -0.233436
v -0.173371 -0.302732 -0.233668
v -0.171138 -0.296188 -0.234040
v -0.179179 -0.307922 -0.276393
v -0.177498 -0.302659 -0.276438
v -0.175212 -0.296116 -0.276484
v -0.171659 -0.307848 -0.319351
v -0.170049 -0.302586 -0.319209
v -0.167858 -0.296043 -0.318928
v -0.620978 -0.285888 0.033958
v -0.623379 -0.289102 0.034845
v -0.624039 -0.292368 0.035106
v -0.635760 -0.285515 -0.141071
v -0.638218 -0.288728 -0.141147
v -0.638893 -0.291993 -0.141176
v -0.609079 -0.285142 -0.316101
v -0.611433 -0.288353 -0.317138
v -0.612079 -0.291618 -0.317458
v -0.168976 -0.286534 0.336510
v -0.169630 -0.289750 0.339058
v -0.169810 -0.293016 0.339822
v -0.326647 -0.286496 0.319007
v -0.327911 -0.289713 0.321459
v -0.328259 -0.292978 0.322194
v -0.461709 -0.286395 0.271499
v -0.463494 -0.289611 0.273690
v -0.463986 -0.292876 0.274346
v -0.610344 -0.302418 0.031252
v -0.604730 -0.304749 0.029657
v -0.599267 -0.307946 0.028101
v -0.624861 -0.302055 -0.141173
v -0.619117 -0.304389 -0.141183
v -0.613526 -0.307587 -0.141196
v -0.598627 -0.301692 -0.313598
v -0.593126 -0.304028 -0.312023
v -0.587773 -0.307229 -0.310493
v -0.166089 -0.303046 0.329300
v -0.164560 -0.305372 0.324966
v -0.163071 -0.308565 0.320744
v -0.321064 -0.303010 0.312058
v -0.318109 -0.305336 0.307882
v -0.315232 -0.308529 0.303814
v -0.453814 -0.302911 0.265257
v -0.449638 -0.305239 0.261511
v -0.445572 -0.308432 0.257862
v -0.169474 -0.297770 0.338900
v -0.169070 -0.299108 0.337753
v -0.168416 -0.300193 0.335899
v -0.327609 -0.297733 0.321305
v -0.326828 -0.299071 0.320200
v -0.325563 -0.300156 0.318415
v -0.463066 -0.297632 0.273549
v -0.461961 -0.298970 0.272559
v -0.460173 -0.300056 0.270958
v -0.622796 -0.297126 0.034767
v -0.621305 -0.298468 0.034350
v -0.618897 -0.299557 0.033673
v -0.637615 -0.296754 -0.141177
v -0.636086 -0.298097 -0.141172
v -0.633618 -0.299189 -0.141168
v -0.610851 -0.296381 -0.317122
v -0.609383 -0.297727 -0.316695
v -0.607017 -0.298820 -0.316010
v -0.591883 -0.317563 0.025990
v -0.590345 -0.323529 0.025543
v -0.589719 -0.329452 0.025355
v -0.605971 -0.317207 -0.141223
v -0.604397 -0.323174 -0.141235
v -0.603757 -0.329097 -0.141246
v -0.580539 -0.316852 -0.308436
v -0.579032 -0.322819 -0.308014
v -0.578419 -0.328742 -0.307848
v -0.161060 -0.318177 0.315029
v -0.160641 -0.324142 0.313831
v -0.160470 -0.330065 0.313338
v -0.311344 -0.318142 0.298307
v -0.310534 -0.324107 0.297154
v -0.310205 -0.330029 0.296678
v -0.440078 -0.318045 0.252921
v -0.438933 -0.324010 0.251885
v -0.438467 -0.329933 0.251458
v -0.419479 -0.316369 -0.535367
v -0.418392 -0.322337 -0.534356
v -0.417949 -0.328261 -0.533950
v -0.294627 -0.316273 -0.580753
v -0.293863 -0.322241 -0.579624
v -0.293552 -0.328165 -0.579171
v -0.151806 -0.316237 -0.597475
v -0.151412 -0.322205 -0.596302
v -0.151252 -0.328129 -0.595831
v -0.441377 -0.295876 -0.555903
v -0.440313 -0.297224 -0.554903
v -0.438600 -0.298321 -0.553295
v -0.310006 -0.295775 -0.603660
v -0.309258 -0.297123 -0.602545
v -0.308055 -0.298221 -0.600752
v -0.159730 -0.295738 -0.621254
v -0.159344 -0.297086 -0.620097
v -0.158724 -0.298184 -0.618236
v -0.432538 -0.301200 -0.547604
v -0.428566 -0.303539 -0.543877
v -0.424701 -0.306743 -0.540253
v -0.303797 -0.301101 -0.594404
v -0.301008 -0.303441 -0.590248
v -0.298294 -0.306646 -0.586206
v -0.156530 -0.301065 -0.611647
v -0.155093 -0.303405 -0.607332
v -0.153695 -0.306610 -0.603135
v -0.440103 -0.284636 -0.553641
v -0.441803 -0.287845 -0.555984
v -0.442269 -0.291110 -0.556698
v -0.309112 -0.284534 -0.601149
v -0.310307 -0.287743 -0.603753
v -0.310634 -0.291008 -0.604546
v -0.159269 -0.284497 -0.618652
v -0.159885 -0.287705 -0.621352
v -0.160053 -0.290970 -0.622174
v -0.124036 -0.307749 -0.377650
v -0.122872 -0.302487 -0.377254
v -0.121290 -0.295945 -0.376530
v -0.087118 -0.307729 -0.389310
v -0.086301 -0.302467 -0.388863
v -0.085189 -0.295925 -0.388051
v -0.044888 -0.307721 -0.393606
v -0.044466 -0.302460 -0.393140
v -0.043894 -0.295918 -0.392295
v -0.086879 -0.278821 -0.346250
v -0.092626 -0.279500 -0.351172
v -0.098427 -0.279731 -0.355967
v -0.061020 -0.278808 -0.354348
v -0.065057 -0.279486 -0.359806
v -0.069131 -0.279716 -0.365140
v -0.031441 -0.278803 -0.357332
v -0.033521 -0.279481 -0.362986
v -0.035620 -0.279710 -0.368520
v -0.111789 -0.281677 -0.366796
v -0.112798 -0.283424 -0.367612
v -0.114157 -0.286327 -0.368712
v -0.078516 -0.281660 -0.377215
v -0.079225 -0.283406 -0.378125
v -0.080180 -0.286309 -0.379352
v -0.040455 -0.281653 -0.381053
v -0.040820 -0.283400 -0.381999
v -0.041312 -0.286303 -0.383272
v -0.417214 -0.337532 -0.531742
v -0.413145 -0.340423 -0.517186
v -0.404279 -0.342370 -0.478369
v -0.293277 -0.337442 -0.576730
v -0.292107 -0.340371 -0.560667
v -0.289806 -0.342416 -0.517171
v -0.151193 -0.337409 -0.593307
v -0.151168 -0.340356 -0.576703
v -0.151227 -0.342442 -0.531703
v -0.119696 -0.285525 -0.375798
v -0.124558 -0.282875 -0.378113
v -0.138747 -0.281399 -0.384746
v -0.084070 -0.285505 -0.387267
v -0.087485 -0.282854 -0.390134
v -0.097451 -0.281375 -0.398310
v -0.043317 -0.285498 -0.391493
v -0.045077 -0.282846 -0.394563
v -0.050211 -0.281366 -0.403307
v -0.210272 -0.280080 -0.417939
v -0.263493 -0.279711 -0.443085
v -0.317811 -0.279464 -0.469720
v -0.147687 -0.280038 -0.439223
v -0.185068 -0.279655 -0.470133
v -0.223219 -0.279394 -0.502700
v -0.076096 -0.280022 -0.447064
v -0.095356 -0.279634 -0.480098
v -0.115013 -0.279369 -0.514851
v -0.397961 -0.279248 -0.514597
v -0.418741 -0.279505 -0.530019
v -0.430514 -0.280336 -0.541290
v -0.279514 -0.279158 -0.556603
v -0.294109 -0.279409 -0.574550
v -0.302378 -0.280237 -0.587376
v -0.144019 -0.279124 -0.572079
v -0.151539 -0.279374 -0.590956
v -0.155799 -0.280201 -0.604355
v -0.106791 -0.279742 -0.362750
v -0.108897 -0.279840 -0.364455
v -0.110142 -0.280127 -0.365463
v -0.075006 -0.279724 -0.372703
v -0.076485 -0.279822 -0.374605
v -0.077359 -0.280110 -0.375728
v -0.038647 -0.279718 -0.376370
v -0.039409 -0.279816 -0.378344
v -0.039859 -0.280103 -0.379510
v -0.118442 -0.296836 -0.372188
v -0.120979 -0.303170 -0.374296
v -0.123091 -0.308116 -0.376152
v -0.083189 -0.296817 -0.383228
v -0.084972 -0.303150 -0.385578
v -0.086455 -0.308097 -0.387647
v -0.042863 -0.296810 -0.387295
v -0.043781 -0.303144 -0.389735
v -0.044546 -0.308089 -0.391881
v -0.139415 0.043485 -0.208058
v -0.115521 0.037659 -0.203904
v -0.096746 0.035413 -0.200164
v -0.092774 0.045004 -0.213837
v -0.079590 0.038443 -0.209804
v -0.067770 0.035855 -0.205852
v -0.046173 0.045568 -0.215890
v -0.040470 0.038740 -0.211951
v -0.034855 0.036019 -0.207945
v -0.181852 1.725062 -0.192171
v -0.181852 1.671897 -0.196614
v -0.181852 1.584614 -0.202619
v -0.115461 1.725071 -0.192212
v -0.115461 1.671917 -0.196683
v -0.115461 1.584653 -0.202741
v -0.055999 1.725075 -0.192227
v -0.055999 1.671924 -0.196709
v -0.055999 1.584668 -0.202787
v -0.198859 2.016135 -0.002453
v -0.199262 2.019330 -0.004826
v -0.199410 2.020507 -0.009001
v -0.126260 2.016135 -0.002453
v -0.126515 2.019330 -0.004826
v -0.126610 2.020507 -0.009001
v -0.061236 2.016135 -0.002453
v -0.061360 2.019330 -0.004826
v -0.061406 2.020507 -0.009001
v -0.191868 0.110850 -0.000891
v -0.191465 0.115745 -0.001562
v -0.191317 0.117615 -0.002533
v -0.121821 0.110850 -0.000891
v -0.121565 0.115745 -0.001562
v -0.121471 0.117615 -0.002533
v -0.059083 0.110851 -0.000891
v -0.058959 0.115745 -0.001562
v -0.058913 0.117615 -0.002533
v -0.191296 0.118010 -0.005584
v -0.191296 0.118039 -0.007527
v -0.191296 0.118049 -0.009496
v -0.121458 0.118010 -0.005584
v -0.121458 0.118039 -0.007527
v -0.121458 0.118049 -0.009496
v -0.058907 0.118010 -0.005584
v -0.058907 0.118039 -0.007527
v -0.058907 0.118049 -0.009496
v -0.196741 0.023783 -0.048118
v -0.197484 0.022925 -0.036698
v -0.198202 0.022095 -0.025421
v -0.124600 0.023948 -0.048156
v -0.125158 0.023044 -0.036725
v -0.125698 0.022170 -0.025439
v -0.060331 0.024009 -0.048171
v -0.060630 0.023089 -0.036736
v -0.060918 0.022198 -0.025446
v -0.193846 1.952305 -0.110384
v -0.190642 1.912670 -0.130840
v -0.187437 1.872275 -0.150943
v -0.123077 1.952305 -0.110384
v -0.121042 1.912670 -0.130840
v -0.119008 1.872275 -0.150944
v -0.059692 1.952305 -0.110384
v -0.058705 1.912670 -0.130840
v -0.057719 1.872275 -0.150945
v -0.199386 2.020115 -0.064846
v -0.199065 2.016196 -0.071811
v -0.198195 2.005558 -0.080381
v -0.126594 2.020115 -0.064847
v -0.126391 2.016196 -0.071811
v -0.125838 2.005558 -0.080381
v -0.061398 2.020115 -0.064847
v -0.061299 2.016196 -0.071811
v -0.061032 2.005558 -0.080381
v -0.196847 0.051430 -0.000517
v -0.195363 0.069086 -0.000208
v -0.193880 0.086760 -0.000211
v -0.124982 0.051430 -0.000517
v -0.124040 0.069086 -0.000208
v -0.123099 0.086760 -0.000211
v -0.060616 0.051430 -0.000517
v -0.060160 0.069086 -0.000208
v -0.059703 0.086760 -0.000211
v -0.191296 0.118100 -0.012744
v -0.191296 0.118444 -0.013861
v -0.191296 0.119378 -0.014679
v -0.121458 0.118100 -0.012744
v -0.121458 0.118444 -0.013861
v -0.121458 0.119378 -0.014679
v -0.058907 0.118100 -0.012744
v -0.058907 0.118444 -0.013861
v -0.058907 0.119378 -0.014679
v -1.275134 0.213324 -0.015825
v -1.379981 0.213324 -0.015825
v -1.470872 0.213324 -0.015825
v -1.275134 0.260357 -0.015825
v -1.379981 0.260357 -0.015825
v -1.470872 0.260357 -0.015825
v -1.275134 0.309611 -0.015825
v -1.379981 0.309610 -0.015825
v -1.470872 0.309610 -0.015825
v -1.194250 0.195602 -0.187469
v -1.190823 0.245596 -0.189403
v -1.184888 0.293579 -0.191083
v -1.298382 0.187000 -0.184281
v -1.294895 0.237324 -0.185776
v -1.287373 0.286480 -0.187208
v -1.390202 0.179166 -0.181540
v -1.387420 0.230303 -0.182557
v -1.379973 0.281876 -0.183637
v -1.191128 0.407613 -0.193826
v -1.204936 0.444333 -0.194496
v -1.212555 0.522172 -0.194898
v -1.288487 0.396999 -0.189248
v -1.298481 0.435925 -0.189639
v -1.303889 0.515838 -0.189916
v -1.379815 0.383988 -0.184982
v -1.387701 0.426954 -0.185127
v -1.391307 0.509318 -0.185282
v -1.275134 0.396050 -0.015825
v -1.379981 0.396050 -0.015825
v -1.470872 0.396050 -0.015825
v -1.275134 0.451121 -0.015825
v -1.379981 0.451121 -0.015825
v -1.470872 0.451121 -0.015825
v -1.275134 0.544183 -0.015825
v -1.379981 0.544183 -0.015825
v -1.470872 0.544183 -0.015825
v -1.214418 0.369842 -0.191258
v -1.159614 0.360582 -0.193293
v -1.149892 0.376618 -0.193654
v -1.156953 0.385658 -0.193444
v -1.242290 0.374117 -0.190180
v -1.309845 0.356146 -0.187376
v -1.243178 0.355583 -0.190084
v -1.275134 0.928243 -0.015825
v -1.379981 0.928243 -0.015825
v -1.470872 0.928243 -0.015825
v -1.275134 1.199240 -0.015825
v -1.379981 1.199240 -0.015825
v -1.470872 1.199240 -0.015825
v -1.275134 1.468230 -0.015825
v -1.379981 1.468230 -0.015825
v -1.470872 1.468230 -0.015825
v -1.225180 0.865960 -0.192903
v -1.231022 1.114556 -0.190444
v -1.232314 1.368088 -0.187614
v -1.313868 0.864017 -0.188396
v -1.319826 1.112508 -0.186551
v -1.324469 1.361341 -0.184490
v -1.397944 0.860724 -0.184282
v -1.402403 1.109639 -0.183088
v -1.406684 1.357103 -0.181778
v -1.275134 0.124684 -0.015577
v -1.379981 0.124684 -0.015577
v -1.470872 0.124684 -0.015577
v -1.275134 0.132572 -0.015752
v -1.379981 0.132572 -0.015752
v -1.470872 0.132572 -0.015752
v -1.275134 0.148081 -0.015816
v -1.379981 0.148081 -0.015816
v -1.470872 0.148081 -0.015816
v -1.211356 0.062653 -0.172548
v -1.204752 0.083890 -0.179231
v -1.200114 0.112427 -0.183039
v -1.313862 0.059439 -0.171660
v -1.307074 0.078874 -0.177802
v -1.302934 0.105682 -0.181007
v -1.403463 0.056457 -0.170943
v -1.396586 0.074222 -0.176638
v -1.393088 0.099439 -0.179332
v -1.279269 0.027481 -0.002453
v -1.279488 0.022691 -0.004826
v -1.279569 0.020927 -0.009001
v -1.398305 0.027481 -0.002453
v -1.399280 0.022691 -0.004826
v -1.399640 0.020927 -0.009001
v -1.505198 0.027481 -0.002453
v -1.507025 0.022691 -0.004826
v -1.507698 0.020927 -0.009001
v -1.689180 2.014211 -0.002453
v -1.692599 2.017399 -0.004826
v -1.693859 2.018574 -0.009001
v -1.676963 2.015565 -0.002453
v -1.680357 2.018758 -0.004826
v -1.681608 2.019934 -0.009001
v -1.650238 2.016064 -0.002453
v -1.653579 2.019258 -0.004826
v -1.654809 2.020435 -0.009001
v -1.629776 0.112209 -0.000891
v -1.626367 0.117094 -0.001562
v -1.625111 0.118956 -0.002533
v -1.617884 0.111253 -0.000891
v -1.614573 0.116145 -0.001562
v -1.613353 0.118012 -0.002533
v -1.591816 0.110901 -0.000891
v -1.588758 0.115795 -0.001562
v -1.587632 0.117665 -0.002533
v -1.278947 1.960653 -0.000891
v -1.276264 1.957459 -0.001562
v -1.275275 1.956282 -0.002533
v -1.384107 1.960653 -0.000891
v -1.381204 1.957459 -0.001562
v -1.380133 1.956282 -0.002533
v -1.475270 1.960653 -0.000891
v -1.472175 1.957459 -0.001562
v -1.471034 1.956282 -0.002533
v -1.275134 1.956114 -0.005584
v -1.275134 1.956114 -0.007527
v -1.275134 1.956114 -0.009496
v -1.379981 1.956114 -0.005584
v -1.379981 1.956114 -0.007527
v -1.379980 1.956114 -0.009496
v -1.470872 1.956114 -0.005584
v -1.470872 1.956114 -0.007527
v -1.470872 1.956114 -0.009496
v -1.624932 0.119340 -0.005584
v -1.624932 0.119367 -0.007527
v -1.624932 0.119377 -0.009496
v -1.613179 0.118404 -0.005584
v -1.613179 0.118432 -0.007527
v -1.613179 0.118443 -0.009496
v -1.587471 0.118059 -0.005584
v -1.587471 0.118088 -0.007527
v -1.587471 0.118098 -0.009496
v -1.647211 1.950659 -0.107572
v -1.621179 1.912578 -0.125785
v -1.596459 1.875918 -0.142672
v -1.635697 1.951828 -0.107705
v -1.609544 1.912728 -0.126400
v -1.583821 1.873568 -0.144419
v -1.610461 1.952246 -0.107866
v -1.584951 1.912677 -0.126844
v -1.559494 1.872435 -0.145418
v -1.693654 2.018182 -0.064824
v -1.690960 2.014267 -0.071633
v -1.683647 2.003640 -0.079780
v -1.681408 2.019542 -0.064825
v -1.678761 2.015624 -0.071638
v -1.671576 2.004990 -0.079795
v -1.654620 2.020043 -0.064826
v -1.652065 2.016124 -0.071646
v -1.645130 2.005487 -0.079825
v -1.671938 0.052833 -0.000517
v -1.659379 0.070479 -0.000208
v -1.646820 0.088142 -0.000211
v -1.658833 0.051845 -0.000517
v -1.646635 0.069499 -0.000208
v -1.634438 0.087169 -0.000211
v -1.629633 0.051482 -0.000517
v -1.618368 0.069138 -0.000208
v -1.607103 0.086811 -0.000211
v -1.624911 0.119421 -0.012740
v -1.624769 0.119722 -0.013833
v -1.624452 0.120523 -0.014593
v -1.613172 0.118491 -0.012742
v -1.613126 0.118823 -0.013851
v -1.613025 0.119722 -0.014650
v -1.587470 0.118149 -0.012744
v -1.587464 0.118491 -0.013859
v -1.587452 0.119421 -0.014675
v -1.258123 0.025498 -0.107627
v -1.245518 0.029734 -0.126639
v -1.232367 0.036713 -0.145556
v -1.371750 0.025471 -0.107620
v -1.355500 0.029523 -0.126581
v -1.338840 0.036001 -0.145361
v -1.472973 0.025447 -0.107614
v -1.452862 0.029327 -0.126534
v -1.432507 0.035339 -0.145203
v -1.234575 1.708331 -0.182914
v -1.239735 1.774470 -0.180036
v -1.245623 1.810122 -0.174475
v -1.331405 1.699376 -0.181209
v -1.335466 1.771446 -0.178681
v -1.341508 1.809744 -0.173299
v -1.412839 1.695787 -0.179643
v -1.416281 1.770206 -0.177390
v -1.422652 1.809589 -0.172164
v -1.275134 1.956047 -0.012744
v -1.275134 1.955578 -0.013861
v -1.275134 1.954305 -0.014679
v -1.379981 1.956047 -0.012744
v -1.379981 1.955578 -0.013861
v -1.379980 1.954305 -0.014679
v -1.470872 1.956047 -0.012744
v -1.470872 1.955578 -0.013861
v -1.470872 1.954305 -0.014679
v -1.275134 1.835934 -0.015816
v -1.379981 1.835934 -0.015816
v -1.470872 1.835934 -0.015816
v -1.275134 1.912844 -0.015752
v -1.379981 1.912844 -0.015752
v -1.470872 1.912844 -0.015752
v -1.275134 1.944141 -0.015577
v -1.379981 1.944141 -0.015577
v -1.470872 1.944141 -0.015577
v -1.279405 0.020712 -0.064824
v -1.278177 0.020976 -0.071629
v -1.274842 0.021691 -0.079766
v -1.399462 0.020712 -0.064824
v -1.397861 0.020976 -0.071629
v -1.393515 0.021692 -0.079766
v -1.507508 0.020712 -0.064824
v -1.505512 0.020976 -0.071629
v -1.500092 0.021692 -0.079766
v -1.312135 2.000163 -0.000517
v -1.302249 1.988394 -0.000208
v -1.292364 1.976626 -0.000211
v -1.420024 2.000163 -0.000517
v -1.409326 1.988394 -0.000208
v -1.398627 1.976625 -0.000211
v -1.513553 2.000163 -0.000517
v -1.502149 1.988394 -0.000208
v -1.490746 1.976625 -0.000211
v -1.279581 0.020675 -0.025091
v -1.279581 0.020675 -0.036174
v -1.279581 0.020675 -0.047395
v -1.399691 0.020675 -0.025091
v -1.399691 0.020675 -0.036174
v -1.399691 0.020675 -0.047395
v -1.507794 0.020675 -0.025091
v -1.507794 0.020675 -0.036174
v -1.507794 0.020675 -0.047395
v -1.694039 2.018742 -0.025091
v -1.694039 2.018742 -0.036174
v -1.694039 2.018742 -0.047395
v -1.681787 2.020102 -0.025091
v -1.681787 2.020102 -0.036174
v -1.681787 2.020102 -0.047395
v -1.654985 2.020603 -0.025091
v -1.654985 2.020603 -0.036174
v -1.654985 2.020603 -0.047395
v -0.199431 2.020675 -0.025091
v -0.199431 2.020675 -0.036174
v -0.199431 2.020675 -0.047395
v -0.126623 2.020675 -0.025091
v -0.126623 2.020675 -0.036174
v -0.126623 2.020675 -0.047395
v -0.061412 2.020675 -0.025091
v -0.061412 2.020675 -0.036174
v -0.061412 2.020675 -0.047395
v -0.186632 0.026152 -0.078210
v -0.192862 0.025621 -0.071981
v -0.195293 0.025126 -0.065759
v -0.118224 0.026225 -0.076350
v -0.122004 0.025818 -0.071457
v -0.123550 0.025354 -0.065741
v -0.057361 0.026245 -0.075602
v -0.059061 0.025886 -0.071227
v -0.059786 0.025438 -0.065730
v -1.701814 0.117178 -0.025091
v -1.701814 0.117179 -0.036174
v -1.701814 0.117178 -0.047395
v -1.701814 0.164410 -0.025091
v -1.701814 0.164410 -0.036174
v -1.701814 0.164410 -0.047395
v -1.701814 0.214052 -0.025091
v -1.701814 0.214052 -0.036174
v -1.701814 0.214052 -0.047395
v -1.701814 0.302713 -0.025091
v -1.701814 0.302712 -0.036174
v -1.701814 0.302712 -0.047395
v -1.701814 0.361888 -0.025091
v -1.701814 0.361888 -0.036174
v -1.701814 0.361888 -0.047395
v -1.701814 0.463790 -0.025091
v -1.701814 0.463790 -0.036174
v -1.701814 0.463790 -0.047395
v -1.701814 0.887155 -0.025091
v -1.701814 0.887155 -0.036174
v -1.701814 0.887155 -0.047395
v -1.701814 1.186164 -0.025091
v -1.701814 1.186164 -0.036174
v -1.701814 1.186164 -0.047395
v -1.701814 1.482992 -0.025091
v -1.701814 1.482992 -0.036174
v -1.701814 1.482992 -0.047395
v -1.700361 0.027722 -0.025091
v -1.700361 0.027722 -0.036174
v -1.700361 0.027722 -0.047395
v -1.701383 0.035847 -0.025091
v -1.701384 0.035847 -0.036174
v -1.701383 0.035848 -0.047395
v -1.701760 0.051594 -0.025091
v -1.701760 0.051594 -0.036174
v -1.701760 0.051594 -0.047395
v -0.597046 0.023332 -0.081126
v -0.599530 0.022597 -0.072294
v -0.600592 0.022225 -0.065212
v -0.481961 0.024268 -0.081625
v -0.484984 0.023524 -0.072577
v -0.486417 0.023092 -0.065422
v -0.370322 0.025188 -0.081601
v -0.375172 0.024446 -0.072685
v -0.377427 0.023959 -0.065610
v -0.608424 2.020675 -0.025091
v -0.608424 2.020675 -0.036174
v -0.608424 2.020675 -0.047395
v -0.491297 2.020675 -0.025091
v -0.491297 2.020675 -0.036174
v -0.491297 2.020675 -0.047395
v -0.381768 2.020675 -0.025091
v -0.381768 2.020675 -0.036174
v -0.381769 2.020675 -0.047395
v -1.092571 2.020675 -0.025091
v -1.092571 2.020675 -0.036174
v -1.092571 2.020675 -0.047395
v -0.972035 2.020675 -0.025091
v -0.972035 2.020675 -0.036174
v -0.972035 2.020675 -0.047395
v -0.850853 2.020675 -0.025091
v -0.850853 2.020675 -0.036174
v -0.850853 2.020675 -0.047395
v -1.533427 2.020675 -0.025091
v -1.533427 2.020675 -0.036174
v -1.533427 2.020675 -0.047395
v -1.438671 2.020675 -0.025091
v -1.438671 2.020675 -0.036174
v -1.438671 2.020675 -0.047395
v -1.329365 2.020675 -0.025091
v -1.329365 2.020675 -0.036174
v -1.329365 2.020675 -0.047395
v -0.825078 0.020782 -0.025116
v -0.824995 0.020845 -0.036214
v -0.824909 0.020910 -0.047449
v -0.933013 0.020707 -0.025098
v -0.932988 0.020725 -0.036186
v -0.932963 0.020744 -0.047411
v -1.042782 0.020679 -0.025092
v -1.042779 0.020681 -0.036176
v -1.042776 0.020683 -0.047397
v -1.701760 1.888632 -0.025091
v -1.701760 1.888632 -0.036174
v -1.701760 1.888632 -0.047395
v -1.701383 1.973361 -0.025091
v -1.701383 1.973361 -0.036174
v -1.701383 1.973361 -0.047395
v -1.700361 2.007743 -0.025091
v -1.700362 2.007743 -0.036174
v -1.700361 2.007743 -0.047395
v -1.649265 0.020727 -0.025091
v -1.649265 0.020727 -0.036174
v -1.649265 0.020727 -0.047395
v -1.680092 0.021095 -0.025091
v -1.680092 0.021095 -0.036174
v -1.680092 0.021095 -0.047395
v -1.693827 0.022094 -0.025091
v -1.693827 0.022094 -0.036174
v -1.693827 0.022094 -0.047395
vn -0.0588 0.0564 -0.9967
vn -0.0871 -0.0536 -0.9948
vn -0.4834 0.5009 0.7179
vn -0.3536 -0.2378 0.9046
vn 0.0151 -0.0179 -0.9997
vn 0.0226 0.0188 -0.9996
vn 0.1679 -0.1761 -0.9699
vn 0.1814 0.0992 -0.9784
vn -0.4485 0.3011 0.8416
vn -0.3238 -0.1891 0.9270
vn -0.0000 0.0901 -0.9959
vn -0.0000 0.0899 -0.9960
vn -0.0000 -0.1338 -0.9910
vn 0.0041 0.9926 0.1211
vn 0.0001 0.9910 0.1336
vn -0.0014 -0.4862 0.8738
vn -0.0003 -0.4938 0.8696
vn -0.0000 -0.4949 0.8689
vn -0.0000 -0.0315 -0.9995
vn -0.0000 0.0475 -0.9989
vn -0.0000 -0.1962 -0.9806
vn -0.0000 0.1325 -0.9912
vn -0.0899 0.6815 0.7262
vn -0.0245 0.6779 0.7348
vn 0.0054 0.7039 0.7103
vn -0.0076 -0.3880 0.9216
vn -0.0016 -0.4084 0.9128
vn -0.0001 -0.4108 0.9117
vn 0.0052 0.9965 0.0836
vn 0.6339 -0.7732 -0.0173
vn 0.7615 0.6479 -0.0202
vn -0.0000 -0.9999 -0.0173
vn -0.0000 0.9997 -0.0230
vn 0.7664 0.6357 -0.0921
vn 0.6402 -0.7543 -0.1455
vn -0.0000 -0.9901 -0.1403
vn -0.0000 -0.9901 -0.1402
vn -0.0000 0.9980 -0.0626
vn -0.0000 0.9980 -0.0627
vn -0.7693 -0.6386 -0.0184
vn -0.6302 0.7761 -0.0232
vn 0.0012 0.9992 0.0404
vn 0.0010 1.0000 -0.0058
vn -0.0000 0.9998 -0.0189
vn -0.0000 -0.9999 -0.0126
vn -0.1237 0.0001 -0.9923
vn -0.6036 0.0006 0.7973
vn 0.0441 -0.0001 -0.9990
vn 0.1789 -0.0002 -0.9839
vn -0.5016 0.0025 0.8651
vn -0.0301 0.0053 0.9995
vn -0.0366 0.0733 0.9966
vn -0.0237 0.0641 0.9977
vn -0.0000 -0.0002 -1.0000
vn 0.9998 -0.0010 -0.0177
vn 0.9977 -0.0009 -0.0676
vn -0.9999 0.0010 -0.0136
vn -0.1238 -0.0000 -0.9923
vn -0.6036 -0.0001 0.7973
vn 0.0442 -0.0000 -0.9990
vn 0.1789 -0.0000 -0.9839
vn -0.5096 -0.0002 0.8604
vn -0.0009 -0.0997 0.9950
vn -0.0026 -0.0968 0.9953
vn -0.0319 -0.0267 0.9991
vn 0.9998 0.0002 -0.0177
vn 0.9977 0.0002 -0.0676
vn -0.0000 -0.0000 -1.0000
vn -0.9999 -0.0002 -0.0136
vn -0.6729 0.1323 0.7278
vn -0.5878 0.5850 -0.5588
vn 0.5878 0.5850 -0.5588
vn 0.2464 -0.9442 0.2186
vn -0.2465 -0.9442 0.2186
vn 0.3025 -0.9212 -0.2446
vn -0.6771 -0.3361 0.6547
vn 0.7192 0.1926 -0.6676
vn -0.7192 0.1926 -0.6676
vn -0.7527 0.1779 -0.6339
vn -0.7081 -0.3262 0.6262
vn -0.5066 0.0008 0.8622
vn -0.0034 0.8599 0.5104
vn 0.0075 0.7074 0.7068
vn -0.0323 0.1650 0.9858
vn 0.9998 -0.0000 -0.0177
vn 0.9977 -0.0000 -0.0675
vn -0.0068 -0.0528 0.9986
vn -0.0100 -0.0406 0.9991
vn -0.0460 -0.0227 0.9987
vn -0.0193 0.5423 0.8399
vn -0.0339 0.4953 0.8681
vn -0.0739 0.2641 0.9617
vn -0.6037 -0.0000 0.7972
vn -0.5097 -0.0000 0.8604
vn -0.0595 -0.0038 0.9982
vn -0.9999 -0.0000 -0.0136
vn -0.0240 -0.0428 0.9988
vn -0.0493 -0.0280 0.9984
vn -0.0741 -0.0091 0.9972
vn -0.0138 -0.0266 0.9996
vn -0.0251 -0.0240 0.9994
vn -0.0337 0.0145 0.9993
vn 0.0087 0.9965 0.0834
vn -0.0002 0.9976 0.0691
vn 0.2176 -0.9682 -0.1235
vn 0.2276 -0.9660 0.1225
vn -0.4307 -0.8301 -0.3541
vn -0.4299 -0.8232 0.3709
vn -0.2531 -0.9514 0.1756
vn -0.2557 -0.9514 -0.1718
vn 0.0008 -1.0000 -0.0028
vn 0.0005 -1.0000 -0.0018
vn 0.0079 -1.0000 0.0044
vn 0.0128 -0.9998 -0.0124
vn -0.0148 0.9998 0.0114
vn -0.0145 0.9999 -0.0063
vn -0.6704 -0.4927 -0.5548
vn -0.6610 -0.4814 0.5756
vn -0.0012 -1.0000 -0.0028
vn -0.0012 -1.0000 -0.0006
vn 0.7770 0.1254 0.6169
vn 0.7500 0.1601 -0.6417
vn -0.7766 0.2786 -0.5650
vn -0.7632 0.2730 0.5856
vn -0.6309 0.6352 -0.4455
vn -0.2511 0.9521 -0.1743
vn -0.2526 0.9488 0.1897
vn -0.7759 0.2493 -0.5795
vn -0.7639 0.2371 0.6002
vn -0.0006 0.9913 0.1318
vn 0.0001 -0.1962 -0.9806
vn 0.0103 0.7921 0.6103
vn -0.0001 -0.1337 -0.9910
vn -0.0027 -0.4714 0.8819
vn 0.0001 0.1325 -0.9912
vn -0.0132 -0.3629 0.9317
vn 0.0005 -0.9999 -0.0173
vn 0.0007 0.9997 -0.0229
vn 0.0007 0.9980 -0.0627
vn 0.0005 -0.9901 -0.1402
vn -0.0007 -0.9999 -0.0126
vn -0.0005 0.9998 -0.0189
vn -0.0247 0.0184 0.9995
vn 0.0001 -0.0002 -1.0000
vn -0.0295 -0.0038 0.9996
vn 0.0001 -0.0000 -1.0000
vn -0.0437 0.0093 0.9990
vn -0.0537 -0.0009 0.9986
vn -0.6332 0.7738 0.0188
vn 0.0045 0.9998 0.0169
vn -0.0000 1.0000 0.0025
vn -0.0000 -0.9993 0.0368
vn 0.0054 0.9977 0.0669
vn -0.7659 -0.6415 0.0431
vn -0.9997 0.0010 0.0258
vn -0.9997 -0.0002 0.0258
vn -0.9997 -0.0000 0.0258
vn -0.0008 -0.9993 0.0369
vn -0.0005 1.0000 0.0025
vn 0.0588 0.0564 -0.9967
vn 0.0871 -0.0536 -0.9948
vn 0.4834 0.5009 0.7179
vn 0.3536 -0.2378 0.9046
vn -0.0151 -0.0179 -0.9997
vn -0.0226 0.0188 -0.9996
vn -0.1679 -0.1761 -0.9699
vn -0.1814 0.0992 -0.9784
vn 0.4485 0.3011 0.8416
vn 0.3238 -0.1891 0.9270
vn -0.0041 0.9926 0.1211
vn -0.0001 0.9910 0.1336
vn 0.0014 -0.4863 0.8738
vn 0.0003 -0.4938 0.8696
vn 0.0899 0.6815 0.7262
vn 0.0245 0.6779 0.7348
vn -0.0054 0.7039 0.7103
vn 0.0076 -0.3880 0.9216
vn 0.0016 -0.4084 0.9128
vn 0.0001 -0.4108 0.9117
vn -0.0052 0.9965 0.0836
vn -0.6339 -0.7732 -0.0173
vn -0.7615 0.6479 -0.0202
vn -0.7664 0.6357 -0.0921
vn -0.6402 -0.7543 -0.1455
vn 0.7693 -0.6386 -0.0184
vn 0.6302 0.7761 -0.0232
vn -0.0012 0.9992 0.0404
vn -0.0010 1.0000 -0.0057
vn 0.1237 0.0001 -0.9923
vn 0.6036 0.0006 0.7973
vn -0.0441 -0.0001 -0.9990
vn -0.1789 -0.0002 -0.9839
vn 0.5016 0.0025 0.8651
vn 0.0301 0.0053 0.9995
vn 0.0366 0.0733 0.9966
vn 0.0237 0.0641 0.9977
vn -0.9998 -0.0010 -0.0177
vn -0.9977 -0.0009 -0.0676
vn 0.9999 0.0010 -0.0136
vn 0.1238 -0.0000 -0.9923
vn 0.6036 -0.0001 0.7973
vn -0.0442 -0.0000 -0.9990
vn -0.1789 -0.0000 -0.9839
vn 0.5096 -0.0002 0.8604
vn 0.0009 -0.0997 0.9950
vn 0.0026 -0.0968 0.9953
vn 0.0319 -0.0267 0.9991
vn -0.9998 0.0002 -0.0177
vn -0.9977 0.0002 -0.0676
vn 0.9999 -0.0002 -0.0136
vn 0.6729 0.1323 0.7278
vn -0.3025 -0.9212 -0.2446
vn 0.7527 0.1779 -0.6339
vn 0.5066 0.0008 0.8622
vn 0.0034 0.8599 0.5104
vn -0.0075 0.7074 0.7068
vn 0.0323 0.1650 0.9858
vn -0.9998 -0.0000 -0.0177
vn -0.9977 -0.0000 -0.0675
vn 0.0068 -0.0528 0.9986
vn 0.0100 -0.0406 0.9991
vn 0.0460 -0.0227 0.9987
vn 0.0193 0.5423 0.8399
vn 0.0339 0.4953 0.8681
vn 0.0739 0.2641 0.9617
vn 0.6037 -0.0000 0.7972
vn 0.5097 -0.0000 0.8604
vn 0.0595 -0.0038 0.9982
vn 0.9999 -0.0000 -0.0136
vn 0.0240 -0.0428 0.9988
vn 0.0493 -0.0280 0.9984
vn 0.0741 -0.0091 0.9972
vn 0.0138 -0.0266 0.9996
vn 0.0251 -0.0240 0.9994
vn 0.0337 0.0145 0.9993
vn -0.0087 0.9965 0.0834
vn 0.0002 0.9976 0.0691
vn -0.2176 -0.9682 -0.1234
vn -0.2276 -0.9660 0.1225
vn 0.4308 -0.8301 -0.3541
vn 0.4299 -0.8232 0.3709
vn 0.2531 -0.9514 0.1756
vn 0.2558 -0.9514 -0.1718
vn -0.0008 -1.0000 -0.0028
vn -0.0005 -1.0000 -0.0018
vn -0.0079 -1.0000 0.0044
vn -0.0128 -0.9998 -0.0123
vn 0.0148 0.9998 0.0114
vn 0.0145 0.9999 -0.0063
vn 0.6704 -0.4927 -0.5548
vn 0.6610 -0.4814 0.5756
vn 0.0012 -1.0000 -0.0028
vn 0.0012 -1.0000 -0.0006
vn -0.7770 0.1254 0.6169
vn -0.7500 0.1601 -0.6417
vn 0.7766 0.2786 -0.5650
vn 0.7632 0.2730 0.5856
vn 0.6309 0.6352 -0.4455
vn 0.6267 0.6216 0.4699
vn 0.2511 0.9521 -0.1743
vn 0.2526 0.9488 0.1897
vn 0.7759 0.2493 -0.5795
vn 0.7639 0.2371 0.6002
vn -0.0000 0.1698 0.9855
vn -0.0000 -0.4110 0.9116
vn -0.0000 0.9967 0.0816
vn -0.0000 0.9986 0.0532
vn -0.0000 -0.0168 0.9999
vn -0.0000 -0.1013 0.9949
vn -0.0000 -0.2878 0.9577
vn -0.0000 0.4301 -0.9028
vn -0.0000 -0.9077 0.4195
vn -0.0000 -0.7864 -0.6177
vn -0.0000 0.3136 -0.9495
vn -0.0000 -0.4304 0.9026
vn -0.0000 0.3124 -0.9499
vn -0.0000 -0.4318 0.9020
vn -0.0000 0.8772 0.4801
vn -0.0000 -0.0554 0.9985
vn -0.0000 0.5411 0.8410
vn -0.0000 -0.0457 0.9990
vn -0.0000 -0.0239 0.9997
vn -0.0000 0.9975 0.0707
vn -0.0000 0.9901 0.1405
vn -0.0000 -0.9666 -0.2564
vn -0.0000 -0.9648 0.2628
vn -0.0000 -0.7191 0.6949
vn -0.0000 -0.7179 -0.6961
vn -0.0000 -0.9491 0.3150
vn -0.0000 -0.9455 -0.3256
vn -0.0000 -1.0000 -0.0014
vn -0.0000 -1.0000 -0.0041
vn -0.0000 -0.9994 -0.0332
vn -0.0000 -1.0000 0.0098
vn -0.0000 0.9999 0.0122
vn -0.0000 1.0000 -0.0080
vn -0.0000 -0.3603 0.9329
vn -0.0000 -0.3598 -0.9330
vn -0.0000 -1.0000 -0.0042
vn -0.0000 -1.0000 0.0008
vn -0.0000 -0.0039 1.0000
vn -0.0000 0.0655 -0.9979
vn -0.0000 0.2081 0.9781
vn -0.0000 0.2089 -0.9779
vn -0.0000 0.5135 0.8581
vn -0.0000 0.5176 -0.8557
vn -0.0000 0.9187 -0.3948
vn -0.0000 0.9171 0.3986
vn -0.0000 0.2753 0.9614
vn -0.0000 0.2788 -0.9604
vn 0.0006 0.9913 0.1318
vn -0.0001 -0.1962 -0.9806
vn -0.0103 0.7921 0.6103
vn 0.0001 -0.1337 -0.9910
vn 0.0027 -0.4714 0.8819
vn -0.0001 0.1325 -0.9912
vn 0.0132 -0.3629 0.9317
vn -0.0005 -0.9999 -0.0173
vn -0.0007 0.9997 -0.0230
vn -0.0007 0.9980 -0.0627
vn -0.0005 -0.9901 -0.1403
vn 0.0007 -0.9999 -0.0126
vn 0.0005 0.9998 -0.0189
vn 0.0247 0.0184 0.9995
vn -0.0001 -0.0002 -1.0000
vn 0.0295 -0.0038 0.9996
vn -0.0001 -0.0000 -1.0000
vn 0.0437 0.0093 0.9990
vn 0.0537 -0.0009 0.9986
vn 0.6332 0.7738 0.0188
vn -0.0045 0.9998 0.0169
vn -0.0054 0.9977 0.0669
vn 0.7659 -0.6415 0.0431
vn 0.9997 0.0010 0.0258
vn 0.9997 -0.0002 0.0258
vn 0.9997 -0.0000 0.0258
vn -0.0000 0.9967 0.0812
vn 0.0008 -0.9993 0.0369
vn 0.0005 1.0000 0.0025
vn 0.7081 -0.3262 0.6262
vn 0.6771 -0.3361 0.6547
vn -0.6267 0.6216 0.4699
vn -0.0005 0.0898 -0.9960
vn -0.0035 0.0889 -0.9960
vn -0.0193 0.0831 -0.9964
vn -0.1237 -0.0002 -0.9923
vn -0.1227 -0.0017 -0.9924
vn -0.1158 -0.0116 -0.9932
vn -0.0087 0.9896 0.1432
vn -0.0554 0.9764 0.2088
vn -0.2392 0.8630 0.4450
vn -0.6027 -0.0014 0.7980
vn -0.5956 -0.0097 0.8032
vn -0.5424 -0.0660 0.8375
vn -0.7430 -0.6346 -0.2125
vn -0.5588 -0.4630 -0.6881
vn -0.2663 -0.1764 -0.9476
vn -0.6321 0.7579 0.1611
vn -0.5855 0.6901 0.4254
vn -0.5155 0.5868 0.6245
vn 0.0002 -0.0312 -0.9995
vn 0.0015 -0.0299 -0.9996
vn 0.0060 -0.0248 -0.9997
vn 0.0440 0.0001 -0.9990
vn 0.0433 0.0009 -0.9991
vn 0.0378 0.0061 -0.9993
vn -0.0315 -0.0193 -0.9993
vn -0.0098 -0.0052 -0.9999
vn 0.0048 0.0049 -1.0000
vn 0.0032 -0.0045 -1.0000
vn -0.0066 0.0057 -1.0000
vn -0.0212 0.0202 -0.9996
vn 0.0019 -0.1966 -0.9805
vn 0.0119 -0.1984 -0.9800
vn 0.0601 -0.2078 -0.9763
vn 0.1788 0.0006 -0.9839
vn 0.1792 0.0041 -0.9838
vn 0.1842 0.0263 -0.9825
vn 0.6195 -0.7666 -0.1690
vn 0.5252 -0.6482 -0.5513
vn 0.3316 -0.3815 -0.8629
vn 0.6041 0.4588 -0.6517
vn 0.2165 0.1814 -0.9593
vn 0.0657 0.0550 -0.9963
vn -0.0082 0.7945 0.6072
vn -0.0939 0.7393 0.6669
vn -0.2765 0.5661 0.7766
vn -0.5076 -0.0020 0.8616
vn -0.4958 -0.0133 0.8683
vn -0.4274 -0.0798 0.9005
vn -0.3268 -0.1991 0.9239
vn -0.3303 -0.2071 0.9209
vn -0.3358 -0.2182 0.9163
vn -0.4784 0.4319 0.7646
vn -0.4763 0.3733 0.7961
vn -0.4668 0.3308 0.8202
vn -0.0000 0.0900 -0.9959
vn -0.0000 0.0899 -0.9959
vn 0.0024 0.9917 0.1282
vn 0.0012 0.9912 0.1322
vn 0.0004 0.9910 0.1337
vn -0.0022 -0.4748 0.8801
vn -0.0020 -0.4787 0.8780
vn -0.0017 -0.4827 0.8758
vn -0.0010 -0.4891 0.8722
vn -0.0007 -0.4913 0.8710
vn -0.0005 -0.4928 0.8702
vn -0.0002 -0.4944 0.8692
vn -0.0001 -0.4947 0.8690
vn -0.0000 -0.4949 0.8690
vn -0.0176 0.1829 0.9830
vn -0.0526 0.2490 0.9671
vn -0.0918 0.4328 0.8968
vn -0.0638 0.6887 0.7223
vn -0.0497 0.6843 0.7275
vn -0.0368 0.6802 0.7321
vn -0.0135 0.6783 0.7347
vn -0.0047 0.6823 0.7311
vn 0.0016 0.6905 0.7234
vn -0.0118 -0.3677 0.9299
vn -0.0107 -0.3733 0.9276
vn -0.0093 -0.3802 0.9249
vn -0.0057 -0.3959 0.9183
vn -0.0040 -0.4024 0.9155
vn -0.0026 -0.4064 0.9137
vn -0.0010 -0.4094 0.9123
vn -0.0006 -0.4101 0.9121
vn -0.0003 -0.4105 0.9119
vn 0.0018 0.9838 0.1795
vn -0.0033 0.9529 0.3034
vn -0.0122 0.8664 0.4992
vn 0.0005 0.9825 0.1861
vn 0.0019 0.9559 0.2936
vn 0.0044 0.8819 0.4714
vn -0.0006 -0.1387 0.9903
vn -0.0004 -0.2391 0.9710
vn -0.0002 -0.3483 0.9374
vn -0.0026 -0.1347 0.9909
vn -0.0025 -0.2343 0.9722
vn -0.0021 -0.3446 0.9388
vn -0.0199 -0.0417 0.9989
vn -0.0159 -0.1186 0.9928
vn -0.0116 -0.2697 0.9629
vn -0.0000 -0.9862 -0.1656
vn -0.0000 -0.8390 -0.5441
vn -0.0000 -0.4868 -0.8735
vn -0.0000 0.9755 -0.2199
vn -0.0000 0.7658 -0.6431
vn -0.0000 0.3861 -0.9225
vn -0.0000 0.9755 -0.2200
vn -0.0000 -0.0022 -1.0000
vn -0.0000 -0.0131 -0.9999
vn -0.0000 -0.0597 -0.9982
vn -0.0000 0.0324 -0.9995
vn -0.0000 0.0087 -1.0000
vn -0.0000 -0.0084 -1.0000
vn 0.0051 0.9995 0.0323
vn 0.0053 0.9979 0.0647
vn 0.0050 0.9954 0.0954
vn 0.0001 0.9998 0.0219
vn 0.0001 0.9980 0.0632
vn 0.0001 0.9946 0.1035
vn -0.0000 -0.9569 0.2904
vn -0.0002 -0.7596 0.6504
vn -0.0006 -0.5649 0.8251
vn -0.0000 -0.9573 0.2891
vn -0.0000 -0.7627 0.6468
vn -0.0001 -0.5711 0.8209
vn -0.0000 -0.9574 0.2889
vn -0.0000 -0.7632 0.6462
vn -0.0000 -0.5720 0.8202
vn -0.0026 -0.4576 0.8891
vn -0.0040 -0.4419 0.8970
vn -0.0056 -0.4264 0.9045
vn -0.0006 -0.4658 0.8849
vn -0.0009 -0.4506 0.8927
vn -0.0013 -0.4354 0.9002
vn -0.0000 -0.4671 0.8842
vn -0.0000 -0.4521 0.8920
vn -0.0001 -0.4372 0.8994
vn -0.0000 -0.0485 -0.9988
vn -0.0000 -0.0130 -0.9999
vn -0.0000 0.0126 -0.9999
vn 0.0068 0.9958 0.0916
vn 0.0067 0.9948 0.1013
vn 0.0057 0.9937 0.1116
vn 0.0007 0.9967 0.0817
vn 0.0021 0.9967 0.0816
vn 0.0040 0.9967 0.0805
vn -0.0465 0.9325 0.3582
vn -0.0133 0.9832 0.1819
vn 0.0012 0.9941 0.1089
vn 0.0044 0.9978 0.0662
vn 0.0032 0.9979 0.0653
vn 0.0021 0.9980 0.0634
vn 0.6364 -0.7712 -0.0154
vn 0.6356 -0.7720 -0.0066
vn 0.6351 -0.7724 -0.0020
vn 0.3635 0.2611 -0.8942
vn 0.5957 0.5132 -0.6179
vn 0.7356 0.6470 -0.2007
vn -0.0000 -0.9997 -0.0235
vn -0.0000 -0.9999 -0.0101
vn -0.0000 -1.0000 -0.0031
vn -0.0000 1.0000 -0.0000
vn 0.0072 -0.9998 -0.0171
vn 0.0462 -0.9988 -0.0166
vn 0.2329 -0.9724 -0.0164
vn 0.9998 0.0025 -0.0175
vn 0.9997 0.0180 -0.0169
vn 0.9902 0.1384 -0.0166
vn 0.7634 0.6460 -0.0000
vn 0.0435 -0.0521 -0.9977
vn 0.1452 -0.1765 -0.9735
vn 0.4619 -0.5162 -0.7212
vn -0.0000 -0.0912 -0.9958
vn -0.0000 -0.3027 -0.9531
vn -0.0000 -0.7834 -0.6215
vn -0.0000 -0.7835 -0.6215
vn -0.0000 0.1382 -0.9904
vn -0.0000 0.4335 -0.9012
vn -0.0000 0.8760 -0.4823
vn 0.9977 0.0025 -0.0677
vn 0.9975 0.0175 -0.0686
vn 0.9882 0.1336 -0.0750
vn 0.0071 -0.9901 -0.1405
vn 0.0454 -0.9888 -0.1421
vn 0.2321 -0.9610 -0.1504
vn -0.7707 -0.6372 -0.0000
vn -0.1896 0.1878 -0.9637
vn -0.4338 0.5171 -0.7379
vn -0.5983 0.7583 -0.2588
vn -0.0000 0.2965 -0.9550
vn 0.0002 0.7458 -0.6662
vn 0.0005 0.9858 -0.1679
vn -0.0000 0.2930 -0.9561
vn 0.0002 0.7320 -0.6813
vn 0.0004 0.9785 -0.2063
vn -0.0000 0.2920 -0.9564
vn -0.0000 0.7280 -0.6855
vn -0.0000 0.9761 -0.2171
vn -0.0000 -0.4061 -0.9138
vn -0.0000 -0.8234 -0.5674
vn -0.0000 -0.9888 -0.1495
vn -0.0101 -0.9999 -0.0128
vn -0.0645 -0.9978 -0.0135
vn -0.3032 -0.9528 -0.0161
vn 0.0001 0.9998 -0.0185
vn 0.0003 0.9999 -0.0168
vn 0.0006 0.9999 -0.0129
vn 0.0013 1.0000 0.0048
vn 0.0014 0.9998 0.0174
vn 0.0014 0.9995 0.0300
vn -0.9998 0.0131 -0.0138
vn -0.9971 0.0751 -0.0150
vn -0.9493 0.3138 -0.0188
vn -0.0967 0.0232 -0.9950
vn -0.1162 0.0064 -0.9932
vn -0.1226 0.0011 -0.9925
vn -0.5819 0.1571 0.7980
vn -0.5988 0.0392 0.7999
vn -0.6027 0.0072 0.7980
vn 0.0285 -0.0101 -0.9995
vn 0.0390 -0.0034 -0.9992
vn 0.0431 -0.0007 -0.9991
vn 0.1823 -0.0703 -0.9807
vn 0.1796 -0.0176 -0.9836
vn 0.1790 -0.0031 -0.9838
vn -0.4703 0.1399 0.8713
vn -0.4901 0.0427 0.8706
vn -0.4982 0.0102 0.8670
vn -0.0752 0.2963 0.9521
vn -0.0536 0.1139 0.9920
vn -0.0395 0.0364 0.9986
vn -0.0345 0.4291 0.9026
vn -0.0387 0.2373 0.9707
vn -0.0388 0.1275 0.9911
vn 0.0012 0.4397 0.8982
vn -0.0075 0.2242 0.9745
vn -0.0166 0.1098 0.9938
vn 0.9491 -0.3146 -0.0170
vn 0.9971 -0.0735 -0.0171
vn 0.9998 -0.0126 -0.0175
vn 0.9483 -0.3006 -0.1018
vn 0.9947 -0.0700 -0.0754
vn 0.9976 -0.0119 -0.0688
vn -0.3633 0.0003 -0.9317
vn -0.7795 0.0009 -0.6264
vn -0.9868 0.0011 -0.1622
vn 0.1276 -0.0002 -0.9918
vn 0.3857 -0.0005 -0.9226
vn 0.8369 -0.0007 -0.5474
vn 1.0000 -0.0010 -0.0000
vn -0.0260 0.0736 0.9969
vn -0.0291 0.0793 0.9964
vn -0.0327 0.0797 0.9963
vn -0.0393 0.0599 0.9974
vn -0.0396 0.0417 0.9983
vn -0.0368 0.0222 0.9991
vn -0.5729 0.0006 0.8196
vn -0.5562 0.0008 0.8310
vn -0.5400 0.0014 0.8416
vn -0.0217 0.0284 0.9994
vn -0.0217 0.0402 0.9990
vn -0.0223 0.0526 0.9984
vn 0.0014 -0.0002 -1.0000
vn 0.0087 -0.0002 -1.0000
vn 0.0481 -0.0002 -0.9988
vn -0.0450 -0.0000 -0.9990
vn -0.0121 -0.0000 -0.9999
vn 0.0117 -0.0000 -0.9999
vn 0.9845 -0.0010 -0.1752
vn 0.8114 -0.0008 -0.5845
vn 0.4506 -0.0005 -0.8927
vn -0.9757 0.0010 0.2190
vn -0.8405 0.0009 0.5418
vn -0.6816 0.0007 0.7317
vn -0.5098 -0.0000 0.8603
vn -0.0065 0.7893 0.6139
vn 0.0123 0.9059 0.4233
vn 0.0192 0.9130 0.4074
vn -0.0389 0.3255 0.9447
vn -0.0567 0.3643 0.9296
vn -0.0710 0.3321 0.9406
vn -0.0570 -0.0085 0.9983
vn -0.0523 -0.0120 0.9986
vn -0.0445 -0.0164 0.9989
vn 0.9998 -0.0000 -0.0178
vn 0.9977 -0.0000 -0.0676
vn -0.0000 0.0249 -0.9997
vn -0.0000 0.0032 -1.0000
vn -0.0000 0.0005 -1.0000
vn -0.9910 -0.1331 -0.0151
vn -0.9998 -0.0172 -0.0138
vn -0.9999 -0.0024 -0.0136
vn 0.9845 0.0002 -0.1753
vn 0.8114 0.0001 -0.5845
vn 0.4506 0.0001 -0.8928
vn -0.0451 -0.0000 -0.9990
vn 1.0000 0.0002 -0.0000
vn 0.1278 -0.0000 -0.9918
vn 0.3861 0.0001 -0.9224
vn 0.8370 0.0001 -0.5471
vn -0.3636 -0.0001 -0.9316
vn -0.7799 -0.0001 -0.6259
vn -0.9868 -0.0002 -0.1619
vn -0.0250 -0.0477 0.9985
vn -0.0170 -0.0740 0.9971
vn -0.0077 -0.0918 0.9958
vn -0.0016 -0.0969 0.9953
vn -0.0014 -0.0974 0.9952
vn -0.0011 -0.0985 0.9951
vn -0.5733 -0.0001 0.8193
vn -0.5575 -0.0001 0.8302
vn -0.5430 -0.0001 0.8397
vn -0.0261 -0.0063 0.9996
vn -0.0261 -0.0097 0.9996
vn -0.0273 -0.0147 0.9995
vn 0.0013 -0.0000 -1.0000
vn 0.0087 -0.0000 -1.0000
vn 0.0481 -0.0000 -0.9988
vn -0.9757 -0.0002 0.2189
vn -0.8405 -0.0002 0.5417
vn -0.6817 -0.0001 0.7317
vn -0.0444 -0.2805 0.9588
vn -0.1572 -0.2408 0.9578
vn -0.3780 -0.1181 0.9183
vn -0.0401 0.4362 -0.8989
vn -0.1408 0.4633 -0.8749
vn -0.3314 0.5236 -0.7848
vn -0.8420 0.3801 0.3827
vn -0.8552 0.5133 0.0722
vn -0.7819 0.5793 -0.2302
vn 0.0019 0.9974 0.0725
vn 0.0025 0.9972 0.0750
vn 0.0036 0.9969 0.0787
vn -0.0234 -0.9115 0.4106
vn -0.0759 -0.9221 0.3794
vn -0.1563 -0.9364 0.3142
vn 0.7067 -0.3452 0.6175
vn 0.6754 -0.4482 0.5856
vn 0.5036 -0.7437 0.4396
vn -0.6716 -0.3359 0.6604
vn -0.6711 -0.3190 0.6692
vn -0.6817 -0.2257 0.6959
vn -0.7024 -0.3265 0.6325
vn -0.6942 -0.3294 0.6399
vn -0.6852 -0.3329 0.6478
vn 0.6857 0.3137 -0.6569
vn 0.7059 0.2168 -0.6743
vn 0.7126 0.1964 -0.6735
vn -0.6857 0.3137 -0.6569
vn -0.7059 0.2168 -0.6743
vn -0.7126 0.1964 -0.6735
vn -0.9107 -0.2130 0.3540
vn -0.9955 -0.0857 0.0405
vn -0.9524 0.0485 -0.3010
vn 0.0453 0.3131 -0.9487
vn 0.1619 0.3073 -0.9377
vn 0.3923 0.2792 -0.8764
vn 0.9524 0.0485 -0.3010
vn 0.9955 -0.0857 0.0405
vn 0.9107 -0.2130 0.3540
vn -0.0457 -0.4302 0.9016
vn -0.1607 -0.4267 0.8900
vn -0.3786 -0.4058 0.8319
vn -0.7277 0.1904 -0.6589
vn -0.7372 0.1871 -0.6493
vn -0.7458 0.1834 -0.6404
vn -0.5036 -0.7437 0.4396
vn -0.6754 -0.4482 0.5856
vn -0.7067 -0.3452 0.6175
vn -0.9227 -0.2030 0.3277
vn -0.9956 -0.0854 0.0392
vn -0.9614 0.0371 -0.2728
vn -0.0503 -0.4315 0.9007
vn -0.1758 -0.4274 0.8868
vn -0.4075 -0.4030 0.8195
vn -0.0152 -0.0163 0.9998
vn -0.0172 0.0885 0.9959
vn -0.0141 0.4737 0.8806
vn -0.0252 -0.0595 0.9979
vn -0.0251 -0.0492 0.9985
vn -0.0154 0.2194 0.9755
vn -0.0327 -0.0033 0.9995
vn -0.0303 -0.0055 0.9995
vn -0.0260 0.0665 0.9974
vn -0.0411 0.0169 0.9990
vn -0.0384 0.0342 0.9987
vn -0.0346 0.0753 0.9966
vn 0.0020 0.7680 0.6404
vn -0.0019 0.8119 0.5837
vn -0.0037 0.8416 0.5401
vn -0.0107 0.3409 0.9400
vn 0.0031 0.4969 0.8678
vn 0.0096 0.6216 0.7832
vn 1.0000 -0.0000 -0.0000
vn -0.0201 -0.0439 0.9988
vn -0.0154 -0.0452 0.9989
vn -0.0107 -0.0477 0.9988
vn -0.0399 -0.0295 0.9988
vn -0.0289 -0.0312 0.9991
vn -0.0183 -0.0343 0.9992
vn -0.0653 -0.0121 0.9978
vn -0.0571 -0.0152 0.9983
vn -0.0505 -0.0188 0.9985
vn -0.0339 -0.0279 0.9990
vn -0.0212 -0.0326 0.9992
vn -0.0128 -0.0368 0.9992
vn -0.0097 -0.0443 0.9990
vn -0.0094 -0.0478 0.9988
vn -0.0085 -0.0507 0.9987
vn -0.0304 0.5240 0.8512
vn -0.0276 0.5381 0.8424
vn -0.0242 0.5426 0.8397
vn -0.0605 0.3234 0.9443
vn -0.0486 0.3906 0.9193
vn -0.0396 0.4502 0.8921
vn -0.0040 -0.0618 0.9981
vn -0.0023 -0.0747 0.9972
vn -0.0014 -0.0892 0.9960
vn 0.0027 0.9608 0.2773
vn 0.0008 0.9477 0.3191
vn -0.0069 0.8457 0.5336
vn -0.0025 -0.0849 0.9964
vn -0.0029 -0.0672 0.9977
vn -0.0050 -0.0515 0.9987
vn -0.0501 -0.0264 0.9984
vn -0.0529 -0.0294 0.9982
vn -0.0479 -0.0302 0.9984
vn -0.5076 0.0006 0.8616
vn -0.5087 0.0003 0.8609
vn -0.5094 0.0001 0.8605
vn -0.0467 0.0887 0.9950
vn -0.0572 0.0301 0.9979
vn -0.0600 0.0057 0.9982
vn -0.0272 0.1661 0.9857
vn -0.0284 -0.0018 0.9996
vn -0.0269 -0.0365 0.9990
vn -0.0531 0.1582 0.9860
vn -0.0581 0.0099 0.9983
vn -0.0558 -0.0217 0.9982
vn -0.0879 0.0966 0.9914
vn -0.0879 0.0174 0.9960
vn -0.0822 -0.0028 0.9966
vn -0.0658 -0.0043 0.9978
vn -0.0720 -0.0049 0.9974
vn -0.0752 -0.0064 0.9971
vn -0.0425 -0.0328 0.9986
vn -0.0367 -0.0369 0.9986
vn -0.0309 -0.0403 0.9987
vn -0.0698 -0.0129 0.9975
vn -0.0638 -0.0177 0.9978
vn -0.0567 -0.0229 0.9981
vn 0.3861 -0.0000 -0.9224
vn 0.8371 -0.0000 -0.5471
vn 0.9845 -0.0000 -0.1754
vn 0.8112 -0.0000 -0.5847
vn 0.4504 -0.0000 -0.8928
vn -0.9757 -0.0000 0.2189
vn -0.8406 -0.0000 0.5417
vn -0.6817 -0.0000 0.7316
vn 0.0014 -0.0000 -1.0000
vn -0.0515 -0.0017 0.9987
vn -0.0527 -0.0025 0.9986
vn -0.0550 -0.0032 0.9985
vn -0.5734 -0.0000 0.8193
vn -0.5577 -0.0000 0.8300
vn -0.5434 -0.0000 0.8394
vn -0.3636 -0.0000 -0.9315
vn -0.7800 -0.0000 -0.6258
vn -0.9868 -0.0000 -0.1619
vn -0.0230 -0.0064 0.9997
vn -0.0177 -0.0133 0.9998
vn -0.0146 -0.0198 0.9997
vn -0.0332 0.0463 0.9984
vn -0.0296 0.0270 0.9992
vn -0.0266 0.0064 0.9996
vn -0.0286 0.0480 0.9984
vn -0.0318 0.0384 0.9988
vn -0.0334 0.0287 0.9990
vn -0.0312 0.0065 0.9995
vn -0.0290 -0.0045 0.9996
vn -0.0271 -0.0156 0.9995
vn -0.0230 -0.0286 0.9993
vn -0.0206 -0.0295 0.9994
vn -0.0176 -0.0284 0.9994
vn -0.3356 0.8951 -0.2936
vn -0.1111 0.9927 -0.0478
vn -0.0198 0.9986 0.0482
vn 0.0164 -0.9582 -0.2858
vn 0.0724 -0.9435 -0.3232
vn 0.1723 -0.9463 -0.2737
vn 0.0156 -0.9565 0.2914
vn 0.0704 -0.9407 0.3320
vn 0.1761 -0.9416 0.2870
vn 0.1974 -0.9796 -0.0384
vn 0.1901 -0.9817 -0.0065
vn 0.2021 -0.9790 0.0266
vn -0.6737 -0.4858 -0.5569
vn -0.6670 -0.5027 -0.5498
vn -0.6205 -0.6001 -0.5048
vn -0.6640 -0.4749 0.5775
vn -0.6573 -0.4929 0.5701
vn -0.6114 -0.5941 0.5227
vn -0.0156 -0.9998 -0.0135
vn -0.0842 -0.9942 -0.0671
vn -0.2456 -0.9490 -0.1975
vn -0.0155 -0.9998 0.0109
vn -0.0844 -0.9941 0.0680
vn -0.2458 -0.9471 0.2065
vn -0.0392 -0.7219 0.6909
vn -0.1321 -0.7407 0.6587
vn -0.2810 -0.7819 0.5565
vn -0.5124 -0.8403 0.1769
vn -0.5346 -0.8449 0.0195
vn -0.5151 -0.8450 -0.1436
vn -0.0209 -0.9482 0.3168
vn -0.0733 -0.9486 0.3079
vn -0.1621 -0.9512 0.2625
vn -0.0201 -0.9446 -0.3276
vn -0.0717 -0.9452 -0.3184
vn -0.1620 -0.9493 -0.2694
vn -0.3076 -0.9477 0.0857
vn -0.3248 -0.9458 0.0083
vn -0.3100 -0.9480 -0.0723
vn -0.0047 -1.0000 0.0012
vn -0.0272 -0.9995 0.0169
vn -0.0977 -0.9931 0.0643
vn 0.7426 0.2865 0.6054
vn 0.7441 0.2710 0.6107
vn 0.7602 0.1454 0.6333
vn 0.0057 -1.0000 -0.0066
vn 0.0031 -1.0000 -0.0046
vn 0.0019 -1.0000 -0.0036
vn -0.0939 -0.9937 -0.0615
vn -0.0237 -0.9996 -0.0168
vn -0.0039 -1.0000 -0.0044
vn 0.0001 -1.0000 -0.0040
vn 0.0004 -1.0000 -0.0037
vn 0.0006 -1.0000 -0.0032
vn 0.0009 -1.0000 -0.0024
vn 0.0008 -1.0000 -0.0022
vn 0.0007 -1.0000 -0.0019
vn 0.0012 -1.0000 -0.0013
vn 0.0019 -1.0000 -0.0006
vn 0.0035 -1.0000 0.0007
vn 0.6035 -0.6050 -0.5194
vn 0.1879 -0.9693 -0.1586
vn 0.0422 -0.9984 -0.0367
vn 0.0137 -0.9999 -0.0063
vn 0.0129 -0.9999 -0.0022
vn 0.0110 -0.9999 0.0012
vn 0.0019 -0.9995 -0.0319
vn 0.0056 -0.9996 -0.0275
vn 0.0098 -0.9997 -0.0202
vn -0.0009 0.9999 0.0124
vn -0.0033 0.9999 0.0126
vn -0.0082 0.9999 0.0129
vn -0.0009 1.0000 -0.0081
vn -0.0032 1.0000 -0.0082
vn -0.0080 0.9999 -0.0082
vn -0.0150 0.9999 0.0070
vn -0.0149 0.9999 0.0026
vn -0.0148 0.9999 -0.0019
vn -0.4686 0.8213 -0.3254
vn -0.1226 0.9900 -0.0703
vn -0.0346 0.9992 -0.0187
vn -0.5578 -0.6898 -0.4616
vn -0.6256 -0.5833 -0.5181
vn -0.6569 -0.5223 -0.5438
vn -0.5538 -0.6793 0.4815
vn -0.6187 -0.5718 0.5388
vn -0.6483 -0.5108 0.5646
vn -0.0529 -0.3648 0.9296
vn -0.1818 -0.3866 0.9041
vn -0.4049 -0.4325 0.8056
vn -0.8167 -0.5022 0.2842
vn -0.8606 -0.5083 0.0328
vn -0.8285 -0.5102 -0.2308
vn -0.1019 -0.9908 0.0886
vn -0.0416 -0.9985 0.0353
vn -0.0112 -0.9999 0.0085
vn -0.0015 -1.0000 -0.0012
vn -0.0016 -1.0000 -0.0016
vn -0.0015 -1.0000 -0.0021
vn -0.0001 -1.0000 0.0007
vn -0.0004 -1.0000 0.0004
vn -0.0008 -1.0000 -0.0001
vn 0.0262 -0.9995 0.0201
vn 0.1208 -0.9875 0.1016
vn 0.5436 -0.7263 0.4207
vn 0.7458 0.1216 -0.6550
vn 0.7321 0.2521 -0.6329
vn 0.7308 0.2690 -0.6274
vn 0.0576 0.0687 -0.9960
vn 0.1995 0.0832 -0.9764
vn 0.4518 0.1166 -0.8844
vn 0.9293 0.1864 -0.3188
vn 0.9809 0.1903 -0.0408
vn 0.9521 0.1735 0.2517
vn -0.4915 -0.7975 -0.3498
vn -0.7145 -0.4629 -0.5247
vn -0.8051 -0.0522 -0.5908
vn -0.4806 -0.8009 0.3571
vn -0.7000 -0.4682 0.5392
vn -0.7902 -0.0570 0.6102
vn -0.0645 0.2103 0.9755
vn -0.2196 0.2223 0.9499
vn -0.4797 0.2481 0.8416
vn -0.9184 0.2795 0.2801
vn -0.9593 0.2805 0.0330
vn -0.9322 0.2828 -0.2258
vn -0.2750 0.9420 -0.1925
vn -0.3474 0.9053 -0.2444
vn -0.4698 0.8182 -0.3314
vn -0.2769 0.9379 0.2089
vn -0.3493 0.8992 0.2636
vn -0.4704 0.8084 0.3540
vn -0.7474 0.6253 0.2245
vn -0.7787 0.6268 0.0278
vn -0.7536 0.6331 -0.1768
vn -0.6455 0.6044 -0.4669
vn -0.4371 0.8452 -0.3076
vn -0.2925 0.9346 -0.2022
vn -0.6373 0.5964 0.4880
vn -0.4351 0.8389 0.3270
vn -0.2933 0.9307 0.2187
vn -0.2987 0.9500 0.0912
vn -0.3109 0.9504 0.0125
vn -0.2987 0.9519 -0.0687
vn -0.0257 0.9192 0.3930
vn -0.0839 0.9275 0.3642
vn -0.1705 0.9406 0.2936
vn -0.7527 0.3837 -0.5350
vn -0.7991 0.1868 -0.5715
vn -0.8103 0.0716 -0.5817
vn -0.0625 0.2714 0.9604
vn -0.2129 0.2641 0.9407
vn -0.4699 0.2565 0.8447
vn -0.0001 -0.4109 0.9117
vn 0.0008 0.9989 0.0474
vn 0.0004 0.9987 0.0513
vn 0.0001 0.9986 0.0529
vn -0.0205 -0.0066 0.9998
vn -0.0108 -0.0133 0.9999
vn -0.0036 -0.0161 0.9999
vn -0.0006 -0.1006 0.9949
vn -0.0003 -0.1011 0.9949
vn -0.0001 -0.1013 0.9949
vn 0.3314 0.5237 -0.7848
vn 0.1408 0.4633 -0.8749
vn 0.0401 0.4362 -0.8989
vn 0.1563 -0.9364 0.3142
vn 0.0759 -0.9221 0.3794
vn 0.0234 -0.9115 0.4106
vn 0.2121 -0.8841 -0.4164
vn 0.1083 -0.8313 -0.5452
vn 0.0334 -0.7968 -0.6033
vn -0.3923 0.2792 -0.8764
vn -0.1619 0.3073 -0.9377
vn -0.0453 0.3131 -0.9487
vn -0.4247 0.2721 -0.8635
vn -0.1785 0.3047 -0.9356
vn -0.0502 0.3117 -0.9489
vn 0.4075 -0.4030 0.8195
vn 0.1758 -0.4274 0.8868
vn 0.0503 -0.4315 0.9007
vn -0.0021 0.8701 0.4928
vn -0.0010 0.8751 0.4839
vn -0.0003 0.8769 0.4806
vn -0.0046 -0.0543 0.9985
vn -0.0024 -0.0550 0.9985
vn -0.0008 -0.0553 0.9985
vn -0.0130 0.5412 0.8408
vn -0.0068 0.5407 0.8412
vn -0.0023 0.5408 0.8411
vn -0.0161 -0.0444 0.9989
vn -0.0085 -0.0453 0.9989
vn -0.0028 -0.0456 0.9990
vn -0.0092 -0.0251 0.9996
vn -0.0049 -0.0243 0.9997
vn -0.0016 -0.0240 0.9997
vn 0.0001 0.9975 0.0704
vn -0.0000 0.9975 0.0712
vn -0.0000 0.9975 0.0710
vn 0.0093 0.9946 0.1034
vn 0.0060 0.9920 0.1259
vn 0.0021 0.9904 0.1380
vn -0.2766 -0.7854 -0.5538
vn -0.1271 -0.7408 -0.6596
vn -0.0372 -0.7208 -0.6921
vn 0.0003 -1.0000 -0.0016
vn 0.0001 -1.0000 -0.0015
vn -0.0000 -1.0000 -0.0015
vn 0.0047 -1.0000 0.0069
vn 0.0022 -1.0000 0.0086
vn 0.0007 -1.0000 0.0095
vn -0.4014 -0.4381 -0.8043
vn -0.1755 -0.3874 -0.9051
vn -0.0502 -0.3644 -0.9299
vn -0.0008 -1.0000 -0.0033
vn -0.0004 -1.0000 -0.0038
vn -0.0001 -1.0000 -0.0041
vn 0.4575 0.0589 0.8872
vn 0.1951 0.0155 0.9807
vn 0.0550 -0.0007 0.9985
vn -0.4776 0.2513 -0.8419
vn -0.2129 0.2236 -0.9511
vn -0.0614 0.2111 -0.9755
vn -0.3989 0.6029 -0.6910
vn -0.1817 0.5539 -0.8125
vn -0.0530 0.5252 -0.8493
vn -0.1670 0.9437 -0.2856
vn -0.0807 0.9296 -0.3597
vn -0.0244 0.9209 -0.3892
vn -0.4670 0.2653 -0.8435
vn -0.2063 0.2694 -0.9407
vn -0.0595 0.2753 -0.9595
vn -0.0000 0.2947 -0.9556
vn -0.0000 0.1410 -0.9900
vn -0.0000 0.0544 -0.9985
vn -0.0000 0.2906 0.9569
vn -0.0000 0.1371 0.9906
vn -0.0000 0.0508 0.9987
vn -0.0000 0.4972 0.8676
vn -0.0000 0.7667 0.6419
vn -0.0000 0.8914 0.4533
vn -0.0000 0.4965 -0.8680
vn -0.0000 0.7678 -0.6407
vn -0.0000 0.8930 -0.4500
vn -0.0000 0.9012 -0.4335
vn -0.0000 0.8437 -0.5368
vn -0.0000 0.7229 -0.6910
vn -0.0000 0.8993 0.4373
vn -0.0000 0.8413 0.5406
vn -0.0000 0.7196 0.6944
vn -0.0000 -0.7710 -0.6368
vn -0.0000 -0.4350 -0.9005
vn -0.0000 -0.0697 -0.9976
vn -0.0000 -0.7877 0.6161
vn -0.0000 -0.4555 0.8902
vn -0.0000 -0.0797 0.9968
vn -0.0000 -0.0279 -0.9996
vn -0.0000 0.1090 -0.9940
vn -0.0000 0.1307 -0.9914
vn -0.0000 -0.0034 1.0000
vn -0.0000 0.1242 0.9923
vn -0.0000 0.1438 0.9896
vn -0.0000 -0.9821 0.1886
vn -0.0000 -0.9969 0.0793
vn -0.0000 -0.9998 0.0214
vn -0.0000 -0.9724 -0.2332
vn -0.0000 -0.9959 -0.0907
vn -0.0000 -0.9997 -0.0259
vn -0.0000 -0.5472 -0.8370
vn -0.0000 -0.4402 -0.8979
vn -0.0000 -0.3849 -0.9229
vn -0.0000 -0.5480 0.8365
vn -0.0000 -0.4408 0.8976
vn -0.0000 -0.3854 0.9227
vn -0.0000 0.8198 0.5726
vn -0.0000 0.9937 0.1116
vn -0.0000 0.9995 0.0317
vn -0.0000 0.8223 -0.5691
vn -0.0000 0.9942 -0.1073
vn -0.0000 0.9996 -0.0275
vn -0.0000 1.0000 -0.0014
vn -0.0000 1.0000 0.0021
vn -0.0000 1.0000 0.0056
vn -0.0000 -0.6513 0.7589
vn -0.0000 -0.9825 0.1862
vn -0.0000 -0.9993 0.0387
vn -0.0000 -0.4213 -0.9069
vn -0.0000 -0.9075 -0.4201
vn -0.0000 -0.9944 -0.1054
vn -0.0000 -0.9999 -0.0158
vn -0.0000 -1.0000 -0.0096
vn -0.0000 -1.0000 -0.0065
vn -0.0000 -1.0000 0.0030
vn -0.0000 -1.0000 0.0006
vn -0.0000 -1.0000 -0.0005
vn -0.0000 -1.0000 -0.0066
vn -0.0000 -0.9995 -0.0306
vn -0.0000 -0.9932 -0.1164
vn -0.0000 -1.0000 0.0053
vn -0.0000 -0.9993 0.0376
vn -0.0000 -0.9924 0.1233
vn -0.0000 -0.9996 -0.0281
vn -0.0000 -0.9889 -0.1488
vn -0.0000 -0.9055 -0.4243
vn -0.0000 -0.9997 0.0246
vn -0.0000 -0.9893 0.1456
vn -0.0000 -0.9066 0.4219
vn -0.0000 -0.3571 0.9341
vn -0.0000 -0.3806 0.9247
vn -0.0000 -0.5013 0.8653
vn -0.0000 -0.3561 -0.9345
vn -0.0000 -0.3777 -0.9259
vn -0.0000 -0.4915 -0.8709
vn -0.0000 0.3737 0.9275
vn -0.0000 0.6800 0.7332
vn -0.0000 0.9254 0.3790
vn -0.0000 0.9967 0.0815
vn -0.0000 0.9967 0.0814
vn -0.0000 -0.0215 0.9998
vn -0.0000 -0.0254 0.9997
vn -0.0000 0.1627 0.9867
vn -0.0000 -0.0052 1.0000
vn -0.0000 -0.0396 0.9992
vn -0.0000 -0.0467 0.9989
vn -0.0000 -0.0479 0.9989
vn -0.0000 -0.0504 0.9987
vn -0.0000 0.0014 1.0000
vn -0.0000 0.1324 0.9912
vn -0.0000 0.5248 0.8512
vn -0.0000 -0.4312 0.9023
vn -0.0000 -0.4314 0.9022
vn -0.0000 -0.4313 0.9022
vn -0.0000 0.3136 -0.9496
vn -0.0000 -0.3882 0.9216
vn -0.0000 -0.4194 0.9078
vn -0.0000 -0.4279 0.9038
vn -0.0000 0.3469 -0.9379
vn -0.0000 0.3208 -0.9471
vn -0.0000 0.3148 -0.9492
vn -0.0000 0.2983 -0.9545
vn -0.0000 0.2133 -0.9770
vn -0.0000 -0.2137 -0.9769
vn -0.0000 0.9991 -0.0418
vn -0.0000 0.9196 -0.3929
vn -0.0000 0.6512 -0.7589
vn -0.0000 0.9758 0.2185
vn -0.0000 0.7240 0.6898
vn -0.0000 0.0851 0.9964
vn -0.0000 -0.4424 0.8968
vn -0.0000 -0.5020 0.8649
vn -0.0000 -0.6993 0.7149
vn -0.0000 -0.0910 0.9959
vn -0.0000 -0.0768 0.9970
vn -0.0000 -0.0642 0.9979
vn -0.0000 0.9632 0.2686
vn -0.0000 0.9490 0.3153
vn -0.0000 0.8465 0.5324
vn -0.0000 0.0648 0.9979
vn -0.0000 0.0166 0.9999
vn -0.0000 -0.0063 1.0000
vn -0.0000 0.2974 -0.9547
vn -0.0000 0.7497 -0.6618
vn -0.0000 0.9876 -0.1571
vn -0.0000 -0.9999 -0.0100
vn -0.0000 0.9967 0.0807
vn -0.0000 0.9968 0.0795
vn -0.0000 0.9970 0.0771
vn -0.0000 -0.4373 0.8993
vn -0.0000 -0.1402 0.9901
vn -0.0000 -0.2403 0.9707
vn -0.0000 -0.3489 0.9372
vn 0.0001 0.9911 0.1329
vn 0.0001 0.9912 0.1322
vn 0.0001 0.9913 0.1315
vn 0.0077 0.7231 0.6907
vn 0.0095 0.7467 0.6651
vn 0.0109 0.7714 0.6362
vn -0.0340 -0.1105 -0.9933
vn -0.0073 -0.1293 -0.9916
vn -0.0012 -0.1332 -0.9911
vn -0.1342 -0.3948 0.9089
vn -0.0319 -0.4530 0.8909
vn -0.0072 -0.4670 0.8843
vn 0.0101 0.0324 -0.9994
vn 0.0029 0.0433 -0.9991
vn 0.0005 0.0468 -0.9989
vn 0.0613 0.1451 -0.9875
vn 0.0117 0.1351 -0.9908
vn 0.0019 0.1329 -0.9911
vn -0.1909 -0.2616 0.9461
vn -0.0640 -0.3279 0.9425
vn -0.0214 -0.3545 0.9348
vn 0.2966 0.9548 -0.0214
vn 0.0627 0.9978 -0.0220
vn 0.0098 0.9997 -0.0227
vn 0.2958 0.9519 -0.0806
vn 0.0617 0.9959 -0.0667
vn 0.0096 0.9979 -0.0633
vn -0.2262 0.9739 -0.0214
vn -0.0423 0.9989 -0.0195
vn -0.0065 0.9998 -0.0190
vn -0.3666 0.0043 0.9304
vn -0.1741 0.0069 0.9847
vn -0.0559 0.0113 0.9984
vn -0.3839 -0.0004 0.9234
vn -0.1911 -0.0010 0.9816
vn -0.0648 -0.0021 0.9979
vn -0.3713 0.0013 0.9285
vn -0.1824 0.0025 0.9832
vn -0.0716 0.0050 0.9974
vn -0.3835 -0.0000 0.9235
vn -0.1986 -0.0000 0.9801
vn -0.0838 -0.0004 0.9965
vn -0.0478 0.0084 0.9988
vn -0.0517 0.0046 0.9987
vn -0.0540 0.0011 0.9985
vn -0.0308 0.0120 0.9995
vn -0.0364 0.0102 0.9993
vn -0.0410 0.0086 0.9991
vn -0.0402 0.0123 0.9991
vn -0.0387 0.0156 0.9991
vn -0.0363 0.0175 0.9992
vn -0.0501 -0.0020 0.9987
vn -0.0439 -0.0025 0.9990
vn -0.0365 -0.0028 0.9993
vn 0.0001 -0.0022 -1.0000
vn 0.0001 -0.0131 -0.9999
vn 0.0001 -0.0596 -0.9982
vn 0.0069 0.4985 0.8669
vn -0.0047 0.2037 0.9790
vn -0.0164 0.0596 0.9981
vn -0.0001 0.2920 -0.9564
vn -0.0003 0.7280 -0.6855
vn -0.0005 0.9761 -0.2172
vn -0.0003 -0.4061 -0.9138
vn -0.0006 -0.8233 -0.5675
vn -0.0008 -0.9888 -0.1496
vn 0.0001 -0.0911 -0.9958
vn 0.0002 -0.3025 -0.9531
vn 0.0004 -0.7833 -0.6216
vn 0.0001 0.1380 -0.9904
vn 0.0004 0.4331 -0.9014
vn 0.0006 0.8758 -0.4826
vn 0.0007 1.0000 -0.0000
vn 0.0005 -0.9997 -0.0235
vn 0.0005 -0.9999 -0.0101
vn 0.0005 -1.0000 -0.0031
vn -0.0047 -0.4415 0.8973
vn -0.0073 -0.4248 0.9053
vn -0.0102 -0.4084 0.9128
vn -0.0008 -0.9561 0.2929
vn -0.0009 -0.7536 0.6573
vn -0.0014 -0.5527 0.8334
vn 0.0005 -0.9862 -0.1654
vn 0.0004 -0.8392 -0.5438
vn 0.0003 -0.4870 -0.8734
vn -0.0002 0.9857 0.1687
vn 0.0017 0.9706 0.2409
vn 0.0060 0.9278 0.3730
vn -0.0244 -0.0157 0.9996
vn -0.0206 -0.0756 0.9969
vn -0.0169 -0.2263 0.9739
vn 0.0007 0.9756 -0.2197
vn 0.0005 0.7661 -0.6428
vn 0.0003 0.3863 -0.9224
vn 0.0001 0.0249 -0.9997
vn 0.0001 0.0032 -1.0000
vn 0.0001 0.0004 -1.0000
vn -0.0005 0.9998 0.0220
vn -0.0005 0.9980 0.0636
vn -0.0006 0.9945 0.1043
vn -0.5574 0.0001 0.8302
vn -0.5428 0.0004 0.8399
vn -0.3636 -0.0000 -0.9316
vn 0.4505 -0.0000 -0.8928
vn -0.5035 0.0014 0.8640
vn -0.5048 0.0010 0.8632
vn -0.5058 0.0008 0.8627
vn -0.6320 0.7750 -0.0000
vn 0.0017 0.9999 0.0141
vn 0.0027 0.9999 0.0146
vn 0.0036 0.9999 0.0148
vn -0.0000 1.0000 0.0001
vn -0.0000 -1.0000 -0.0000
vn 0.0065 0.9967 0.0808
vn 0.0066 0.9971 0.0759
vn 0.0062 0.9975 0.0697
vn -0.4123 -0.2902 0.8636
vn -0.5516 -0.4358 0.7112
vn -0.7078 -0.6187 0.3410
vn -1.0000 0.0010 -0.0000
vn -1.0000 -0.0002 -0.0000
vn -1.0000 -0.0000 -0.0000
vn -0.0000 0.9967 0.0813
vn -0.0007 -1.0000 -0.0000
vn -0.0005 1.0000 -0.0000
vn -0.0102 -0.9993 0.0371
vn -0.0646 -0.9972 0.0383
vn -0.3023 -0.9523 0.0424
vn 0.0007 0.9967 0.0808
vn 0.0020 0.9969 0.0790
vn 0.0037 0.9972 0.0747
vn -0.9996 0.0130 0.0258
vn -0.9969 0.0746 0.0260
vn -0.9498 0.3118 0.0256
vn 0.0065 0.9984 0.0556
vn 0.0066 0.9991 0.0420
vn 0.0060 0.9996 0.0283
vn 0.0004 1.0000 0.0030
vn 0.0027 1.0000 0.0090
vn -0.9904 -0.1346 0.0304
vn -0.9995 -0.0174 0.0264
vn -0.9997 -0.0024 0.0258
vn -0.2276 0.9737 0.0087
vn -0.0425 0.9991 0.0037
vn -0.0065 1.0000 0.0027
vn 0.0005 0.0898 -0.9960
vn 0.0035 0.0889 -0.9960
vn 0.0193 0.0831 -0.9964
vn 0.1237 -0.0002 -0.9923
vn 0.1227 -0.0017 -0.9924
vn 0.1158 -0.0116 -0.9932
vn 0.0087 0.9896 0.1433
vn 0.0554 0.9764 0.2088
vn 0.2392 0.8630 0.4450
vn 0.6027 -0.0014 0.7980
vn 0.5956 -0.0097 0.8032
vn 0.5424 -0.0660 0.8375
vn 0.7430 -0.6346 -0.2125
vn 0.5588 -0.4630 -0.6881
vn 0.2663 -0.1764 -0.9476
vn 0.6322 0.7579 0.1611
vn 0.5855 0.6901 0.4254
vn 0.5155 0.5868 0.6245
vn -0.0002 -0.0312 -0.9995
vn -0.0015 -0.0299 -0.9996
vn -0.0060 -0.0248 -0.9997
vn -0.0440 0.0001 -0.9990
vn -0.0433 0.0009 -0.9991
vn -0.0378 0.0061 -0.9993
vn 0.0315 -0.0193 -0.9993
vn 0.0098 -0.0052 -0.9999
vn -0.0048 0.0049 -1.0000
vn -0.0032 -0.0045 -1.0000
vn 0.0066 0.0057 -1.0000
vn 0.0212 0.0202 -0.9996
vn -0.0019 -0.1966 -0.9805
vn -0.0119 -0.1984 -0.9800
vn -0.0601 -0.2078 -0.9763
vn -0.1788 0.0006 -0.9839
vn -0.1792 0.0041 -0.9838
vn -0.1842 0.0262 -0.9825
vn -0.6196 -0.7665 -0.1690
vn -0.5252 -0.6482 -0.5513
vn -0.3316 -0.3815 -0.8629
vn -0.6041 0.4588 -0.6516
vn -0.2165 0.1814 -0.9593
vn -0.0657 0.0550 -0.9963
vn 0.0082 0.7945 0.6072
vn 0.0939 0.7393 0.6668
vn 0.2765 0.5661 0.7766
vn 0.5076 -0.0020 0.8616
vn 0.4958 -0.0133 0.8683
vn 0.4274 -0.0798 0.9005
vn 0.3268 -0.1991 0.9239
vn 0.3303 -0.2071 0.9209
vn 0.3358 -0.2182 0.9163
vn 0.4784 0.4319 0.7646
vn 0.4763 0.3733 0.7961
vn 0.4668 0.3308 0.8202
vn -0.0024 0.9917 0.1282
vn -0.0012 0.9912 0.1322
vn -0.0004 0.9910 0.1337
vn 0.0022 -0.4748 0.8801
vn 0.0020 -0.4787 0.8780
vn 0.0017 -0.4827 0.8758
vn 0.0010 -0.4891 0.8722
vn 0.0007 -0.4913 0.8710
vn 0.0005 -0.4928 0.8702
vn 0.0002 -0.4944 0.8692
vn 0.0001 -0.4947 0.8690
vn 0.0176 0.1829 0.9830
vn 0.0526 0.2490 0.9671
vn 0.0918 0.4328 0.8968
vn 0.0638 0.6887 0.7223
vn 0.0497 0.6843 0.7275
vn 0.0368 0.6802 0.7321
vn 0.0135 0.6783 0.7347
vn 0.0047 0.6823 0.7311
vn -0.0016 0.6905 0.7234
vn 0.0118 -0.3677 0.9299
vn 0.0107 -0.3733 0.9276
vn 0.0093 -0.3802 0.9249
vn 0.0057 -0.3959 0.9183
vn 0.0040 -0.4024 0.9155
vn 0.0026 -0.4064 0.9137
vn 0.0010 -0.4094 0.9123
vn 0.0006 -0.4101 0.9121
vn 0.0003 -0.4105 0.9119
vn -0.0018 0.9838 0.1795
vn 0.0033 0.9529 0.3034
vn 0.0122 0.8664 0.4992
vn -0.0005 0.9825 0.1861
vn -0.0019 0.9559 0.2936
vn -0.0044 0.8819 0.4714
vn 0.0006 -0.1387 0.9903
vn 0.0004 -0.2391 0.9710
vn 0.0002 -0.3483 0.9374
vn 0.0026 -0.1347 0.9909
vn 0.0025 -0.2343 0.9722
vn 0.0021 -0.3446 0.9388
vn 0.0199 -0.0417 0.9989
vn 0.0159 -0.1186 0.9928
vn 0.0116 -0.2697 0.9629
vn -0.0000 -0.9862 -0.1655
vn -0.0051 0.9995 0.0323
vn -0.0053 0.9979 0.0647
vn -0.0050 0.9954 0.0954
vn -0.0001 0.9998 0.0219
vn -0.0001 0.9980 0.0632
vn -0.0001 0.9946 0.1036
vn 0.0002 -0.7596 0.6504
vn 0.0006 -0.5649 0.8251
vn 0.0001 -0.5711 0.8209
vn 0.0026 -0.4576 0.8891
vn 0.0040 -0.4419 0.8970
vn 0.0056 -0.4264 0.9045
vn 0.0006 -0.4658 0.8849
vn 0.0009 -0.4506 0.8927
vn 0.0013 -0.4354 0.9002
vn 0.0001 -0.4372 0.8994
vn -0.0068 0.9958 0.0916
vn -0.0067 0.9948 0.1013
vn -0.0057 0.9937 0.1116
vn -0.0007 0.9967 0.0817
vn -0.0021 0.9967 0.0816
vn -0.0040 0.9967 0.0805
vn 0.0465 0.9325 0.3582
vn 0.0133 0.9832 0.1819
vn -0.0012 0.9941 0.1089
vn -0.0044 0.9978 0.0662
vn -0.0032 0.9979 0.0653
vn -0.0021 0.9980 0.0634
vn -0.6364 -0.7712 -0.0154
vn -0.6356 -0.7720 -0.0066
vn -0.6351 -0.7724 -0.0020
vn -0.3635 0.2611 -0.8942
vn -0.5957 0.5132 -0.6179
vn -0.7356 0.6469 -0.2007
vn -0.0072 -0.9998 -0.0171
vn -0.0462 -0.9988 -0.0166
vn -0.2329 -0.9724 -0.0164
vn -0.9998 0.0025 -0.0175
vn -0.9997 0.0180 -0.0169
vn -0.9902 0.1384 -0.0165
vn -0.7634 0.6460 -0.0000
vn -0.0435 -0.0521 -0.9977
vn -0.1452 -0.1765 -0.9735
vn -0.4619 -0.5162 -0.7212
vn -0.9977 0.0025 -0.0677
vn -0.9975 0.0175 -0.0686
vn -0.9882 0.1336 -0.0750
vn -0.0071 -0.9901 -0.1405
vn -0.0454 -0.9888 -0.1422
vn -0.2321 -0.9610 -0.1505
vn 0.7707 -0.6372 -0.0000
vn 0.1896 0.1878 -0.9637
vn 0.4338 0.5171 -0.7379
vn 0.5983 0.7583 -0.2588
vn -0.0002 0.7458 -0.6662
vn -0.0005 0.9858 -0.1679
vn -0.0002 0.7320 -0.6813
vn -0.0004 0.9785 -0.2063
vn 0.0101 -0.9999 -0.0128
vn 0.0645 -0.9978 -0.0135
vn 0.3032 -0.9528 -0.0161
vn -0.0001 0.9998 -0.0185
vn -0.0003 0.9999 -0.0168
vn -0.0006 0.9999 -0.0129
vn -0.0013 1.0000 0.0048
vn -0.0014 0.9998 0.0174
vn -0.0014 0.9995 0.0300
vn 0.9998 0.0131 -0.0138
vn 0.9971 0.0752 -0.0150
vn 0.9493 0.3138 -0.0188
vn 0.0967 0.0232 -0.9950
vn 0.1162 0.0064 -0.9932
vn 0.1226 0.0011 -0.9925
vn 0.5819 0.1571 0.7980
vn 0.5988 0.0392 0.7999
vn 0.6027 0.0072 0.7980
vn -0.0285 -0.0101 -0.9995
vn -0.0390 -0.0034 -0.9992
vn -0.0431 -0.0007 -0.9991
vn -0.1823 -0.0703 -0.9807
vn -0.1796 -0.0176 -0.9836
vn -0.1790 -0.0031 -0.9838
vn 0.4703 0.1399 0.8713
vn 0.4901 0.0427 0.8706
vn 0.4982 0.0102 0.8670
vn 0.0752 0.2963 0.9521
vn 0.0536 0.1139 0.9920
vn 0.0395 0.0364 0.9986
vn 0.0345 0.4291 0.9026
vn 0.0387 0.2373 0.9707
vn 0.0388 0.1275 0.9911
vn -0.0012 0.4397 0.8982
vn 0.0075 0.2242 0.9745
vn 0.0166 0.1098 0.9938
vn -0.9491 -0.3146 -0.0170
vn -0.9971 -0.0735 -0.0171
vn -0.9998 -0.0126 -0.0175
vn -0.9483 -0.3006 -0.1018
vn -0.9947 -0.0700 -0.0755
vn -0.9976 -0.0119 -0.0688
vn 0.3634 0.0003 -0.9317
vn 0.7795 0.0009 -0.6264
vn 0.9868 0.0011 -0.1622
vn -0.1275 -0.0002 -0.9918
vn -0.3857 -0.0005 -0.9226
vn -0.8369 -0.0007 -0.5474
vn -1.0000 -0.0010 -0.0000
vn 0.0260 0.0736 0.9969
vn 0.0291 0.0793 0.9964
vn 0.0327 0.0797 0.9963
vn 0.0393 0.0599 0.9974
vn 0.0396 0.0417 0.9983
vn 0.0368 0.0222 0.9991
vn 0.5729 0.0006 0.8196
vn 0.5562 0.0008 0.8310
vn 0.5400 0.0014 0.8416
vn 0.0217 0.0284 0.9994
vn 0.0217 0.0402 0.9990
vn 0.0223 0.0526 0.9984
vn -0.0013 -0.0002 -1.0000
vn -0.0087 -0.0002 -1.0000
vn -0.0481 -0.0002 -0.9988
vn 0.0450 -0.0000 -0.9990
vn 0.0121 -0.0000 -0.9999
vn -0.0117 -0.0000 -0.9999
vn -0.9845 -0.0010 -0.1752
vn -0.8114 -0.0008 -0.5845
vn -0.4506 -0.0005 -0.8927
vn 0.9757 0.0010 0.2190
vn 0.8405 0.0009 0.5417
vn 0.6816 0.0007 0.7317
vn 0.5098 -0.0000 0.8603
vn 0.0065 0.7894 0.6139
vn -0.0123 0.9059 0.4233
vn -0.0192 0.9130 0.4075
vn 0.0389 0.3255 0.9447
vn 0.0567 0.3643 0.9296
vn 0.0710 0.3321 0.9406
vn 0.0570 -0.0085 0.9983
vn 0.0523 -0.0120 0.9986
vn 0.0445 -0.0164 0.9989
vn -0.9998 -0.0000 -0.0178
vn -0.9977 -0.0000 -0.0676
vn 0.9910 -0.1331 -0.0151
vn 0.9998 -0.0172 -0.0138
vn 0.9999 -0.0024 -0.0136
vn -0.9845 0.0002 -0.1752
vn -0.8114 0.0001 -0.5845
vn -0.4505 0.0001 -0.8928
vn 0.0451 -0.0000 -0.9990
vn -1.0000 0.0002 -0.0000
vn -0.1278 -0.0000 -0.9918
vn -0.3861 0.0001 -0.9224
vn -0.8370 0.0001 -0.5472
vn 0.3636 -0.0001 -0.9316
vn 0.7799 -0.0001 -0.6259
vn 0.9868 -0.0002 -0.1619
vn 0.0250 -0.0477 0.9985
vn 0.0170 -0.0740 0.9971
vn 0.0077 -0.0918 0.9958
vn 0.0016 -0.0969 0.9953
vn 0.0014 -0.0974 0.9952
vn 0.0011 -0.0985 0.9951
vn 0.5733 -0.0001 0.8193
vn 0.5575 -0.0001 0.8302
vn 0.5430 -0.0001 0.8397
vn 0.0261 -0.0063 0.9996
vn 0.0261 -0.0097 0.9996
vn 0.0273 -0.0147 0.9995
vn -0.0013 -0.0000 -1.0000
vn -0.0087 -0.0000 -1.0000
vn -0.0481 -0.0000 -0.9988
vn 0.9757 -0.0002 0.2190
vn 0.8405 -0.0002 0.5417
vn 0.6817 -0.0001 0.7317
vn 0.0444 -0.2805 0.9588
vn 0.1572 -0.2408 0.9578
vn 0.3780 -0.1181 0.9182
vn -0.0019 0.9974 0.0725
vn -0.0025 0.9972 0.0750
vn -0.0036 0.9969 0.0787
vn 0.0152 -0.0163 0.9998
vn 0.0172 0.0885 0.9959
vn 0.0141 0.4737 0.8806
vn 0.0252 -0.0595 0.9979
vn 0.0251 -0.0492 0.9985
vn 0.0154 0.2194 0.9755
vn 0.0327 -0.0033 0.9995
vn 0.0303 -0.0055 0.9995
vn 0.0260 0.0665 0.9974
vn 0.0411 0.0169 0.9990
vn 0.0384 0.0342 0.9987
vn 0.0346 0.0753 0.9966
vn -0.0020 0.7680 0.6404
vn 0.0019 0.8119 0.5837
vn 0.0037 0.8416 0.5401
vn 0.0107 0.3409 0.9400
vn -0.0031 0.4969 0.8678
vn -0.0096 0.6216 0.7832
vn 0.0201 -0.0439 0.9988
vn 0.0154 -0.0452 0.9989
vn 0.0107 -0.0477 0.9988
vn 0.0399 -0.0295 0.9988
vn 0.0289 -0.0312 0.9991
vn 0.0183 -0.0343 0.9992
vn 0.0653 -0.0121 0.9978
vn 0.0571 -0.0152 0.9983
vn 0.0505 -0.0188 0.9985
vn 0.0339 -0.0279 0.9990
vn 0.0212 -0.0326 0.9992
vn 0.0128 -0.0368 0.9992
vn 0.0097 -0.0443 0.9990
vn 0.0094 -0.0478 0.9988
vn 0.0085 -0.0507 0.9987
vn 0.0304 0.5240 0.8512
vn 0.0276 0.5381 0.8424
vn 0.0242 0.5426 0.8397
vn 0.0605 0.3234 0.9443
vn 0.0486 0.3906 0.9193
vn 0.0396 0.4502 0.8921
vn 0.0040 -0.0618 0.9981
vn 0.0023 -0.0747 0.9972
vn 0.0014 -0.0892 0.9960
vn -0.0027 0.9608 0.2773
vn -0.0008 0.9477 0.3191
vn 0.0069 0.8457 0.5336
vn 0.0025 -0.0849 0.9964
vn 0.0029 -0.0672 0.9977
vn 0.0050 -0.0515 0.9987
vn 0.0501 -0.0264 0.9984
vn 0.0529 -0.0294 0.9982
vn 0.0479 -0.0302 0.9984
vn 0.5076 0.0006 0.8616
vn 0.5087 0.0003 0.8609
vn 0.5094 0.0001 0.8605
vn 0.0467 0.0887 0.9950
vn 0.0572 0.0301 0.9979
vn 0.0600 0.0057 0.9982
vn 0.0272 0.1661 0.9857
vn 0.0284 -0.0018 0.9996
vn 0.0269 -0.0365 0.9990
vn 0.0531 0.1582 0.9860
vn 0.0581 0.0099 0.9983
vn 0.0558 -0.0217 0.9982
vn 0.0879 0.0966 0.9914
vn 0.0879 0.0174 0.9960
vn 0.0822 -0.0028 0.9966
vn 0.0658 -0.0043 0.9978
vn 0.0720 -0.0049 0.9974
vn 0.0752 -0.0064 0.9971
vn 0.0425 -0.0328 0.9986
vn 0.0367 -0.0369 0.9986
vn 0.0309 -0.0403 0.9987
vn 0.0698 -0.0129 0.9975
vn 0.0638 -0.0177 0.9978
vn 0.0567 -0.0229 0.9981
vn -0.3862 -0.0000 -0.9224
vn -0.8371 -0.0000 -0.5471
vn -0.9845 -0.0000 -0.1754
vn -0.8112 -0.0000 -0.5847
vn -0.4505 -0.0000 -0.8928
vn 0.9757 -0.0000 0.2189
vn 0.8406 -0.0000 0.5417
vn 0.6817 -0.0000 0.7316
vn -0.0014 -0.0000 -1.0000
vn 0.0515 -0.0017 0.9987
vn 0.0527 -0.0025 0.9986
vn 0.0550 -0.0032 0.9985
vn 0.5734 -0.0000 0.8193
vn 0.5577 -0.0000 0.8300
vn 0.5434 -0.0000 0.8394
vn 0.3636 -0.0000 -0.9315
vn 0.7800 -0.0000 -0.6258
vn 0.9868 -0.0000 -0.1619
vn 0.0230 -0.0064 0.9997
vn 0.0177 -0.0133 0.9998
vn 0.0146 -0.0198 0.9997
vn 0.0332 0.0463 0.9984
vn 0.0296 0.0270 0.9992
vn 0.0266 0.0064 0.9996
vn 0.0286 0.0480 0.9984
vn 0.0318 0.0384 0.9988
vn 0.0334 0.0287 0.9990
vn 0.0312 0.0065 0.9995
vn 0.0290 -0.0045 0.9996
vn 0.0271 -0.0156 0.9995
vn 0.0230 -0.0286 0.9993
vn 0.0206 -0.0295 0.9994
vn 0.0176 -0.0284 0.9994
vn -0.0164 -0.9582 -0.2857
vn -0.0724 -0.9435 -0.3232
vn -0.1723 -0.9463 -0.2736
vn -0.0156 -0.9565 0.2915
vn -0.0704 -0.9407 0.3320
vn -0.1761 -0.9416 0.2870
vn -0.1974 -0.9796 -0.0384
vn -0.1901 -0.9817 -0.0065
vn -0.2021 -0.9790 0.0266
vn 0.6737 -0.4858 -0.5569
vn 0.6670 -0.5027 -0.5498
vn 0.6205 -0.6001 -0.5048
vn 0.6640 -0.4749 0.5775
vn 0.6573 -0.4929 0.5701
vn 0.6114 -0.5941 0.5227
vn 0.0155 -0.9998 -0.0135
vn 0.0842 -0.9942 -0.0671
vn 0.2456 -0.9490 -0.1975
vn 0.0155 -0.9998 0.0109
vn 0.0844 -0.9941 0.0680
vn 0.2458 -0.9471 0.2064
vn 0.0392 -0.7219 0.6909
vn 0.1321 -0.7407 0.6587
vn 0.2810 -0.7819 0.5565
vn 0.5124 -0.8403 0.1769
vn 0.5347 -0.8448 0.0195
vn 0.5151 -0.8450 -0.1436
vn 0.0209 -0.9482 0.3169
vn 0.0733 -0.9486 0.3079
vn 0.1621 -0.9512 0.2625
vn 0.0201 -0.9446 -0.3276
vn 0.0717 -0.9452 -0.3185
vn 0.1620 -0.9493 -0.2694
vn 0.3076 -0.9477 0.0857
vn 0.3248 -0.9458 0.0083
vn 0.3100 -0.9480 -0.0723
vn 0.0047 -1.0000 0.0012
vn 0.0272 -0.9995 0.0169
vn 0.0977 -0.9931 0.0643
vn -0.7426 0.2865 0.6053
vn -0.7441 0.2710 0.6107
vn -0.7602 0.1454 0.6332
vn -0.0057 -1.0000 -0.0066
vn -0.0031 -1.0000 -0.0046
vn -0.0019 -1.0000 -0.0036
vn 0.0939 -0.9937 -0.0615
vn 0.0237 -0.9996 -0.0168
vn 0.0039 -1.0000 -0.0044
vn -0.0001 -1.0000 -0.0040
vn -0.0004 -1.0000 -0.0037
vn -0.0006 -1.0000 -0.0032
vn -0.0009 -1.0000 -0.0024
vn -0.0008 -1.0000 -0.0022
vn -0.0007 -1.0000 -0.0019
vn -0.0012 -1.0000 -0.0013
vn -0.0019 -1.0000 -0.0006
vn -0.0035 -1.0000 0.0007
vn -0.6035 -0.6050 -0.5194
vn -0.1879 -0.9693 -0.1586
vn -0.0422 -0.9984 -0.0367
vn -0.0137 -0.9999 -0.0063
vn -0.0129 -0.9999 -0.0022
vn -0.0110 -0.9999 0.0012
vn -0.0019 -0.9995 -0.0319
vn -0.0056 -0.9996 -0.0275
vn -0.0098 -0.9997 -0.0202
vn 0.0009 0.9999 0.0124
vn 0.0033 0.9999 0.0126
vn 0.0082 0.9999 0.0129
vn 0.0009 1.0000 -0.0081
vn 0.0032 1.0000 -0.0082
vn 0.0080 0.9999 -0.0082
vn 0.0150 0.9999 0.0070
vn 0.0149 0.9999 0.0026
vn 0.0148 0.9999 -0.0019
vn 0.4686 0.8213 -0.3254
vn 0.1226 0.9900 -0.0703
vn 0.0346 0.9992 -0.0187
vn 0.4677 0.8126 0.3478
vn 0.1254 0.9887 0.0817
vn 0.0354 0.9991 0.0250
vn 0.5578 -0.6898 -0.4615
vn 0.6256 -0.5833 -0.5181
vn 0.6569 -0.5223 -0.5438
vn 0.5538 -0.6793 0.4815
vn 0.6187 -0.5718 0.5388
vn 0.6483 -0.5108 0.5646
vn 0.0529 -0.3648 0.9296
vn 0.1818 -0.3866 0.9042
vn 0.4049 -0.4325 0.8056
vn 0.8167 -0.5022 0.2842
vn 0.8606 -0.5083 0.0328
vn 0.8285 -0.5102 -0.2308
vn 0.0015 -1.0000 -0.0012
vn 0.0016 -1.0000 -0.0016
vn 0.0015 -1.0000 -0.0021
vn 0.0001 -1.0000 0.0007
vn 0.0004 -1.0000 0.0004
vn 0.0008 -1.0000 -0.0001
vn -0.0262 -0.9995 0.0201
vn -0.1208 -0.9875 0.1016
vn -0.5436 -0.7263 0.4207
vn -0.7458 0.1216 -0.6549
vn -0.7321 0.2521 -0.6329
vn -0.7308 0.2690 -0.6274
vn -0.0576 0.0687 -0.9960
vn -0.1995 0.0832 -0.9764
vn -0.4518 0.1166 -0.8844
vn -0.9293 0.1864 -0.3188
vn -0.9809 0.1903 -0.0408
vn -0.9521 0.1735 0.2517
vn 0.4915 -0.7975 -0.3498
vn 0.7145 -0.4629 -0.5247
vn 0.8051 -0.0522 -0.5908
vn 0.4806 -0.8009 0.3571
vn 0.7000 -0.4682 0.5392
vn 0.7902 -0.0570 0.6102
vn 0.0645 0.2103 0.9755
vn 0.2196 0.2223 0.9499
vn 0.4797 0.2481 0.8416
vn 0.9184 0.2795 0.2801
vn 0.9593 0.2805 0.0330
vn 0.9322 0.2828 -0.2258
vn 0.2750 0.9420 -0.1925
vn 0.3474 0.9053 -0.2444
vn 0.4698 0.8182 -0.3314
vn 0.2769 0.9379 0.2089
vn 0.3493 0.8992 0.2636
vn 0.4704 0.8084 0.3540
vn 0.0558 0.5211 0.8517
vn 0.1884 0.5483 0.8148
vn 0.4040 0.5921 0.6973
vn 0.7474 0.6253 0.2245
vn 0.7787 0.6268 0.0278
vn 0.7536 0.6331 -0.1768
vn 0.6455 0.6044 -0.4669
vn 0.4371 0.8452 -0.3076
vn 0.2925 0.9346 -0.2022
vn 0.6373 0.5964 0.4880
vn 0.4351 0.8389 0.3270
vn 0.2933 0.9307 0.2187
vn 0.2987 0.9500 0.0912
vn 0.3109 0.9504 0.0125
vn 0.2987 0.9519 -0.0687
vn 0.0257 0.9192 0.3930
vn 0.0839 0.9275 0.3642
vn 0.1705 0.9406 0.2936
vn 0.7527 0.3837 -0.5350
vn 0.7991 0.1868 -0.5715
vn 0.8103 0.0716 -0.5817
vn 0.7420 0.3716 0.5581
vn 0.7852 0.1793 0.5928
vn 0.7956 0.0674 0.6021
vn 0.0625 0.2714 0.9604
vn 0.2129 0.2641 0.9407
vn 0.4699 0.2565 0.8447
vn 0.9335 0.2114 0.2896
vn 0.9783 0.2046 0.0333
vn 0.9471 0.2187 -0.2350
vn 0.0001 -0.4109 0.9117
vn -0.0008 0.9989 0.0474
vn -0.0004 0.9987 0.0513
vn -0.0001 0.9986 0.0529
vn 0.0205 -0.0066 0.9998
vn 0.0108 -0.0133 0.9999
vn 0.0036 -0.0161 0.9999
vn 0.0006 -0.1006 0.9949
vn 0.0003 -0.1011 0.9949
vn 0.0001 -0.1013 0.9949
vn -0.2121 -0.8841 -0.4164
vn -0.1083 -0.8312 -0.5453
vn -0.0334 -0.7968 -0.6033
vn 0.4247 0.2721 -0.8635
vn 0.1785 0.3047 -0.9356
vn 0.0502 0.3117 -0.9489
vn 0.0021 0.8701 0.4928
vn 0.0010 0.8751 0.4839
vn 0.0003 0.8769 0.4806
vn 0.0046 -0.0543 0.9985
vn 0.0024 -0.0550 0.9985
vn 0.0008 -0.0553 0.9985
vn 0.0130 0.5412 0.8408
vn 0.0068 0.5407 0.8412
vn 0.0023 0.5408 0.8411
vn 0.0161 -0.0444 0.9989
vn 0.0085 -0.0453 0.9989
vn 0.0028 -0.0456 0.9990
vn 0.0092 -0.0251 0.9996
vn 0.0049 -0.0243 0.9997
vn 0.0016 -0.0240 0.9997
vn -0.0001 0.9975 0.0704
vn -0.0093 0.9946 0.1034
vn -0.0060 0.9920 0.1259
vn -0.0021 0.9904 0.1380
vn 0.2766 -0.7854 -0.5538
vn 0.1271 -0.7407 -0.6596
vn 0.0372 -0.7209 -0.6920
vn -0.0003 -1.0000 -0.0016
vn -0.0001 -1.0000 -0.0015
vn -0.0047 -1.0000 0.0069
vn -0.0022 -1.0000 0.0086
vn -0.0007 -1.0000 0.0095
vn 0.4014 -0.4381 -0.8043
vn 0.1755 -0.3874 -0.9051
vn 0.0502 -0.3644 -0.9299
vn 0.0008 -1.0000 -0.0033
vn 0.0004 -1.0000 -0.0038
vn 0.0001 -1.0000 -0.0041
vn -0.4575 0.0589 0.8872
vn -0.1951 0.0155 0.9807
vn -0.0550 -0.0007 0.9985
vn 0.4776 0.2513 -0.8418
vn 0.2129 0.2236 -0.9511
vn 0.0614 0.2111 -0.9755
vn 0.3989 0.6029 -0.6909
vn 0.1817 0.5539 -0.8125
vn 0.0530 0.5252 -0.8493
vn 0.1670 0.9437 -0.2857
vn 0.0807 0.9296 -0.3597
vn 0.0244 0.9208 -0.3892
vn 0.4670 0.2653 -0.8435
vn 0.2063 0.2694 -0.9407
vn 0.0595 0.2753 -0.9595
vn -0.0001 0.9911 0.1329
vn -0.0001 0.9912 0.1322
vn -0.0001 0.9913 0.1315
vn -0.0077 0.7231 0.6907
vn -0.0095 0.7467 0.6651
vn -0.0109 0.7714 0.6362
vn 0.0340 -0.1105 -0.9933
vn 0.0073 -0.1293 -0.9916
vn 0.0012 -0.1332 -0.9911
vn 0.1342 -0.3948 0.9089
vn 0.0319 -0.4530 0.8910
vn 0.0072 -0.4670 0.8843
vn -0.0101 0.0324 -0.9994
vn -0.0029 0.0433 -0.9991
vn -0.0005 0.0468 -0.9989
vn -0.0613 0.1451 -0.9875
vn -0.0117 0.1351 -0.9908
vn -0.0019 0.1329 -0.9911
vn 0.1909 -0.2616 0.9461
vn 0.0640 -0.3279 0.9425
vn 0.0214 -0.3545 0.9348
vn -0.2966 0.9548 -0.0214
vn -0.0627 0.9978 -0.0221
vn -0.0098 0.9997 -0.0227
vn -0.2958 0.9519 -0.0806
vn -0.0617 0.9959 -0.0667
vn -0.0096 0.9979 -0.0633
vn 0.2262 0.9739 -0.0214
vn 0.0423 0.9989 -0.0195
vn 0.0065 0.9998 -0.0190
vn 0.3666 0.0043 0.9304
vn 0.1741 0.0069 0.9847
vn 0.0559 0.0113 0.9984
vn 0.3839 -0.0004 0.9234
vn 0.1911 -0.0010 0.9816
vn 0.0648 -0.0021 0.9979
vn 0.3713 0.0013 0.9285
vn 0.1824 0.0025 0.9832
vn 0.0716 0.0050 0.9974
vn 0.3835 -0.0000 0.9235
vn 0.1986 -0.0000 0.9801
vn 0.0838 -0.0004 0.9965
vn 0.0478 0.0084 0.9988
vn 0.0517 0.0046 0.9987
vn 0.0540 0.0011 0.9985
vn 0.0308 0.0120 0.9995
vn 0.0364 0.0102 0.9993
vn 0.0410 0.0086 0.9991
vn 0.0402 0.0123 0.9991
vn 0.0387 0.0156 0.9991
vn 0.0363 0.0175 0.9992
vn 0.0501 -0.0020 0.9987
vn 0.0439 -0.0025 0.9990
vn 0.0365 -0.0028 0.9993
vn -0.0001 -0.0022 -1.0000
vn -0.0001 -0.0131 -0.9999
vn -0.0001 -0.0596 -0.9982
vn -0.0069 0.4985 0.8669
vn 0.0047 0.2037 0.9790
vn 0.0164 0.0596 0.9981
vn 0.0001 0.2920 -0.9564
vn 0.0003 0.7280 -0.6855
vn 0.0005 0.9761 -0.2172
vn 0.0003 -0.4061 -0.9138
vn 0.0006 -0.8233 -0.5675
vn 0.0008 -0.9888 -0.1496
vn -0.0001 -0.0911 -0.9958
vn -0.0002 -0.3025 -0.9531
vn -0.0004 -0.7833 -0.6216
vn -0.0001 0.1380 -0.9904
vn -0.0004 0.4331 -0.9014
vn -0.0006 0.8758 -0.4826
vn -0.0007 1.0000 -0.0000
vn -0.0005 -0.9997 -0.0235
vn -0.0005 -0.9999 -0.0100
vn -0.0005 -1.0000 -0.0031
vn 0.0047 -0.4415 0.8973
vn 0.0073 -0.4248 0.9053
vn 0.0102 -0.4084 0.9128
vn 0.0008 -0.9561 0.2929
vn 0.0009 -0.7536 0.6573
vn 0.0014 -0.5527 0.8334
vn -0.0005 -0.9862 -0.1654
vn -0.0004 -0.8392 -0.5438
vn -0.0003 -0.4870 -0.8734
vn 0.0002 0.9857 0.1687
vn -0.0017 0.9706 0.2409
vn -0.0060 0.9278 0.3730
vn 0.0244 -0.0157 0.9996
vn 0.0206 -0.0756 0.9969
vn 0.0169 -0.2263 0.9739
vn -0.0007 0.9756 -0.2197
vn -0.0005 0.7661 -0.6428
vn -0.0003 0.3863 -0.9224
vn -0.0001 0.0249 -0.9997
vn -0.0001 0.0032 -1.0000
vn -0.0001 0.0004 -1.0000
vn 0.0005 0.9998 0.0220
vn 0.0005 0.9980 0.0636
vn 0.0006 0.9945 0.1043
vn 0.5574 0.0001 0.8302
vn 0.5428 0.0004 0.8399
vn 0.5035 0.0013 0.8640
vn 0.5048 0.0010 0.8632
vn 0.5058 0.0008 0.8627
vn 0.6320 0.7749 -0.0000
vn 0.6320 0.7750 -0.0000
vn -0.0017 0.9999 0.0141
vn -0.0027 0.9999 0.0146
vn -0.0036 0.9999 0.0148
vn -0.0065 0.9967 0.0808
vn -0.0066 0.9971 0.0759
vn -0.0062 0.9975 0.0697
vn 0.4123 -0.2902 0.8636
vn 0.5516 -0.4358 0.7112
vn 0.7078 -0.6187 0.3410
vn 1.0000 0.0010 -0.0000
vn 1.0000 -0.0002 -0.0000
vn 0.0007 -1.0000 -0.0000
vn 0.0005 1.0000 -0.0000
vn 0.0102 -0.9993 0.0371
vn 0.0646 -0.9972 0.0383
vn 0.3023 -0.9523 0.0424
vn -0.0007 0.9967 0.0808
vn -0.0020 0.9969 0.0790
vn -0.0037 0.9972 0.0747
vn 0.9996 0.0130 0.0258
vn 0.9969 0.0747 0.0260
vn 0.9498 0.3118 0.0257
vn -0.0065 0.9984 0.0556
vn -0.0066 0.9991 0.0420
vn -0.0060 0.9996 0.0283
vn -0.0000 -0.9993 0.0367
vn -0.0004 1.0000 0.0030
vn -0.0027 1.0000 0.0090
vn 0.9904 -0.1346 0.0304
vn 0.9995 -0.0174 0.0264
vn 0.9997 -0.0024 0.0258
vn 0.2277 0.9737 0.0087
vn 0.0425 0.9991 0.0037
vn 0.0065 1.0000 0.0027
vn -0.4677 0.8126 0.3478
vn -0.1254 0.9887 0.0817
vn -0.0354 0.9991 0.0250
vn 0.8420 0.3801 0.3827
vn 0.8552 0.5133 0.0722
vn 0.7820 0.5793 -0.2302
vn 0.0199 0.9986 0.0482
vn 0.1111 0.9927 -0.0478
vn 0.3356 0.8951 -0.2936
vn -0.0241 0.9953 0.0943
vn -0.1288 0.9710 0.2016
vn -0.4204 0.7598 0.4960
vn -0.3140 -0.9427 0.1128
vn -0.3436 -0.9390 0.0160
vn -0.3448 -0.9341 -0.0927
vn 0.3140 -0.9427 0.1128
vn 0.3436 -0.9390 0.0160
vn 0.3448 -0.9341 -0.0927
vn 0.7599 0.1509 -0.6323
vn 0.7710 0.0090 -0.6367
vn 0.6551 -0.5433 -0.5251
vn -0.7599 0.1509 -0.6323
vn -0.7710 0.0090 -0.6367
vn -0.6551 -0.5433 -0.5250
vn 0.6817 -0.2257 0.6959
vn 0.6711 -0.3190 0.6692
vn 0.6716 -0.3359 0.6604
vn 0.6852 -0.3329 0.6478
vn 0.6942 -0.3294 0.6399
vn 0.7024 -0.3265 0.6325
vn 0.7277 0.1904 -0.6589
vn 0.7372 0.1871 -0.6493
vn 0.7458 0.1834 -0.6404
vn 0.9614 0.0371 -0.2728
vn 0.9956 -0.0854 0.0392
vn 0.9227 -0.2030 0.3277
vn 0.4204 0.7598 0.4960
vn 0.1288 0.9710 0.2015
vn 0.0241 0.9953 0.0943
vn -0.0933 0.8634 0.4958
vn -0.0670 0.9591 0.2749
vn -0.0313 0.9895 0.1409
vn -0.0058 0.9973 0.0735
vn -0.0030 0.9975 0.0699
vn -0.0012 0.9976 0.0688
vn 0.0012 0.9976 0.0688
vn 0.0030 0.9975 0.0699
vn 0.0058 0.9973 0.0735
vn -0.1107 -0.9895 -0.0931
vn -0.0430 -0.9984 -0.0377
vn -0.0113 -0.9999 -0.0115
vn -0.0558 0.5211 0.8517
vn -0.1884 0.5483 0.8148
vn -0.4040 0.5921 0.6973
vn -0.7420 0.3716 0.5581
vn -0.7852 0.1793 0.5928
vn -0.7956 0.0674 0.6021
vn -0.9335 0.2114 0.2896
vn -0.9783 0.2046 0.0333
vn -0.9471 0.2187 -0.2350
vn 0.3786 -0.4058 0.8319
vn 0.1607 -0.4267 0.8900
vn 0.0457 -0.4302 0.9016
vn 0.0933 0.8634 0.4958
vn 0.0670 0.9591 0.2749
vn 0.0313 0.9895 0.1409
vn 0.1107 -0.9895 -0.0931
vn 0.0430 -0.9984 -0.0377
vn 0.0113 -0.9999 -0.0115
vn 0.1019 -0.9908 0.0886
vn 0.0416 -0.9985 0.0353
vn 0.0112 -0.9999 0.0085
vn -0.0004 -0.0483 -0.9988
vn -0.0026 -0.0468 -0.9989
vn -0.0122 -0.0399 -0.9991
vn -0.0001 -0.0130 -0.9999
vn -0.0006 -0.0130 -0.9999
vn -0.0036 -0.0118 -0.9999
vn 0.0002 0.0123 -0.9999
vn 0.0008 0.0111 -0.9999
vn 0.0024 0.0076 -1.0000
vn -0.0068 0.9997 0.0237
vn -0.0445 0.9984 0.0336
vn -0.2357 0.9686 0.0788
vn -0.0072 0.9976 0.0690
vn -0.0466 0.9940 0.0990
vn -0.2365 0.9447 0.2270
vn -0.0077 0.9935 0.1133
vn -0.0493 0.9853 0.1635
vn -0.2317 0.9033 0.3610
vn -0.9756 -0.0026 0.2196
vn -0.9743 -0.0182 0.2243
vn -0.9554 -0.1400 0.2599
vn -0.8398 -0.0021 0.5429
vn -0.8344 -0.0151 0.5510
vn -0.7873 -0.1091 0.6069
vn -0.6807 -0.0016 0.7326
vn -0.6735 -0.0113 0.7391
vn -0.6185 -0.0785 0.7819
vn 0.9847 -0.0123 -0.1739
vn 0.9828 -0.0724 -0.1701
vn 0.9345 -0.3132 -0.1694
vn 0.8127 -0.0101 -0.5826
vn 0.8150 -0.0596 -0.5764
vn 0.7801 -0.2604 -0.5689
vn 0.4516 -0.0058 -0.8922
vn 0.4549 -0.0335 -0.8899
vn 0.4550 -0.1403 -0.8794
vn -0.0446 0.0004 -0.9990
vn -0.0423 0.0023 -0.9991
vn -0.0350 0.0084 -0.9994
vn -0.0121 0.0001 -0.9999
vn -0.0117 0.0004 -0.9999
vn -0.0103 0.0019 -0.9999
vn 0.0114 -0.0002 -0.9999
vn 0.0100 -0.0011 -0.9999
vn 0.0067 -0.0030 -1.0000
vn 0.0013 0.0004 -1.0000
vn 0.0013 0.0032 -1.0000
vn 0.0013 0.0248 -0.9997
vn 0.0086 0.0004 -1.0000
vn 0.0083 0.0031 -1.0000
vn 0.0081 0.0244 -0.9997
vn 0.0479 0.0004 -0.9988
vn 0.0470 0.0031 -0.9989
vn 0.0430 0.0223 -0.9988
vn 0.0095 0.9759 -0.2178
vn 0.0608 0.9755 -0.2117
vn 0.2861 0.9360 -0.2052
vn 0.0074 0.7684 -0.6399
vn 0.0480 0.7760 -0.6289
vn 0.2348 0.7566 -0.6103
vn 0.0039 0.3881 -0.9216
vn 0.0252 0.3962 -0.9178
vn 0.1355 0.4054 -0.9040
vn -0.0595 -0.0126 0.9981
vn -0.1860 -0.0090 0.9825
vn -0.3791 -0.0056 0.9253
vn -0.0512 -0.0675 0.9964
vn -0.1686 -0.0529 0.9843
vn -0.3546 -0.0358 0.9343
vn -0.0365 -0.2126 0.9765
vn -0.1253 -0.1812 0.9754
vn -0.2775 -0.1486 0.9492
vn -0.0097 0.9836 0.1801
vn -0.0638 0.9645 0.2564
vn -0.2548 0.8224 0.5086
vn -0.0095 0.9685 0.2490
vn -0.0714 0.9411 0.3304
vn -0.2669 0.7736 0.5747
vn -0.0078 0.9271 0.3747
vn -0.0778 0.8885 0.4522
vn -0.2655 0.7146 0.6472
vn -0.5725 -0.0012 0.8199
vn -0.5659 -0.0087 0.8244
vn -0.5159 -0.0599 0.8546
vn -0.5567 -0.0012 0.8307
vn -0.5507 -0.0080 0.8347
vn -0.5048 -0.0546 0.8615
vn -0.5420 -0.0012 0.8404
vn -0.5358 -0.0080 0.8443
vn -0.4978 -0.0479 0.8660
vn 0.0011 0.9823 0.1874
vn 0.0007 0.9817 0.1904
vn 0.0005 0.9819 0.1895
vn -0.0014 0.9506 0.3103
vn 0.0001 0.9507 0.3101
vn 0.0013 0.9527 0.3040
vn -0.0061 0.8642 0.5031
vn -0.0011 0.8665 0.4992
vn 0.0024 0.8725 0.4885
vn -0.0001 -0.1401 0.9901
vn -0.0002 -0.1400 0.9902
vn -0.0004 -0.1395 0.9902
vn -0.0000 -0.2402 0.9707
vn -0.0001 -0.2401 0.9708
vn -0.0002 -0.2397 0.9708
vn -0.0001 -0.3488 0.9372
vn -0.0001 -0.3486 0.9373
vn -0.0008 -0.1375 0.9905
vn -0.0011 -0.1364 0.9907
vn -0.0015 -0.1357 0.9907
vn -0.0006 -0.2382 0.9712
vn -0.0009 -0.2371 0.9715
vn -0.0014 -0.2362 0.9717
vn -0.0004 -0.3477 0.9376
vn -0.0007 -0.3470 0.9379
vn -0.0012 -0.3462 0.9382
vn -0.0067 -0.1258 0.9920
vn -0.0133 -0.0996 0.9949
vn -0.0180 -0.0658 0.9977
vn -0.0057 -0.2231 0.9748
vn -0.0108 -0.1928 0.9812
vn -0.0145 -0.1518 0.9883
vn -0.0039 -0.3380 0.9412
vn -0.0070 -0.3203 0.9473
vn -0.0098 -0.2943 0.9557
vn -0.0000 -0.8391 -0.5441
vn 0.0031 0.9996 0.0266
vn 0.0014 0.9997 0.0235
vn 0.0004 0.9998 0.0222
vn 0.0032 0.9980 0.0637
vn 0.0015 0.9980 0.0633
vn 0.0004 0.9980 0.0632
vn 0.0030 0.9950 0.0995
vn 0.0014 0.9948 0.1020
vn 0.0004 0.9947 0.1032
vn -0.0000 -0.9563 0.2923
vn -0.0000 -0.9565 0.2917
vn -0.0000 -0.9567 0.2910
vn -0.0003 -0.7550 0.6557
vn -0.0003 -0.7566 0.6539
vn -0.0002 -0.7582 0.6521
vn -0.0009 -0.5556 0.8315
vn -0.0009 -0.5587 0.8294
vn -0.0007 -0.5620 0.8271
vn -0.0000 -0.9571 0.2899
vn -0.0000 -0.9572 0.2895
vn -0.0000 -0.9573 0.2892
vn -0.0001 -0.7608 0.6490
vn -0.0001 -0.7617 0.6480
vn -0.0001 -0.7623 0.6472
vn -0.0005 -0.5673 0.8235
vn -0.0003 -0.5691 0.8223
vn -0.0002 -0.5703 0.8214
vn -0.0000 -0.9573 0.2889
vn -0.0000 -0.7629 0.6465
vn -0.0000 -0.7631 0.6463
vn -0.0000 -0.7631 0.6462
vn -0.0001 -0.5716 0.8205
vn -0.0000 -0.5719 0.8203
vn -0.0041 -0.4452 0.8954
vn -0.0037 -0.4494 0.8933
vn -0.0032 -0.4537 0.8911
vn -0.0065 -0.4287 0.9034
vn -0.0059 -0.4332 0.9013
vn -0.0051 -0.4378 0.8991
vn -0.0092 -0.4125 0.9109
vn -0.0082 -0.4172 0.9088
vn -0.0070 -0.4220 0.9065
vn -0.0019 -0.4608 0.8875
vn -0.0014 -0.4631 0.8863
vn -0.0009 -0.4647 0.8855
vn -0.0030 -0.4453 0.8954
vn -0.0021 -0.4477 0.8942
vn -0.0014 -0.4494 0.8933
vn -0.0041 -0.4298 0.9029
vn -0.0029 -0.4324 0.9017
vn -0.0020 -0.4342 0.9008
vn -0.0003 -0.4665 0.8845
vn -0.0002 -0.4669 0.8843
vn -0.0001 -0.4670 0.8842
vn -0.0006 -0.4513 0.8924
vn -0.0003 -0.4518 0.8921
vn -0.0001 -0.4520 0.8920
vn -0.0008 -0.4362 0.8998
vn -0.0004 -0.4367 0.8996
vn -0.0002 -0.4370 0.8994
vn 0.0243 0.9966 0.0790
vn 0.0234 0.9973 0.0693
vn 0.0221 0.9979 0.0603
vn 0.1301 0.9840 0.1220
vn 0.1271 0.9893 0.0720
vn 0.1224 0.9922 0.0233
vn 0.4405 0.8649 0.2408
vn 0.4277 0.9008 0.0750
vn 0.4005 0.9125 -0.0833
vn -0.0191 0.8738 0.4859
vn -0.0265 0.8876 0.4599
vn -0.0346 0.9079 0.4177
vn -0.0052 0.9578 0.2875
vn -0.0072 0.9654 0.2606
vn -0.0095 0.9746 0.2239
vn 0.0024 0.9860 0.1666
vn 0.0029 0.9888 0.1490
vn 0.0027 0.9917 0.1285
vn 0.0048 0.9996 0.0266
vn 0.0054 0.9992 0.0406
vn 0.0053 0.9985 0.0546
vn 0.0035 0.9997 0.0262
vn 0.0039 0.9992 0.0401
vn 0.0039 0.9985 0.0539
vn 0.0023 0.9997 0.0254
vn 0.0026 0.9992 0.0389
vn 0.0025 0.9986 0.0523
vn -0.0000 -0.9997 -0.0236
vn 0.0098 1.0000 -0.0000
vn 0.0628 0.9980 -0.0000
vn 0.2975 0.9547 -0.0000
vn 0.9999 -0.0126 -0.0001
vn 0.9973 -0.0733 -0.0010
vn 0.9497 -0.3130 -0.0054
vn 0.9973 -0.0734 -0.0004
vn 0.9495 -0.3137 -0.0023
vn 0.9999 -0.0126 -0.0000
vn 0.9973 -0.0735 -0.0001
vn 0.9494 -0.3140 -0.0007
vn 0.1249 -0.0020 -0.9922
vn 0.1133 -0.0100 -0.9935
vn 0.0828 -0.0296 -0.9961
vn 0.3803 -0.0057 -0.9248
vn 0.3546 -0.0297 -0.9345
vn 0.2725 -0.0968 -0.9573
vn 0.8345 -0.0087 -0.5509
vn 0.8195 -0.0521 -0.5708
vn 0.7387 -0.2155 -0.6386
vn 0.0015 0.1360 -0.9907
vn 0.0086 0.1262 -0.9920
vn 0.0295 0.0942 -0.9951
vn 0.0047 0.4283 -0.9036
vn 0.0269 0.4031 -0.9148
vn 0.0966 0.3093 -0.9461
vn 0.0080 0.8739 -0.4860
vn 0.0514 0.8613 -0.5054
vn 0.2372 0.7707 -0.5915
vn -0.0000 0.8760 -0.4824
vn -0.0000 -0.9888 -0.1494
vn -0.0000 0.2925 -0.9563
vn -0.0000 0.2922 -0.9564
vn -0.0000 0.2921 -0.9564
vn 0.0001 0.7298 -0.6836
vn -0.0000 0.7287 -0.6849
vn -0.0000 0.7282 -0.6854
vn 0.0003 0.9772 -0.2122
vn 0.0001 0.9765 -0.2154
vn -0.0000 0.9762 -0.2168
vn -0.0000 0.2957 -0.9553
vn -0.0000 0.2938 -0.9559
vn 0.0002 0.7427 -0.6697
vn 0.0002 0.7389 -0.6738
vn 0.0002 0.7351 -0.6779
vn 0.0006 0.9843 -0.1767
vn 0.0007 0.9823 -0.1872
vn 0.0006 0.9803 -0.1976
vn -0.0000 0.2974 -0.9548
vn -0.0000 0.2973 -0.9548
vn -0.0000 0.2970 -0.9549
vn -0.0000 0.7495 -0.6620
vn 0.0001 0.7491 -0.6625
vn 0.0001 0.7479 -0.6638
vn 0.0001 0.9875 -0.1574
vn 0.0002 0.9873 -0.1587
vn 0.0004 0.9868 -0.1620
vn -0.3633 -0.0008 -0.9317
vn -0.3607 -0.0053 -0.9327
vn -0.3426 -0.0377 -0.9387
vn -0.7794 -0.0020 -0.6265
vn -0.7755 -0.0144 -0.6312
vn -0.7422 -0.1063 -0.6617
vn -0.9867 -0.0025 -0.1622
vn -0.9862 -0.0178 -0.1644
vn -0.9740 -0.1373 -0.1804
vn -0.0017 0.2919 -0.9564
vn -0.0114 0.2901 -0.9569
vn -0.0637 0.2754 -0.9592
vn -0.0047 0.7278 -0.6857
vn -0.0306 0.7252 -0.6879
vn -0.1621 0.6984 -0.6971
vn -0.0065 0.9760 -0.2178
vn -0.0422 0.9742 -0.2216
vn -0.2201 0.9464 -0.2365
vn -0.2941 0.0753 -0.9528
vn -0.3438 0.0207 -0.9388
vn -0.3601 0.0037 -0.9329
vn -0.6537 0.2198 -0.7242
vn -0.7477 0.0600 -0.6614
vn -0.7740 0.0111 -0.6331
vn -0.9204 0.3203 -0.2242
vn -0.9806 0.0787 -0.1795
vn -0.9862 0.0140 -0.1652
vn -0.0215 0.4331 0.9011
vn -0.0110 0.4344 0.9007
vn -0.0035 0.4357 0.9001
vn -0.0275 0.2425 0.9698
vn -0.0183 0.2401 0.9706
vn -0.0116 0.2330 0.9724
vn -0.0312 0.1333 0.9906
vn -0.0247 0.1307 0.9911
vn -0.0198 0.1220 0.9923
vn -0.0694 0.3610 0.9300
vn -0.0601 0.3993 0.9149
vn -0.0480 0.4194 0.9065
vn -0.0585 0.1581 0.9857
vn -0.0564 0.1952 0.9791
vn -0.0492 0.2220 0.9738
vn -0.0467 0.0625 0.9969
vn -0.0482 0.0894 0.9948
vn -0.0452 0.1124 0.9926
vn -0.0125 0.0722 0.9973
vn -0.0368 0.1061 0.9937
vn -0.0659 0.1955 0.9785
vn -0.0080 0.0204 0.9998
vn -0.0234 0.0363 0.9991
vn -0.0410 0.0694 0.9967
vn -0.0052 -0.0048 1.0000
vn -0.0152 0.0016 0.9999
vn -0.0279 0.0153 0.9995
vn -0.5548 0.1307 0.8217
vn -0.5686 0.0337 0.8219
vn -0.5720 0.0064 0.8202
vn -0.5400 0.1110 0.8343
vn -0.5518 0.0299 0.8334
vn -0.5552 0.0061 0.8317
vn -0.5248 0.0969 0.8457
vn -0.5345 0.0293 0.8447
vn -0.5384 0.0067 0.8427
vn -0.0170 0.4981 0.8670
vn -0.1180 0.4455 0.8875
vn -0.3043 0.3169 0.8983
vn -0.0331 0.1941 0.9804
vn -0.1450 0.1620 0.9761
vn -0.3387 0.1013 0.9354
vn -0.0473 0.0499 0.9976
vn -0.1647 0.0379 0.9856
vn -0.3585 0.0226 0.9333
vn 0.0014 -0.0596 -0.9982
vn 0.0013 -0.0130 -0.9999
vn 0.0013 -0.0022 -1.0000
vn 0.0086 -0.0591 -0.9982
vn 0.0084 -0.0128 -0.9999
vn 0.0086 -0.0022 -1.0000
vn 0.0449 -0.0564 -0.9974
vn 0.0474 -0.0129 -0.9988
vn 0.0480 -0.0022 -0.9988
vn -0.9280 0.3033 0.2166
vn -0.9726 0.0733 0.2207
vn -0.9756 0.0129 0.2194
vn -0.8039 0.2563 0.5367
vn -0.8364 0.0620 0.5447
vn -0.8400 0.0110 0.5425
vn -0.6548 0.1963 0.7299
vn -0.6768 0.0478 0.7346
vn -0.6808 0.0085 0.7324
vn 0.9762 0.1395 -0.1662
vn 0.9855 0.0178 -0.1688
vn 0.9848 0.0025 -0.1738
vn 0.8166 0.1158 -0.5654
vn 0.8182 0.0146 -0.5748
vn 0.8127 0.0020 -0.5827
vn 0.4718 0.0560 -0.8799
vn 0.4557 0.0080 -0.8901
vn 0.4514 0.0012 -0.8923
vn -0.0421 -0.0042 -0.9991
vn -0.0447 -0.0006 -0.9990
vn -0.0450 -0.0001 -0.9990
vn -0.0118 -0.0008 -0.9999
vn -0.0121 -0.0001 -0.9999
vn 0.0096 0.0019 -1.0000
vn 0.0114 0.0003 -0.9999
vn 0.9904 0.1379 -0.0000
vn 0.9998 0.0180 -0.0000
vn 1.0000 0.0025 -0.0000
vn 0.9904 0.1380 -0.0000
vn 0.1098 0.0177 -0.9938
vn 0.1252 0.0027 -0.9921
vn 0.1275 0.0004 -0.9918
vn 0.3462 0.0529 -0.9367
vn 0.3810 0.0076 -0.9246
vn 0.3855 0.0011 -0.9227
vn 0.8109 0.0983 -0.5768
vn 0.8343 0.0132 -0.5511
vn 0.8367 0.0018 -0.5476
vn 0.0003 0.9632 0.2688
vn 0.0009 0.9629 0.2698
vn 0.0017 0.9622 0.2722
vn 0.0001 0.9489 0.3155
vn 0.0003 0.9487 0.3160
vn 0.0005 0.9484 0.3170
vn -0.0008 0.8463 0.5327
vn -0.0025 0.8461 0.5330
vn -0.0047 0.8460 0.5332
vn 0.0206 0.8632 0.5044
vn 0.0105 0.7597 0.6501
vn -0.0116 0.5723 0.8199
vn 0.0113 0.8608 0.5089
vn -0.0009 0.7741 0.6330
vn -0.0256 0.6135 0.7893
vn -0.0103 0.7350 0.6780
vn -0.0219 0.6526 0.7574
vn -0.0416 0.5372 0.8424
vn -0.5577 -0.0000 0.8301
vn -0.5576 -0.0000 0.8301
vn -0.5434 -0.0000 0.8395
vn -0.5433 -0.0000 0.8396
vn -0.5432 -0.0000 0.8396
vn -0.0812 -0.0009 0.9967
vn -0.1981 -0.0002 0.9802
vn -0.3841 -0.0000 0.9233
vn -0.0763 -0.0011 0.9971
vn -0.1962 -0.0003 0.9806
vn -0.3843 -0.0000 0.9232
vn -0.0704 -0.0012 0.9975
vn -0.1937 -0.0003 0.9811
vn -0.3843 -0.0001 0.9232
vn 0.0505 -0.4425 0.8953
vn 0.1765 -0.4397 0.8806
vn 0.4080 -0.4181 0.8117
vn 0.0488 -0.5037 0.8625
vn 0.1697 -0.5070 0.8451
vn 0.3905 -0.4994 0.7734
vn 0.0398 -0.7048 0.7083
vn 0.1350 -0.7209 0.6798
vn 0.2997 -0.7424 0.5992
vn -0.0221 0.9979 0.0603
vn -0.0234 0.9973 0.0693
vn -0.0243 0.9966 0.0790
vn -0.1224 0.9922 0.0233
vn -0.1271 0.9893 0.0720
vn -0.1301 0.9840 0.1220
vn -0.4005 0.9125 -0.0833
vn -0.4277 0.9008 0.0750
vn -0.4405 0.8649 0.2408
vn 0.0072 0.9788 0.2045
vn 0.0171 0.9863 0.1644
vn 0.0224 0.9923 0.1216
vn 0.0301 0.7517 0.6589
vn 0.0828 0.8413 0.5341
vn 0.1185 0.9318 0.3430
vn 0.0418 0.1089 0.9932
vn 0.1455 0.2240 0.9637
vn 0.3105 0.4985 0.8093
vn -0.0051 0.9995 -0.0320
vn -0.0127 0.9999 -0.0032
vn -0.0174 0.9995 0.0282
vn -0.0196 0.9284 -0.3710
vn -0.0569 0.9555 -0.2893
vn -0.0915 0.9831 -0.1583
vn -0.0327 0.6644 -0.7466
vn -0.1093 0.7176 -0.6878
vn -0.2269 0.8176 -0.5293
vn 0.9191 -0.2267 0.3223
vn 0.9929 -0.1128 0.0387
vn 0.9629 0.0075 -0.2696
vn 0.8841 -0.3518 0.3076
vn 0.9667 -0.2532 0.0376
vn 0.9539 -0.1419 -0.2644
vn 0.6595 -0.7150 0.2321
vn 0.7333 -0.6792 0.0327
vn 0.7480 -0.6333 -0.1987
vn -0.0510 0.2973 -0.9534
vn -0.1814 0.2889 -0.9400
vn -0.4310 0.2521 -0.8664
vn -0.0523 0.2113 -0.9760
vn -0.1861 0.1957 -0.9628
vn -0.4423 0.1387 -0.8861
vn -0.0516 -0.2235 -0.9733
vn -0.1820 -0.2700 -0.9455
vn -0.4153 -0.3898 -0.8220
vn -0.9629 0.0075 -0.2696
vn -0.9929 -0.1128 0.0387
vn -0.9191 -0.2267 0.3223
vn -0.9539 -0.1419 -0.2643
vn -0.9667 -0.2532 0.0376
vn -0.8841 -0.3518 0.3076
vn -0.7480 -0.6333 -0.1987
vn -0.7333 -0.6792 0.0327
vn -0.6595 -0.7150 0.2321
vn -0.9313 0.2102 -0.2976
vn -0.9951 0.0843 0.0521
vn -0.9217 -0.0611 0.3830
vn -0.9481 0.0781 -0.3083
vn -0.9974 -0.0582 0.0425
vn -0.9110 -0.1905 0.3657
vn -0.9504 0.0520 -0.3065
vn -0.9956 -0.0843 0.0406
vn -0.9086 -0.2131 0.3591
vn -0.0427 0.3482 -0.9364
vn -0.1523 0.3522 -0.9234
vn -0.3697 0.3518 -0.8600
vn -0.0437 0.3206 -0.9462
vn -0.1565 0.3166 -0.9356
vn -0.3810 0.2940 -0.8766
vn -0.0444 0.3142 -0.9483
vn -0.1589 0.3087 -0.9378
vn -0.3863 0.2815 -0.8784
vn 0.9217 -0.0611 0.3830
vn 0.9951 0.0843 0.0521
vn 0.9313 0.2102 -0.2976
vn 0.9110 -0.1905 0.3657
vn 0.9974 -0.0582 0.0425
vn 0.9481 0.0781 -0.3083
vn 0.9086 -0.2131 0.3591
vn 0.9956 -0.0843 0.0406
vn 0.9504 0.0520 -0.3065
vn 0.0444 -0.3865 0.9212
vn 0.1567 -0.3755 0.9135
vn 0.3741 -0.3341 0.8651
vn 0.0445 -0.4191 0.9069
vn 0.1567 -0.4147 0.8963
vn 0.3714 -0.3920 0.8417
vn 0.0449 -0.4277 0.9028
vn 0.1581 -0.4244 0.8916
vn 0.3735 -0.4041 0.8350
vn -0.9548 0.0476 -0.2934
vn -0.9957 -0.0836 0.0403
vn -0.9141 -0.2088 0.3474
vn -0.9574 0.0453 -0.2853
vn -0.9958 -0.0825 0.0400
vn -0.9178 -0.2051 0.3400
vn -0.9596 0.0424 -0.2781
vn -0.9958 -0.0823 0.0396
vn -0.9209 -0.2023 0.3332
vn -0.0465 0.3130 -0.9486
vn -0.1660 0.3070 -0.9371
vn -0.4003 0.2783 -0.8731
vn -0.0479 0.3129 -0.9486
vn -0.1706 0.3067 -0.9364
vn -0.4094 0.2769 -0.8693
vn -0.0492 0.3129 -0.9485
vn -0.1750 0.3063 -0.9357
vn -0.4179 0.2752 -0.8658
vn 0.9141 -0.2088 0.3474
vn 0.9957 -0.0836 0.0403
vn 0.9548 0.0476 -0.2934
vn 0.9178 -0.2051 0.3400
vn 0.9958 -0.0825 0.0400
vn 0.9574 0.0453 -0.2853
vn 0.9209 -0.2023 0.3332
vn 0.9958 -0.0823 0.0396
vn 0.9596 0.0424 -0.2781
vn 0.0468 -0.4309 0.9012
vn 0.1645 -0.4271 0.8891
vn 0.3859 -0.4050 0.8289
vn 0.0481 -0.4311 0.9010
vn 0.1688 -0.4271 0.8883
vn 0.3942 -0.4038 0.8256
vn 0.0493 -0.4310 0.9010
vn 0.1728 -0.4268 0.8877
vn 0.4019 -0.4027 0.8224
vn -0.0018 0.0009 1.0000
vn -0.0053 -0.0013 1.0000
vn -0.0102 -0.0066 0.9999
vn -0.0020 0.1312 0.9913
vn -0.0059 0.1259 0.9920
vn -0.0114 0.1128 0.9935
vn -0.0015 0.5237 0.8519
vn -0.0047 0.5180 0.8554
vn -0.0091 0.5030 0.8642
vn -0.0193 -0.0300 0.9994
vn -0.0221 -0.0449 0.9987
vn -0.0240 -0.0562 0.9981
vn -0.0217 0.0529 0.9984
vn -0.0242 0.0116 0.9996
vn -0.0253 -0.0258 0.9993
vn -0.0176 0.4265 0.9043
vn -0.0189 0.3628 0.9317
vn -0.0180 0.2896 0.9570
vn -0.0262 -0.0525 0.9983
vn -0.0275 -0.0372 0.9989
vn -0.0295 -0.0187 0.9994
vn -0.0245 -0.0531 0.9983
vn -0.0246 -0.0399 0.9989
vn -0.0263 -0.0202 0.9994
vn -0.0134 0.1631 0.9865
vn -0.0144 0.1229 0.9923
vn -0.0190 0.0898 0.9958
vn -0.0458 -0.0245 0.9986
vn -0.0523 -0.0196 0.9984
vn -0.0590 -0.0153 0.9981
vn -0.0333 -0.0264 0.9991
vn -0.0397 -0.0218 0.9990
vn -0.0480 -0.0180 0.9987
vn -0.0215 -0.0298 0.9993
vn -0.0284 -0.0255 0.9993
vn -0.0386 -0.0216 0.9990
vn -0.0257 -0.0414 0.9988
vn -0.0303 -0.0382 0.9988
vn -0.0348 -0.0342 0.9988
vn -0.0196 -0.0428 0.9989
vn -0.0229 -0.0396 0.9990
vn -0.0258 -0.0357 0.9990
vn -0.0136 -0.0454 0.9989
vn -0.0155 -0.0423 0.9990
vn -0.0169 -0.0385 0.9991
vn -0.0024 -0.0466 0.9989
vn -0.0071 -0.0463 0.9989
vn -0.0134 -0.0454 0.9989
vn -0.0018 -0.0478 0.9989
vn -0.0054 -0.0475 0.9989
vn -0.0103 -0.0467 0.9989
vn -0.0013 -0.0503 0.9987
vn -0.0038 -0.0499 0.9987
vn -0.0072 -0.0492 0.9988
vn -0.0348 -0.0496 0.9982
vn -0.0208 -0.0704 0.9973
vn -0.0082 -0.0823 0.9966
vn -0.0381 -0.0440 0.9983
vn -0.0210 -0.0581 0.9981
vn -0.0079 -0.0652 0.9978
vn -0.0356 -0.0355 0.9987
vn -0.0196 -0.0440 0.9988
vn -0.0086 -0.0487 0.9988
vn -0.0637 -0.0091 0.9979
vn -0.0610 -0.0132 0.9980
vn -0.0565 -0.0190 0.9982
vn -0.0687 -0.0095 0.9976
vn -0.0658 -0.0136 0.9977
vn -0.0617 -0.0194 0.9979
vn -0.0693 -0.0103 0.9975
vn -0.0641 -0.0139 0.9978
vn -0.0594 -0.0187 0.9981
vn 0.0045 0.9577 0.2876
vn 0.0080 0.9513 0.3083
vn 0.0131 0.9381 0.3460
vn 0.0020 0.9459 0.3245
vn 0.0046 0.9408 0.3389
vn 0.0083 0.9293 0.3693
vn -0.0081 0.8440 0.5363
vn -0.0079 0.8375 0.5464
vn -0.0069 0.8213 0.5704
vn -0.0017 -0.0853 0.9964
vn -0.0018 -0.0864 0.9963
vn -0.0017 -0.0878 0.9961
vn -0.0026 -0.0689 0.9976
vn -0.0029 -0.0709 0.9975
vn -0.0028 -0.0730 0.9973
vn -0.0050 -0.0544 0.9985
vn -0.0052 -0.0573 0.9983
vn -0.0049 -0.0598 0.9982
vn -0.0601 0.1252 0.9903
vn -0.0683 0.0339 0.9971
vn -0.0678 0.0057 0.9977
vn -0.0764 0.1374 0.9876
vn -0.0804 0.0320 0.9962
vn -0.0762 0.0042 0.9971
vn -0.0882 0.1233 0.9884
vn -0.0881 0.0253 0.9958
vn -0.0818 0.0012 0.9967
vn -0.0032 0.1627 0.9867
vn -0.0096 0.1630 0.9866
vn -0.0183 0.1641 0.9863
vn -0.0034 -0.0051 1.0000
vn -0.0100 -0.0047 0.9999
vn -0.0190 -0.0037 0.9998
vn -0.0032 -0.0395 0.9992
vn -0.0095 -0.0391 0.9992
vn -0.0180 -0.0382 0.9991
vn -0.0347 0.1685 0.9851
vn -0.0408 0.1696 0.9847
vn -0.0465 0.1669 0.9849
vn -0.0365 0.0009 0.9993
vn -0.0433 0.0042 0.9991
vn -0.0502 0.0074 0.9987
vn -0.0346 -0.0339 0.9988
vn -0.0412 -0.0304 0.9987
vn -0.0479 -0.0263 0.9985
vn -0.0606 0.1427 0.9879
vn -0.0686 0.1220 0.9902
vn -0.0772 0.0996 0.9920
vn -0.0668 0.0112 0.9977
vn -0.0749 0.0117 0.9971
vn -0.0822 0.0128 0.9965
vn -0.0643 -0.0169 0.9978
vn -0.0720 -0.0121 0.9973
vn -0.0783 -0.0074 0.9969
vn 0.3862 -0.0000 -0.9224
vn -0.0761 0.0051 0.9971
vn -0.1870 0.0032 0.9824
vn -0.3743 0.0017 0.9273
vn -0.0810 0.0027 0.9967
vn -0.1932 0.0019 0.9812
vn -0.3787 0.0010 0.9255
vn -0.0837 0.0007 0.9965
vn -0.1972 0.0005 0.9804
vn -0.3820 0.0003 0.9242
vn -0.5734 -0.0000 0.8192
vn -0.5576 0.0001 0.8301
vn -0.5432 0.0002 0.8396
vn -0.5434 0.0001 0.8395
vn -0.5435 -0.0000 0.8394
vn -0.0323 0.0533 0.9981
vn -0.0311 0.0556 0.9980
vn -0.0298 0.0536 0.9981
vn -0.0307 0.0346 0.9989
vn -0.0314 0.0392 0.9987
vn -0.0317 0.0405 0.9987
vn -0.0287 0.0145 0.9995
vn -0.0305 0.0217 0.9993
vn -0.0320 0.0268 0.9991
vn -0.0286 0.0058 0.9996
vn -0.0318 0.0204 0.9993
vn -0.0332 0.0347 0.9988
vn -0.0224 -0.0046 0.9997
vn -0.0256 0.0060 0.9997
vn -0.0279 0.0171 0.9995
vn -0.0186 -0.0151 0.9997
vn -0.0217 -0.0089 0.9997
vn -0.0243 -0.0016 0.9997
vn -0.0028 -0.0210 0.9998
vn -0.0082 -0.0192 0.9998
vn -0.0155 -0.0147 0.9998
vn -0.0021 -0.0236 0.9997
vn -0.0063 -0.0223 0.9997
vn -0.0119 -0.0192 0.9997
vn -0.0017 -0.0252 0.9997
vn -0.0051 -0.0245 0.9997
vn -0.0098 -0.0229 0.9997
vn -0.5731 0.0001 0.8195
vn -0.5732 -0.0000 0.8194
vn -0.5733 -0.0000 0.8194
vn -0.5567 0.0002 0.8307
vn -0.5570 0.0002 0.8305
vn -0.5572 0.0002 0.8304
vn -0.5409 0.0007 0.8411
vn -0.5416 0.0005 0.8406
vn -0.5423 0.0005 0.8402
vn -0.0616 0.0062 0.9981
vn -0.1785 0.0030 0.9839
vn -0.3697 0.0020 0.9292
vn -0.0662 0.0049 0.9978
vn -0.1808 0.0019 0.9835
vn -0.3710 0.0012 0.9287
vn -0.0693 0.0041 0.9976
vn -0.1813 0.0014 0.9834
vn -0.3709 0.0009 0.9287
vn 0.0006 0.9967 0.0816
vn 0.0017 0.9967 0.0810
vn 0.0032 0.9969 0.0790
vn 0.0005 0.9967 0.0812
vn 0.0014 0.9968 0.0800
vn 0.0024 0.9970 0.0773
vn 0.0004 0.9967 0.0808
vn 0.0012 0.9969 0.0787
vn 0.0019 0.9971 0.0754
vn -0.0010 0.9957 0.0922
vn -0.0166 0.9903 0.1379
vn -0.0543 0.9638 0.2610
vn -0.0014 0.9968 0.0796
vn -0.0141 0.9949 0.1001
vn -0.0386 0.9878 0.1507
vn -0.0002 0.9974 0.0722
vn -0.0065 0.9970 0.0778
vn -0.0180 0.9954 0.0943
vn -0.0047 -1.0000 -0.0030
vn -0.0050 -1.0000 -0.0018
vn -0.0050 -1.0000 -0.0006
vn -0.0288 -0.9996 -0.0079
vn -0.0308 -0.9995 -0.0007
vn -0.0306 -0.9995 0.0067
vn -0.1136 -0.9932 -0.0262
vn -0.1196 -0.9928 0.0019
vn -0.1155 -0.9929 0.0296
vn -0.0503 -0.3608 -0.9313
vn -0.1759 -0.3833 -0.9067
vn -0.4027 -0.4330 -0.8064
vn -0.0498 -0.3824 -0.9226
vn -0.1743 -0.4048 -0.8976
vn -0.3989 -0.4532 -0.7972
vn -0.0468 -0.4971 -0.8664
vn -0.1635 -0.5197 -0.8385
vn -0.3726 -0.5636 -0.7372
vn -0.8332 -0.5021 -0.2318
vn -0.8655 -0.4999 0.0330
vn -0.8211 -0.4943 0.2854
vn -0.8254 -0.5160 -0.2291
vn -0.8577 -0.5131 0.0326
vn -0.8133 -0.5088 0.2821
vn -0.7698 -0.6023 -0.2113
vn -0.8018 -0.5968 0.0300
vn -0.7587 -0.5974 0.2599
vn -0.0174 -0.9998 -0.0061
vn -0.0178 -0.9998 -0.0010
vn -0.0173 -0.9998 0.0039
vn -0.0960 -0.9950 -0.0264
vn -0.0987 -0.9951 0.0023
vn -0.0959 -0.9949 0.0302
vn -0.2844 -0.9555 -0.0777
vn -0.2934 -0.9559 0.0101
vn -0.2837 -0.9542 0.0951
vn -0.0013 -0.9996 -0.0284
vn -0.0048 -0.9996 -0.0275
vn -0.0106 -0.9997 -0.0225
vn -0.0076 -0.9887 -0.1494
vn -0.0263 -0.9895 -0.1424
vn -0.0570 -0.9918 -0.1143
vn -0.0222 -0.9055 -0.4237
vn -0.0762 -0.9122 -0.4025
vn -0.1640 -0.9305 -0.3274
vn -0.0003 -1.0000 -0.0067
vn -0.0010 -1.0000 -0.0067
vn -0.0025 -1.0000 -0.0060
vn -0.0018 -0.9995 -0.0310
vn -0.0064 -0.9995 -0.0304
vn -0.0148 -0.9996 -0.0259
vn -0.0071 -0.9930 -0.1176
vn -0.0256 -0.9930 -0.1150
vn -0.0589 -0.9935 -0.0973
vn 0.0003 -1.0000 0.0029
vn 0.0010 -1.0000 0.0025
vn 0.0021 -1.0000 0.0018
vn 0.0002 -1.0000 0.0006
vn 0.0005 -1.0000 0.0004
vn 0.0011 -1.0000 -0.0000
vn 0.0001 -1.0000 -0.0006
vn 0.0003 -1.0000 -0.0007
vn 0.0007 -1.0000 -0.0009
vn 0.0048 -1.0000 -0.0007
vn 0.0057 -1.0000 -0.0022
vn 0.0060 -1.0000 -0.0039
vn 0.0026 -1.0000 -0.0014
vn 0.0031 -1.0000 -0.0022
vn 0.0033 -1.0000 -0.0031
vn 0.0016 -1.0000 -0.0017
vn 0.0019 -1.0000 -0.0022
vn 0.0020 -1.0000 -0.0027
vn 0.6906 -0.7023 0.1727
vn 0.7381 -0.6737 -0.0380
vn 0.7201 -0.6466 -0.2518
vn 0.1717 -0.9839 0.0503
vn 0.2008 -0.9796 -0.0050
vn 0.2087 -0.9755 -0.0693
vn 0.0371 -0.9993 0.0092
vn 0.0437 -0.9990 -0.0026
vn 0.0460 -0.9988 -0.0165
vn 0.0412 -0.6603 0.7499
vn 0.1421 -0.6823 0.7171
vn 0.3218 -0.7147 0.6210
vn 0.0103 -0.9835 0.1807
vn 0.0333 -0.9856 0.1655
vn 0.0702 -0.9878 0.1390
vn 0.0022 -0.9993 0.0375
vn 0.0073 -0.9994 0.0342
vn 0.0153 -0.9995 0.0283
vn -0.0006 1.0000 0.0057
vn -0.0005 1.0000 0.0021
vn -0.0006 1.0000 -0.0014
vn -0.0022 1.0000 0.0058
vn -0.0020 1.0000 0.0022
vn -0.0022 1.0000 -0.0014
vn -0.0057 1.0000 0.0058
vn -0.0056 1.0000 0.0023
vn -0.0056 1.0000 -0.0013
vn -0.0368 0.8146 -0.5788
vn -0.1343 0.8034 -0.5801
vn -0.3034 0.8074 -0.5061
vn -0.0072 0.9939 -0.1099
vn -0.0280 0.9932 -0.1133
vn -0.0708 0.9920 -0.1044
vn -0.0020 0.9996 -0.0280
vn -0.0076 0.9996 -0.0286
vn -0.0195 0.9994 -0.0269
vn -0.5634 0.8152 -0.1344
vn -0.5928 0.8050 0.0216
vn -0.5628 0.8084 0.1727
vn -0.1550 0.9875 -0.0282
vn -0.1643 0.9864 0.0078
vn -0.1567 0.9867 0.0428
vn -0.0430 0.9991 -0.0066
vn -0.0445 0.9990 0.0036
vn -0.0435 0.9990 0.0136
vn -0.6794 -0.7087 -0.1900
vn -0.7062 -0.7075 0.0264
vn -0.6733 -0.7014 0.2340
vn -0.7689 -0.6023 -0.2147
vn -0.7990 -0.6006 0.0302
vn -0.7596 -0.5942 0.2644
vn -0.8104 -0.5405 -0.2260
vn -0.8419 -0.5387 0.0320
vn -0.7995 -0.5324 0.2782
vn -0.0450 -0.5518 -0.8328
vn -0.1553 -0.5770 -0.8018
vn -0.3459 -0.6323 -0.6932
vn -0.0483 -0.4451 -0.8942
vn -0.1680 -0.4700 -0.8665
vn -0.3799 -0.5249 -0.7616
vn -0.0497 -0.3897 -0.9196
vn -0.1734 -0.4135 -0.8939
vn -0.3950 -0.4660 -0.7917
vn -0.0125 -0.9740 -0.2261
vn -0.0393 -0.9788 -0.2008
vn -0.0759 -0.9853 -0.1527
vn -0.0048 -0.9961 -0.0878
vn -0.0150 -0.9968 -0.0779
vn -0.0290 -0.9978 -0.0598
vn -0.0013 -0.9997 -0.0249
vn -0.0040 -0.9998 -0.0218
vn -0.0075 -0.9998 -0.0169
vn -0.1314 -0.9906 -0.0381
vn -0.1348 -0.9909 0.0043
vn -0.1261 -0.9911 0.0436
vn -0.0521 -0.9985 -0.0165
vn -0.0543 -0.9985 0.0005
vn -0.0512 -0.9986 0.0167
vn -0.0142 -0.9999 -0.0059
vn -0.0149 -0.9999 -0.0011
vn -0.0141 -0.9999 0.0035
vn 0.0546 0.0007 0.9985
vn 0.1919 0.0204 0.9812
vn 0.4450 0.0694 0.8929
vn 0.0542 0.1286 0.9902
vn 0.1906 0.1503 0.9701
vn 0.4405 0.2021 0.8747
vn 0.0543 0.1482 0.9875
vn 0.1909 0.1698 0.9668
vn 0.4407 0.2208 0.8701
vn 0.9435 0.2008 0.2634
vn 0.9767 0.2113 -0.0378
vn 0.9274 0.1861 -0.3245
vn 0.9168 0.3096 0.2524
vn 0.9486 0.3144 -0.0362
vn 0.9025 0.2977 -0.3112
vn 0.9135 0.3213 0.2498
vn 0.9450 0.3250 -0.0358
vn 0.8994 0.3101 -0.3081
vn -0.6027 -0.7844 -0.1466
vn -0.6299 -0.7764 0.0197
vn -0.5928 -0.7856 0.1773
vn -0.8719 -0.4400 -0.2148
vn -0.9030 -0.4287 0.0298
vn -0.8577 -0.4421 0.2626
vn -0.9707 -0.0392 -0.2372
vn -0.9988 -0.0353 0.0338
vn -0.9554 -0.0415 0.2924
vn -0.0397 -0.7695 -0.6374
vn -0.1387 -0.7735 -0.6184
vn -0.3089 -0.7888 -0.5314
vn -0.0564 -0.4341 -0.8991
vn -0.1957 -0.4395 -0.8767
vn -0.4380 -0.4565 -0.7745
vn -0.0626 -0.0690 -0.9956
vn -0.2173 -0.0673 -0.9738
vn -0.4900 -0.0630 -0.8695
vn -0.3289 0.9413 -0.0763
vn -0.3427 0.9394 0.0136
vn -0.3289 0.9390 0.1007
vn -0.4161 0.9041 -0.0972
vn -0.4332 0.9012 0.0166
vn -0.4158 0.9006 0.1267
vn -0.5623 0.8164 -0.1317
vn -0.5837 0.8117 0.0215
vn -0.5603 0.8108 0.1695
vn -0.0268 0.9042 -0.4263
vn -0.0882 0.9154 -0.3929
vn -0.1819 0.9323 -0.3126
vn -0.0331 0.8484 -0.5282
vn -0.1097 0.8653 -0.4891
vn -0.2280 0.8908 -0.3932
vn -0.0427 0.7299 -0.6822
vn -0.1433 0.7551 -0.6398
vn -0.3040 0.7946 -0.5256
vn -0.0544 0.4989 -0.8650
vn -0.1871 0.5177 -0.8349
vn -0.4099 0.5619 -0.7185
vn -0.0398 0.7693 -0.6376
vn -0.1356 0.7841 -0.6056
vn -0.2891 0.8174 -0.4983
vn -0.0278 0.8948 -0.4457
vn -0.0932 0.9045 -0.4162
vn -0.1952 0.9225 -0.3332
vn -0.7695 0.6111 -0.1856
vn -0.7938 0.6075 0.0280
vn -0.7606 0.6061 0.2327
vn -0.5140 0.8493 -0.1206
vn -0.5314 0.8469 0.0197
vn -0.5110 0.8455 0.1551
vn -0.3451 0.9352 -0.0792
vn -0.3581 0.9336 0.0141
vn -0.3445 0.9329 0.1044
vn -0.8993 0.3821 -0.2126
vn -0.9258 0.3766 0.0322
vn -0.8878 0.3752 0.2666
vn -0.9559 0.1859 -0.2276
vn -0.9826 0.1826 0.0336
vn -0.9417 0.1817 0.2832
vn -0.9701 0.0709 -0.2320
vn -0.9970 0.0694 0.0338
vn -0.9553 0.0687 0.2877
vn -0.0594 0.2996 -0.9522
vn -0.2068 0.3195 -0.9247
vn -0.4656 0.3565 -0.8100
vn -0.0617 0.1432 -0.9878
vn -0.2157 0.1531 -0.9644
vn -0.4896 0.1721 -0.8548
vn -0.0623 0.0552 -0.9965
vn -0.2179 0.0589 -0.9742
vn -0.4951 0.0660 -0.8663
vn -0.4692 0.3470 0.8120
vn -0.2140 0.3142 0.9249
vn -0.0626 0.2954 0.9533
vn -0.4924 0.1657 0.8545
vn -0.2230 0.1486 0.9634
vn -0.0650 0.1394 0.9881
vn -0.4977 0.0618 0.8652
vn -0.2252 0.0551 0.9728
vn -0.0656 0.0516 0.9965
vn -0.4122 0.5580 0.7203
vn -0.1928 0.5172 0.8338
vn -0.0571 0.4994 0.8645
vn -0.2923 0.8130 0.5036
vn -0.1402 0.7822 0.6071
vn -0.0418 0.7681 0.6389
vn -0.1987 0.9190 0.3406
vn -0.0968 0.9023 0.4201
vn -0.0293 0.8930 0.4491
vn -0.1859 0.9286 0.3211
vn -0.0916 0.9130 0.3975
vn -0.0282 0.9023 0.4301
vn -0.2327 0.8854 0.4024
vn -0.1139 0.8621 0.4937
vn -0.0349 0.8460 0.5320
vn -0.3094 0.7863 0.5347
vn -0.1487 0.7506 0.6438
vn -0.0450 0.7266 0.6856
vn -0.3060 -0.7985 0.5184
vn -0.1404 -0.7882 0.5992
vn -0.0407 -0.7859 0.6171
vn -0.4373 -0.4697 0.7669
vn -0.2003 -0.4577 0.8662
vn -0.0588 -0.4542 0.8890
vn -0.4917 -0.0706 0.8679
vn -0.2240 -0.0766 0.9716
vn -0.0658 -0.0789 0.9947
vn 0.4472 0.0445 -0.8933
vn 0.1982 -0.0040 -0.9802
vn 0.0574 -0.0237 -0.9981
vn 0.4442 0.1846 -0.8767
vn 0.1976 0.1347 -0.9710
vn 0.0572 0.1134 -0.9919
vn 0.4445 0.2051 -0.8720
vn 0.1979 0.1563 -0.9677
vn 0.0573 0.1352 -0.9892
vn -0.0671 -0.9888 0.1330
vn -0.0338 -0.9855 0.1664
vn -0.0106 -0.9829 0.1836
vn -0.0277 -0.9982 0.0539
vn -0.0142 -0.9975 0.0686
vn -0.0046 -0.9970 0.0767
vn -0.0074 -0.9999 0.0134
vn -0.0040 -0.9998 0.0176
vn -0.0013 -0.9998 0.0204
vn -0.3502 -0.6270 0.6959
vn -0.1611 -0.5763 0.8012
vn -0.0474 -0.5525 0.8322
vn -0.3839 -0.5192 0.7636
vn -0.1742 -0.4692 0.8658
vn -0.0509 -0.4456 0.8938
vn -0.3987 -0.4602 0.7933
vn -0.1796 -0.4126 0.8930
vn -0.0523 -0.3901 0.9193
vn -0.3072 0.8014 0.5131
vn -0.1397 0.7993 0.5845
vn -0.0389 0.8116 0.5829
vn -0.0736 0.9910 0.1119
vn -0.0295 0.9925 0.1188
vn -0.0076 0.9934 0.1145
vn -0.0203 0.9993 0.0321
vn -0.0080 0.9994 0.0332
vn -0.0021 0.9995 0.0323
vn 0.3816 -0.5311 -0.7565
vn 0.1732 -0.4632 -0.8692
vn 0.0507 -0.4307 -0.9011
vn 0.1376 -0.9546 -0.2640
vn 0.0754 -0.9317 -0.3552
vn 0.0247 -0.9138 -0.4054
vn 0.0319 -0.9976 -0.0619
vn 0.0183 -0.9961 -0.0859
vn 0.0062 -0.9949 -0.1009
vn 0.0044 -0.9999 -0.0101
vn 0.0025 -0.9999 -0.0134
vn 0.0008 -0.9999 -0.0153
vn 0.0024 -1.0000 -0.0065
vn 0.0014 -1.0000 -0.0083
vn 0.0005 -1.0000 -0.0093
vn 0.0015 -1.0000 -0.0048
vn 0.0008 -1.0000 -0.0058
vn 0.0003 -1.0000 -0.0064
vn -0.0034 -1.0000 0.0037
vn -0.0016 -1.0000 0.0053
vn -0.0005 -1.0000 0.0055
vn -0.0188 -0.9994 0.0289
vn -0.0089 -0.9993 0.0363
vn -0.0025 -0.9993 0.0379
vn -0.0637 -0.9929 0.1004
vn -0.0289 -0.9923 0.1201
vn -0.0082 -0.9922 0.1242
vn -0.0108 -0.9998 0.0192
vn -0.0050 -0.9997 0.0241
vn -0.0014 -0.9997 0.0250
vn -0.0582 -0.9920 0.1121
vn -0.0276 -0.9899 0.1394
vn -0.0080 -0.9892 0.1463
vn -0.1672 -0.9299 0.3277
vn -0.0796 -0.9128 0.4005
vn -0.0235 -0.9065 0.4215
vn -0.4062 -0.4279 0.8074
vn -0.1822 -0.3831 0.9056
vn -0.0530 -0.3617 0.9308
vn -0.4022 -0.4496 0.7976
vn -0.1804 -0.4064 0.8957
vn -0.0525 -0.3853 0.9213
vn -0.3749 -0.5652 0.7348
vn -0.1687 -0.5278 0.8324
vn -0.0491 -0.5068 0.8607
vn -0.0954 0.6873 0.7201
vn -0.0605 0.4973 0.8655
vn -0.0209 0.3954 0.9183
vn -0.0724 0.8777 0.4737
vn -0.0484 0.7706 0.6355
vn -0.0180 0.6984 0.7154
vn -0.0345 0.9717 0.2338
vn -0.0223 0.9450 0.3263
vn -0.0079 0.9289 0.3703
vn -0.3859 -0.4050 0.8289
vn -0.1645 -0.4271 0.8891
vn -0.0468 -0.4309 0.9012
vn -0.3942 -0.4038 0.8256
vn -0.1688 -0.4271 0.8883
vn -0.0481 -0.4311 0.9010
vn -0.4019 -0.4027 0.8224
vn -0.1728 -0.4268 0.8877
vn -0.0493 -0.4310 0.9010
vn 0.4003 0.2783 -0.8731
vn 0.1660 0.3070 -0.9371
vn 0.0465 0.3130 -0.9486
vn 0.4094 0.2769 -0.8693
vn 0.1706 0.3067 -0.9364
vn 0.0479 0.3129 -0.9486
vn 0.4179 0.2752 -0.8658
vn 0.1750 0.3063 -0.9357
vn 0.0492 0.3129 -0.9485
vn -0.3741 -0.3341 0.8651
vn -0.1567 -0.3754 0.9135
vn -0.0444 -0.3865 0.9212
vn -0.3714 -0.3920 0.8417
vn -0.1567 -0.4147 0.8963
vn -0.0445 -0.4191 0.9069
vn -0.3735 -0.4041 0.8350
vn -0.1581 -0.4244 0.8916
vn -0.0449 -0.4277 0.9028
vn 0.3697 0.3518 -0.8600
vn 0.1523 0.3522 -0.9234
vn 0.0427 0.3482 -0.9364
vn 0.3810 0.2940 -0.8766
vn 0.1565 0.3166 -0.9356
vn 0.0437 0.3206 -0.9462
vn 0.3863 0.2815 -0.8784
vn 0.1589 0.3087 -0.9378
vn 0.0444 0.3142 -0.9483
vn 0.4310 0.2521 -0.8664
vn 0.1814 0.2889 -0.9400
vn 0.0510 0.2973 -0.9534
vn 0.4423 0.1387 -0.8861
vn 0.1861 0.1957 -0.9628
vn 0.0523 0.2113 -0.9760
vn 0.4153 -0.3898 -0.8220
vn 0.1820 -0.2700 -0.9455
vn 0.0516 -0.2235 -0.9733
vn 0.0174 0.9995 0.0282
vn 0.0127 0.9999 -0.0032
vn 0.0051 0.9995 -0.0320
vn 0.0915 0.9831 -0.1583
vn 0.0569 0.9555 -0.2893
vn 0.0196 0.9284 -0.3711
vn 0.2269 0.8175 -0.5293
vn 0.1093 0.7176 -0.6879
vn 0.0327 0.6644 -0.7466
vn -0.0224 0.9923 0.1216
vn -0.0171 0.9863 0.1644
vn -0.0072 0.9788 0.2046
vn -0.1185 0.9318 0.3430
vn -0.0828 0.8413 0.5341
vn -0.0301 0.7517 0.6589
vn -0.3105 0.4985 0.8093
vn -0.1455 0.2240 0.9637
vn -0.0418 0.1089 0.9932
vn -0.4080 -0.4181 0.8117
vn -0.1765 -0.4397 0.8806
vn -0.0505 -0.4425 0.8953
vn -0.3905 -0.4994 0.7733
vn -0.1697 -0.5070 0.8451
vn -0.0488 -0.5037 0.8625
vn -0.2997 -0.7424 0.5992
vn -0.1350 -0.7209 0.6798
vn -0.0398 -0.7048 0.7083
vn -0.0009 -0.0902 0.9959
vn -0.0005 -0.0907 0.9959
vn -0.0002 -0.0909 0.9959
vn -0.0016 -0.0758 0.9971
vn -0.0008 -0.0764 0.9971
vn -0.0003 -0.0767 0.9971
vn -0.0027 -0.0631 0.9980
vn -0.0014 -0.0638 0.9980
vn -0.0005 -0.0641 0.9979
vn -0.0000 -0.7835 -0.6214
vn 0.0030 0.9972 0.0742
vn 0.0016 0.9969 0.0785
vn 0.0005 0.9968 0.0803
vn 0.0022 0.9973 0.0731
vn 0.0012 0.9970 0.0773
vn 0.0004 0.9969 0.0791
vn 0.0014 0.9975 0.0709
vn 0.0007 0.9972 0.0750
vn 0.0002 0.9971 0.0767
vn -0.0000 -0.4372 0.8993
vn -0.0000 -0.8391 -0.5440
vn -0.0278 0.0398 0.9988
vn -0.0276 0.0300 0.9992
vn -0.0278 0.0202 0.9994
vn -0.0320 0.0331 0.9989
vn -0.0326 0.0255 0.9991
vn -0.0333 0.0172 0.9993
vn -0.0349 0.0266 0.9990
vn -0.0365 0.0212 0.9991
vn -0.0377 0.0145 0.9992
vn -0.0424 0.0566 0.9975
vn -0.0429 0.0312 0.9986
vn -0.0443 0.0158 0.9989
vn -0.0511 0.0227 0.9984
vn -0.0492 0.0148 0.9987
vn -0.0489 0.0085 0.9988
vn -0.0550 0.0047 0.9985
vn -0.0527 0.0033 0.9986
vn -0.0517 0.0020 0.9987
vn -0.0380 0.0025 0.9993
vn -0.0362 0.0057 0.9993
vn -0.0392 0.0079 0.9992
vn -0.0401 0.0120 0.9991
vn -0.0378 0.0190 0.9991
vn -0.0328 0.0435 0.9985
vn -0.0348 0.0009 0.9994
vn -0.0518 -0.0072 0.9986
vn -0.0491 -0.0054 0.9988
vn -0.0478 -0.0035 0.9988
vn -0.0454 -0.0097 0.9989
vn -0.0425 -0.0070 0.9991
vn -0.0413 -0.0045 0.9991
vn -0.0363 -0.0119 0.9993
vn -0.0341 -0.0081 0.9994
vn -0.0335 -0.0050 0.9994
vn 0.0040 0.4489 0.8936
vn 0.0061 0.4635 0.8861
vn 0.0078 0.4816 0.8764
vn -0.0051 0.2164 0.9763
vn -0.0037 0.2105 0.9776
vn -0.0027 0.2067 0.9784
vn -0.0148 0.0963 0.9952
vn -0.0139 0.0828 0.9965
vn -0.0137 0.0703 0.9974
vn -0.0000 0.7280 -0.6856
vn -0.1083 -0.3491 -0.9308
vn -0.0230 -0.3964 -0.9178
vn -0.0036 -0.4049 -0.9143
vn -0.2382 -0.7499 -0.6172
vn -0.0533 -0.8124 -0.5806
vn -0.0086 -0.8219 -0.5695
vn -0.2989 -0.9365 -0.1834
vn -0.0652 -0.9853 -0.1582
vn -0.0104 -0.9885 -0.1509
vn 0.0175 -0.0719 -0.9973
vn 0.0043 -0.0868 -0.9962
vn 0.0007 -0.0905 -0.9959
vn 0.0584 -0.2417 -0.9686
vn 0.0142 -0.2893 -0.9571
vn 0.0024 -0.3005 -0.9538
vn 0.1701 -0.7060 -0.6875
vn 0.0352 -0.7722 -0.6344
vn 0.0055 -0.7818 -0.6235
vn 0.2339 -0.9720 -0.0211
vn 0.0464 -0.9987 -0.0229
vn 0.0072 -0.9997 -0.0234
vn 0.2335 -0.9723 -0.0090
vn 0.0463 -0.9989 -0.0098
vn 0.0072 -0.9999 -0.0100
vn 0.2333 -0.9724 -0.0028
vn 0.0463 -0.9989 -0.0030
vn 0.0072 -1.0000 -0.0031
vn -0.1288 -0.3654 0.9219
vn -0.0324 -0.4228 0.9057
vn -0.0091 -0.4368 0.8995
vn -0.1283 -0.3499 0.9280
vn -0.0344 -0.4059 0.9133
vn -0.0117 -0.4199 0.9075
vn -0.1265 -0.3371 0.9329
vn -0.0386 -0.3881 0.9208
vn -0.0150 -0.4030 0.9151
vn -0.2853 -0.9034 0.3202
vn -0.0628 -0.9517 0.3007
vn -0.0101 -0.9556 0.2944
vn -0.2209 -0.6855 0.6937
vn -0.0482 -0.7424 0.6682
vn -0.0079 -0.7515 0.6597
vn -0.1575 -0.4764 0.8650
vn -0.0354 -0.5359 0.8436
vn -0.0066 -0.5489 0.8359
vn -0.0070 0.0298 -0.9995
vn -0.0013 0.0320 -0.9995
vn -0.0002 0.0323 -0.9995
vn -0.0020 0.0087 -1.0000
vn -0.0003 0.0088 -1.0000
vn 0.0015 -0.0060 -1.0000
vn 0.0004 -0.0078 -1.0000
vn 0.0001 -0.0083 -1.0000
vn 0.2284 -0.9607 -0.1580
vn 0.0453 -0.9861 -0.1597
vn 0.0071 -0.9864 -0.1640
vn 0.1962 -0.8306 -0.5212
vn 0.0384 -0.8456 -0.5325
vn 0.0060 -0.8408 -0.5414
vn 0.1214 -0.5053 -0.8543
vn 0.0230 -0.4958 -0.8681
vn 0.0036 -0.4887 -0.8725
vn 0.0005 0.9834 0.1813
vn 0.0006 0.9844 0.1762
vn 0.0006 0.9852 0.1714
vn 0.0022 0.9600 0.2801
vn 0.0024 0.9642 0.2653
vn 0.0026 0.9679 0.2512
vn 0.0055 0.8937 0.4486
vn 0.0062 0.9066 0.4219
vn 0.0068 0.9187 0.3948
vn -0.0204 -0.0296 0.9994
vn -0.0204 -0.0225 0.9995
vn -0.0208 -0.0184 0.9996
vn -0.0166 -0.0982 0.9950
vn -0.0171 -0.0863 0.9961
vn -0.0175 -0.0797 0.9967
vn -0.0130 -0.2515 0.9678
vn -0.0140 -0.2393 0.9708
vn -0.0147 -0.2318 0.9726
vn -0.0000 0.9998 0.0218
vn -0.0000 0.9980 0.0632
vn -0.0000 0.9946 0.1036
vn -0.3031 -0.9530 -0.0000
vn -0.0643 -0.9979 -0.0000
vn -0.0101 -0.9999 -0.0000
vn 0.0045 0.9967 0.0810
vn 0.0024 0.9967 0.0816
vn 0.0008 0.9967 0.0816
vn 0.0045 0.9969 0.0788
vn 0.0024 0.9967 0.0806
vn 0.0008 0.9967 0.0813
vn 0.0043 0.9971 0.0759
vn 0.0023 0.9968 0.0795
vn 0.0008 0.9967 0.0810
vn -0.9501 0.3120 -0.0000
vn -0.9972 0.0746 -0.0000
vn -0.9999 0.0130 -0.0000
vn 0.0068 0.9959 0.0904
vn 0.0078 0.9963 0.0857
vn 0.0077 0.9966 0.0822
vn 0.0071 0.9978 0.0666
vn 0.0080 0.9976 0.0693
vn 0.0078 0.9973 0.0725
vn 0.0068 0.9991 0.0408
vn 0.0076 0.9987 0.0509
vn 0.0074 0.9981 0.0610
vn 0.0010 1.0000 0.0064
vn 0.0005 1.0000 0.0023
vn 0.0001 1.0000 0.0005
vn 0.0016 1.0000 0.0067
vn 0.0008 1.0000 0.0023
vn 0.0002 1.0000 0.0005
vn 0.0022 1.0000 0.0067
vn 0.0010 1.0000 0.0024
vn 0.0003 1.0000 0.0005
vn -1.0000 -0.0024 -0.0000
vn -0.9999 -0.0171 -0.0000
vn -0.9912 -0.1324 -0.0000
vn -0.0064 1.0000 -0.0000
vn -0.0422 0.9991 -0.0000
vn -0.2262 0.9741 -0.0000
vn 0.0004 -0.0483 -0.9988
vn 0.0001 -0.0130 -0.9999
vn -0.0002 0.0123 -0.9999
vn 0.0026 -0.0468 -0.9989
vn 0.0006 -0.0130 -0.9999
vn -0.0008 0.0111 -0.9999
vn 0.0122 -0.0399 -0.9991
vn 0.0036 -0.0118 -0.9999
vn -0.0024 0.0076 -1.0000
vn 0.0068 0.9997 0.0237
vn 0.0072 0.9976 0.0690
vn 0.0077 0.9935 0.1133
vn 0.0445 0.9984 0.0336
vn 0.0466 0.9940 0.0990
vn 0.0493 0.9853 0.1635
vn 0.2357 0.9686 0.0788
vn 0.2365 0.9447 0.2270
vn 0.2317 0.9033 0.3610
vn 0.9756 -0.0026 0.2196
vn 0.8398 -0.0021 0.5429
vn 0.6807 -0.0016 0.7326
vn 0.9743 -0.0183 0.2243
vn 0.8344 -0.0151 0.5510
vn 0.6735 -0.0113 0.7391
vn 0.9554 -0.1400 0.2599
vn 0.7873 -0.1091 0.6069
vn 0.6185 -0.0785 0.7819
vn -0.9847 -0.0123 -0.1739
vn -0.8127 -0.0101 -0.5826
vn -0.4516 -0.0058 -0.8922
vn -0.9828 -0.0724 -0.1701
vn -0.8150 -0.0596 -0.5763
vn -0.4549 -0.0335 -0.8899
vn -0.9345 -0.3132 -0.1694
vn -0.7801 -0.2604 -0.5689
vn -0.4550 -0.1403 -0.8793
vn 0.0446 0.0004 -0.9990
vn 0.0121 0.0001 -0.9999
vn -0.0114 -0.0002 -0.9999
vn 0.0423 0.0023 -0.9991
vn 0.0117 0.0004 -0.9999
vn -0.0100 -0.0011 -0.9999
vn 0.0350 0.0084 -0.9994
vn 0.0103 0.0019 -0.9999
vn -0.0067 -0.0030 -1.0000
vn -0.0013 0.0004 -1.0000
vn -0.0086 0.0004 -1.0000
vn -0.0479 0.0004 -0.9988
vn -0.0013 0.0032 -1.0000
vn -0.0083 0.0031 -1.0000
vn -0.0470 0.0031 -0.9989
vn -0.0013 0.0248 -0.9997
vn -0.0081 0.0244 -0.9997
vn -0.0430 0.0223 -0.9988
vn -0.0095 0.9759 -0.2178
vn -0.0074 0.7684 -0.6399
vn -0.0039 0.3881 -0.9216
vn -0.0608 0.9755 -0.2116
vn -0.0480 0.7760 -0.6288
vn -0.0252 0.3962 -0.9178
vn -0.2861 0.9360 -0.2052
vn -0.2348 0.7566 -0.6102
vn -0.1355 0.4054 -0.9040
vn 0.0595 -0.0126 0.9981
vn 0.0512 -0.0675 0.9964
vn 0.0365 -0.2126 0.9765
vn 0.1860 -0.0090 0.9825
vn 0.1686 -0.0529 0.9843
vn 0.1253 -0.1812 0.9754
vn 0.3791 -0.0056 0.9253
vn 0.3546 -0.0358 0.9343
vn 0.2775 -0.1486 0.9492
vn 0.0097 0.9836 0.1801
vn 0.0095 0.9685 0.2490
vn 0.0078 0.9271 0.3747
vn 0.0638 0.9645 0.2564
vn 0.0714 0.9412 0.3304
vn 0.0778 0.8885 0.4522
vn 0.2548 0.8224 0.5086
vn 0.2669 0.7736 0.5747
vn 0.2655 0.7146 0.6472
vn 0.5725 -0.0012 0.8199
vn 0.5567 -0.0012 0.8307
vn 0.5420 -0.0012 0.8404
vn 0.5659 -0.0087 0.8244
vn 0.5507 -0.0080 0.8347
vn 0.5358 -0.0080 0.8443
vn 0.5159 -0.0599 0.8546
vn 0.5048 -0.0546 0.8615
vn 0.4978 -0.0479 0.8660
vn -0.0011 0.9823 0.1874
vn 0.0014 0.9506 0.3103
vn 0.0061 0.8642 0.5031
vn -0.0007 0.9817 0.1904
vn -0.0001 0.9507 0.3101
vn 0.0011 0.8665 0.4992
vn -0.0005 0.9819 0.1895
vn -0.0013 0.9527 0.3040
vn -0.0024 0.8725 0.4885
vn 0.0001 -0.1401 0.9901
vn 0.0002 -0.1400 0.9902
vn 0.0001 -0.2401 0.9708
vn 0.0001 -0.3488 0.9372
vn 0.0004 -0.1395 0.9902
vn 0.0002 -0.2397 0.9708
vn 0.0001 -0.3486 0.9373
vn 0.0008 -0.1375 0.9905
vn 0.0006 -0.2382 0.9712
vn 0.0004 -0.3477 0.9376
vn 0.0011 -0.1364 0.9907
vn 0.0009 -0.2371 0.9715
vn 0.0007 -0.3470 0.9379
vn 0.0015 -0.1357 0.9907
vn 0.0014 -0.2362 0.9717
vn 0.0012 -0.3462 0.9382
vn 0.0067 -0.1258 0.9920
vn 0.0057 -0.2231 0.9748
vn 0.0039 -0.3380 0.9412
vn 0.0133 -0.0996 0.9949
vn 0.0108 -0.1928 0.9812
vn 0.0070 -0.3203 0.9473
vn 0.0180 -0.0658 0.9977
vn 0.0145 -0.1518 0.9883
vn 0.0098 -0.2943 0.9557
vn -0.0000 0.7658 -0.6430
vn -0.0031 0.9996 0.0266
vn -0.0032 0.9980 0.0637
vn -0.0030 0.9950 0.0995
vn -0.0014 0.9997 0.0235
vn -0.0015 0.9980 0.0633
vn -0.0014 0.9948 0.1020
vn -0.0004 0.9998 0.0222
vn -0.0004 0.9980 0.0632
vn -0.0004 0.9947 0.1032
vn 0.0003 -0.7550 0.6557
vn 0.0009 -0.5556 0.8315
vn 0.0003 -0.7566 0.6539
vn 0.0009 -0.5587 0.8294
vn 0.0002 -0.7582 0.6521
vn 0.0007 -0.5620 0.8271
vn 0.0001 -0.7608 0.6490
vn 0.0005 -0.5673 0.8235
vn 0.0001 -0.7617 0.6480
vn 0.0003 -0.5691 0.8223
vn 0.0001 -0.7623 0.6472
vn 0.0002 -0.5703 0.8214
vn -0.0000 -0.7630 0.6465
vn 0.0001 -0.5716 0.8205
vn 0.0041 -0.4452 0.8954
vn 0.0065 -0.4287 0.9034
vn 0.0092 -0.4125 0.9109
vn 0.0037 -0.4494 0.8933
vn 0.0059 -0.4332 0.9013
vn 0.0082 -0.4172 0.9088
vn 0.0032 -0.4537 0.8911
vn 0.0051 -0.4378 0.8991
vn 0.0070 -0.4220 0.9065
vn 0.0019 -0.4608 0.8875
vn 0.0030 -0.4453 0.8954
vn 0.0041 -0.4298 0.9029
vn 0.0014 -0.4631 0.8863
vn 0.0021 -0.4477 0.8942
vn 0.0029 -0.4324 0.9017
vn 0.0009 -0.4647 0.8855
vn 0.0014 -0.4494 0.8933
vn 0.0020 -0.4342 0.9008
vn 0.0003 -0.4665 0.8845
vn 0.0006 -0.4513 0.8924
vn 0.0008 -0.4362 0.8998
vn 0.0002 -0.4669 0.8843
vn 0.0003 -0.4518 0.8921
vn 0.0004 -0.4367 0.8996
vn 0.0001 -0.4670 0.8842
vn 0.0001 -0.4520 0.8920
vn 0.0002 -0.4370 0.8994
vn 0.0191 0.8738 0.4859
vn 0.0052 0.9578 0.2875
vn -0.0024 0.9860 0.1666
vn 0.0265 0.8876 0.4599
vn 0.0072 0.9654 0.2606
vn -0.0029 0.9888 0.1490
vn 0.0346 0.9079 0.4177
vn 0.0095 0.9746 0.2239
vn -0.0027 0.9917 0.1285
vn -0.0048 0.9996 0.0265
vn -0.0035 0.9997 0.0262
vn -0.0023 0.9997 0.0254
vn -0.0054 0.9992 0.0406
vn -0.0039 0.9992 0.0401
vn -0.0026 0.9992 0.0389
vn -0.0053 0.9985 0.0546
vn -0.0039 0.9985 0.0539
vn -0.0025 0.9986 0.0523
vn -0.0000 1.0000 -0.0001
vn -0.0098 1.0000 -0.0000
vn -0.0628 0.9980 -0.0000
vn -0.2975 0.9547 -0.0000
vn -0.9999 -0.0126 -0.0001
vn -0.9999 -0.0126 -0.0000
vn -0.9973 -0.0733 -0.0010
vn -0.9973 -0.0734 -0.0004
vn -0.9973 -0.0735 -0.0001
vn -0.9497 -0.3130 -0.0054
vn -0.9495 -0.3136 -0.0023
vn -0.9494 -0.3140 -0.0007
vn -0.1249 -0.0020 -0.9922
vn -0.3803 -0.0057 -0.9248
vn -0.8346 -0.0087 -0.5508
vn -0.1133 -0.0100 -0.9935
vn -0.3546 -0.0297 -0.9345
vn -0.8195 -0.0521 -0.5708
vn -0.0828 -0.0296 -0.9961
vn -0.2725 -0.0968 -0.9573
vn -0.7387 -0.2155 -0.6386
vn -0.0015 0.1360 -0.9907
vn -0.0047 0.4283 -0.9036
vn -0.0080 0.8739 -0.4860
vn -0.0086 0.1262 -0.9920
vn -0.0269 0.4031 -0.9148
vn -0.0514 0.8613 -0.5054
vn -0.0295 0.0942 -0.9951
vn -0.0966 0.3093 -0.9461
vn -0.2372 0.7707 -0.5915
vn -0.0001 0.7298 -0.6836
vn -0.0003 0.9772 -0.2122
vn -0.0001 0.9765 -0.2154
vn -0.0002 0.7427 -0.6697
vn -0.0006 0.9843 -0.1767
vn -0.0002 0.7389 -0.6738
vn -0.0007 0.9823 -0.1872
vn -0.0002 0.7351 -0.6779
vn -0.0006 0.9803 -0.1976
vn -0.0001 0.9875 -0.1574
vn -0.0001 0.7491 -0.6625
vn -0.0002 0.9873 -0.1587
vn -0.0001 0.7479 -0.6638
vn -0.0004 0.9868 -0.1620
vn 0.3633 -0.0008 -0.9317
vn 0.7794 -0.0020 -0.6265
vn 0.9867 -0.0025 -0.1622
vn 0.3607 -0.0053 -0.9327
vn 0.7755 -0.0144 -0.6312
vn 0.9862 -0.0178 -0.1644
vn 0.3426 -0.0377 -0.9387
vn 0.7422 -0.1063 -0.6617
vn 0.9740 -0.1373 -0.1804
vn 0.0017 0.2919 -0.9564
vn 0.0047 0.7278 -0.6857
vn 0.0065 0.9760 -0.2178
vn 0.0114 0.2901 -0.9569
vn 0.0306 0.7251 -0.6879
vn 0.0422 0.9742 -0.2216
vn 0.0637 0.2754 -0.9592
vn 0.1621 0.6984 -0.6971
vn 0.2201 0.9464 -0.2365
vn 0.2941 0.0753 -0.9528
vn 0.6537 0.2198 -0.7242
vn 0.9204 0.3203 -0.2242
vn 0.3438 0.0207 -0.9388
vn 0.7477 0.0600 -0.6614
vn 0.9806 0.0787 -0.1795
vn 0.3601 0.0037 -0.9329
vn 0.7740 0.0111 -0.6331
vn 0.9862 0.0140 -0.1652
vn -0.3861 -0.0000 -0.9224
vn 0.0215 0.4331 0.9011
vn 0.0275 0.2425 0.9698
vn 0.0312 0.1333 0.9906
vn 0.0110 0.4344 0.9007
vn 0.0183 0.2401 0.9706
vn 0.0247 0.1307 0.9911
vn 0.0035 0.4357 0.9001
vn 0.0116 0.2330 0.9724
vn 0.0198 0.1220 0.9923
vn 0.0694 0.3610 0.9300
vn 0.0585 0.1581 0.9857
vn 0.0467 0.0625 0.9969
vn 0.0601 0.3993 0.9149
vn 0.0564 0.1952 0.9791
vn 0.0482 0.0894 0.9948
vn 0.0480 0.4194 0.9065
vn 0.0492 0.2220 0.9738
vn 0.0452 0.1124 0.9926
vn 0.0125 0.0722 0.9973
vn 0.0080 0.0204 0.9998
vn 0.0052 -0.0048 1.0000
vn 0.0368 0.1061 0.9937
vn 0.0234 0.0363 0.9991
vn 0.0152 0.0016 0.9999
vn 0.0659 0.1955 0.9785
vn 0.0410 0.0694 0.9967
vn 0.0279 0.0153 0.9995
vn 0.5548 0.1308 0.8217
vn 0.5400 0.1111 0.8343
vn 0.5248 0.0969 0.8457
vn 0.5686 0.0337 0.8219
vn 0.5518 0.0299 0.8334
vn 0.5345 0.0293 0.8447
vn 0.5720 0.0064 0.8202
vn 0.5552 0.0061 0.8317
vn 0.5384 0.0067 0.8427
vn 0.0170 0.4981 0.8670
vn 0.0331 0.1941 0.9804
vn 0.0473 0.0499 0.9976
vn 0.1180 0.4455 0.8875
vn 0.1450 0.1620 0.9761
vn 0.1647 0.0379 0.9856
vn 0.3043 0.3169 0.8983
vn 0.3387 0.1013 0.9354
vn 0.3585 0.0226 0.9333
vn -0.0014 -0.0596 -0.9982
vn -0.0086 -0.0591 -0.9982
vn -0.0449 -0.0564 -0.9974
vn -0.0013 -0.0130 -0.9999
vn -0.0084 -0.0128 -0.9999
vn -0.0474 -0.0129 -0.9988
vn -0.0013 -0.0022 -1.0000
vn -0.0086 -0.0022 -1.0000
vn -0.0480 -0.0022 -0.9988
vn -0.4504 -0.0000 -0.8928
vn 0.9280 0.3033 0.2166
vn 0.8039 0.2563 0.5367
vn 0.6548 0.1963 0.7299
vn 0.9726 0.0733 0.2207
vn 0.8364 0.0620 0.5446
vn 0.6768 0.0478 0.7346
vn 0.9755 0.0129 0.2194
vn 0.8400 0.0110 0.5425
vn 0.6808 0.0085 0.7324
vn -0.9762 0.1395 -0.1663
vn -0.8166 0.1158 -0.5654
vn -0.4718 0.0560 -0.8799
vn -0.9855 0.0178 -0.1688
vn -0.8182 0.0146 -0.5748
vn -0.4557 0.0080 -0.8901
vn -0.9848 0.0025 -0.1738
vn -0.8127 0.0020 -0.5827
vn -0.4514 0.0012 -0.8923
vn 0.0421 -0.0042 -0.9991
vn 0.0118 -0.0008 -0.9999
vn -0.0096 0.0019 -1.0000
vn 0.0447 -0.0006 -0.9990
vn 0.0121 -0.0001 -0.9999
vn -0.0114 0.0003 -0.9999
vn 0.0450 -0.0001 -0.9990
vn -0.9904 0.1379 -0.0000
vn -0.9998 0.0180 -0.0000
vn -1.0000 0.0025 -0.0000
vn -0.1098 0.0177 -0.9938
vn -0.3462 0.0529 -0.9367
vn -0.8109 0.0983 -0.5768
vn -0.1252 0.0027 -0.9921
vn -0.3810 0.0076 -0.9246
vn -0.8343 0.0132 -0.5511
vn -0.1275 0.0004 -0.9918
vn -0.3855 0.0011 -0.9227
vn -0.8367 0.0018 -0.5476
vn 0.3636 -0.0000 -0.9316
vn -0.0003 0.9632 0.2688
vn -0.0001 0.9489 0.3155
vn 0.0008 0.8463 0.5327
vn -0.0009 0.9629 0.2698
vn -0.0003 0.9487 0.3160
vn 0.0025 0.8461 0.5330
vn -0.0017 0.9622 0.2722
vn -0.0005 0.9484 0.3170
vn 0.0047 0.8460 0.5332
vn -0.0206 0.8632 0.5044
vn -0.0113 0.8608 0.5089
vn 0.0103 0.7350 0.6780
vn -0.0105 0.7598 0.6501
vn 0.0009 0.7741 0.6330
vn 0.0219 0.6526 0.7574
vn 0.0116 0.5723 0.8199
vn 0.0256 0.6135 0.7893
vn 0.0416 0.5372 0.8424
vn 0.5577 -0.0000 0.8301
vn 0.5434 -0.0000 0.8395
vn 0.5576 -0.0000 0.8301
vn 0.5433 -0.0000 0.8396
vn 0.5432 -0.0000 0.8396
vn 0.0812 -0.0009 0.9967
vn 0.0763 -0.0011 0.9971
vn 0.0704 -0.0012 0.9975
vn 0.1981 -0.0002 0.9802
vn 0.1962 -0.0003 0.9806
vn 0.1937 -0.0003 0.9811
vn 0.3841 -0.0000 0.9233
vn 0.3843 -0.0000 0.9232
vn 0.3843 -0.0001 0.9232
vn 0.0018 0.0009 1.0000
vn 0.0020 0.1312 0.9913
vn 0.0015 0.5237 0.8519
vn 0.0053 -0.0013 1.0000
vn 0.0059 0.1259 0.9920
vn 0.0047 0.5180 0.8554
vn 0.0102 -0.0066 0.9999
vn 0.0114 0.1128 0.9935
vn 0.0091 0.5030 0.8642
vn 0.0193 -0.0300 0.9994
vn 0.0217 0.0529 0.9984
vn 0.0176 0.4265 0.9043
vn 0.0221 -0.0449 0.9987
vn 0.0242 0.0116 0.9996
vn 0.0189 0.3628 0.9317
vn 0.0240 -0.0562 0.9981
vn 0.0253 -0.0258 0.9993
vn 0.0180 0.2896 0.9570
vn 0.0262 -0.0525 0.9983
vn 0.0245 -0.0531 0.9983
vn 0.0134 0.1631 0.9865
vn 0.0275 -0.0372 0.9989
vn 0.0246 -0.0399 0.9989
vn 0.0144 0.1229 0.9923
vn 0.0295 -0.0187 0.9994
vn 0.0263 -0.0202 0.9994
vn 0.0190 0.0898 0.9958
vn 0.0458 -0.0245 0.9986
vn 0.0333 -0.0264 0.9991
vn 0.0215 -0.0298 0.9993
vn 0.0523 -0.0196 0.9984
vn 0.0397 -0.0218 0.9990
vn 0.0284 -0.0255 0.9993
vn 0.0590 -0.0153 0.9981
vn 0.0480 -0.0180 0.9987
vn 0.0386 -0.0216 0.9990
vn 0.0257 -0.0414 0.9988
vn 0.0196 -0.0428 0.9989
vn 0.0136 -0.0454 0.9989
vn 0.0303 -0.0382 0.9988
vn 0.0229 -0.0396 0.9990
vn 0.0155 -0.0423 0.9990
vn 0.0348 -0.0342 0.9988
vn 0.0258 -0.0357 0.9990
vn 0.0169 -0.0385 0.9991
vn 0.0024 -0.0466 0.9989
vn 0.0018 -0.0478 0.9989
vn 0.0013 -0.0503 0.9987
vn 0.0071 -0.0463 0.9989
vn 0.0054 -0.0475 0.9989
vn 0.0038 -0.0499 0.9987
vn 0.0134 -0.0454 0.9989
vn 0.0103 -0.0467 0.9989
vn 0.0072 -0.0492 0.9988
vn 0.0348 -0.0496 0.9982
vn 0.0381 -0.0440 0.9983
vn 0.0356 -0.0355 0.9987
vn 0.0208 -0.0704 0.9973
vn 0.0210 -0.0581 0.9981
vn 0.0196 -0.0440 0.9988
vn 0.0082 -0.0823 0.9966
vn 0.0079 -0.0652 0.9978
vn 0.0086 -0.0487 0.9988
vn 0.0637 -0.0091 0.9979
vn 0.0687 -0.0095 0.9976
vn 0.0693 -0.0103 0.9975
vn 0.0610 -0.0132 0.9980
vn 0.0658 -0.0136 0.9977
vn 0.0641 -0.0139 0.9978
vn 0.0565 -0.0190 0.9982
vn 0.0617 -0.0194 0.9979
vn 0.0594 -0.0187 0.9981
vn -0.0045 0.9577 0.2876
vn -0.0020 0.9459 0.3245
vn 0.0081 0.8440 0.5363
vn -0.0080 0.9513 0.3083
vn -0.0046 0.9408 0.3389
vn 0.0079 0.8375 0.5464
vn -0.0131 0.9382 0.3460
vn -0.0083 0.9293 0.3693
vn 0.0069 0.8213 0.5704
vn 0.0017 -0.0853 0.9964
vn 0.0026 -0.0689 0.9976
vn 0.0050 -0.0544 0.9985
vn 0.0018 -0.0864 0.9963
vn 0.0029 -0.0709 0.9975
vn 0.0052 -0.0573 0.9983
vn 0.0017 -0.0878 0.9961
vn 0.0028 -0.0730 0.9973
vn 0.0049 -0.0598 0.9982
vn 0.0601 0.1252 0.9903
vn 0.0764 0.1374 0.9876
vn 0.0882 0.1233 0.9884
vn 0.0683 0.0339 0.9971
vn 0.0804 0.0320 0.9962
vn 0.0881 0.0253 0.9958
vn 0.0678 0.0057 0.9977
vn 0.0762 0.0042 0.9971
vn 0.0818 0.0012 0.9967
vn 0.0032 0.1627 0.9867
vn 0.0034 -0.0051 1.0000
vn 0.0032 -0.0395 0.9992
vn 0.0096 0.1630 0.9866
vn 0.0100 -0.0047 0.9999
vn 0.0095 -0.0391 0.9992
vn 0.0183 0.1641 0.9863
vn 0.0190 -0.0037 0.9998
vn 0.0180 -0.0382 0.9991
vn 0.0347 0.1685 0.9851
vn 0.0365 0.0009 0.9993
vn 0.0346 -0.0339 0.9988
vn 0.0408 0.1696 0.9847
vn 0.0433 0.0042 0.9991
vn 0.0412 -0.0304 0.9987
vn 0.0465 0.1669 0.9849
vn 0.0502 0.0074 0.9987
vn 0.0479 -0.0263 0.9985
vn 0.0606 0.1427 0.9879
vn 0.0668 0.0112 0.9977
vn 0.0643 -0.0169 0.9978
vn 0.0686 0.1220 0.9902
vn 0.0749 0.0117 0.9971
vn 0.0720 -0.0121 0.9973
vn 0.0772 0.0996 0.9920
vn 0.0822 0.0128 0.9965
vn 0.0783 -0.0074 0.9969
vn 0.0761 0.0051 0.9971
vn 0.0810 0.0027 0.9967
vn 0.0837 0.0007 0.9965
vn 0.1870 0.0032 0.9824
vn 0.1932 0.0019 0.9812
vn 0.1972 0.0005 0.9804
vn 0.3743 0.0017 0.9273
vn 0.3787 0.0010 0.9255
vn 0.3820 0.0003 0.9242
vn 0.5576 0.0001 0.8301
vn 0.5432 0.0002 0.8396
vn 0.5434 0.0001 0.8395
vn 0.5734 -0.0000 0.8192
vn 0.5435 -0.0000 0.8394
vn 0.0323 0.0533 0.9981
vn 0.0307 0.0346 0.9989
vn 0.0287 0.0145 0.9995
vn 0.0311 0.0556 0.9980
vn 0.0314 0.0392 0.9987
vn 0.0305 0.0217 0.9993
vn 0.0298 0.0536 0.9981
vn 0.0317 0.0405 0.9987
vn 0.0320 0.0268 0.9991
vn 0.0286 0.0058 0.9996
vn 0.0224 -0.0046 0.9997
vn 0.0186 -0.0151 0.9997
vn 0.0318 0.0204 0.9993
vn 0.0256 0.0060 0.9997
vn 0.0217 -0.0089 0.9997
vn 0.0332 0.0347 0.9988
vn 0.0279 0.0171 0.9995
vn 0.0243 -0.0016 0.9997
vn 0.0028 -0.0210 0.9998
vn 0.0021 -0.0236 0.9997
vn 0.0017 -0.0252 0.9997
vn 0.0082 -0.0192 0.9998
vn 0.0063 -0.0223 0.9997
vn 0.0051 -0.0245 0.9997
vn 0.0155 -0.0147 0.9998
vn 0.0119 -0.0192 0.9997
vn 0.0098 -0.0229 0.9997
vn 0.5731 0.0001 0.8195
vn 0.5567 0.0002 0.8307
vn 0.5409 0.0007 0.8411
vn 0.5732 -0.0000 0.8194
vn 0.5570 0.0002 0.8305
vn 0.5417 0.0005 0.8406
vn 0.5733 -0.0000 0.8194
vn 0.5572 0.0002 0.8304
vn 0.5423 0.0005 0.8402
vn 0.0616 0.0062 0.9981
vn 0.0662 0.0049 0.9978
vn 0.0693 0.0041 0.9976
vn 0.1785 0.0030 0.9839
vn 0.1808 0.0019 0.9835
vn 0.1813 0.0014 0.9834
vn 0.3697 0.0020 0.9292
vn 0.3709 0.0012 0.9287
vn 0.3709 0.0009 0.9287
vn -0.0006 0.9967 0.0816
vn -0.0005 0.9967 0.0812
vn -0.0004 0.9967 0.0808
vn -0.0017 0.9967 0.0810
vn -0.0014 0.9968 0.0800
vn -0.0012 0.9969 0.0787
vn -0.0032 0.9969 0.0790
vn -0.0024 0.9970 0.0773
vn -0.0019 0.9971 0.0754
vn 0.0010 0.9957 0.0922
vn 0.0014 0.9968 0.0796
vn 0.0002 0.9974 0.0723
vn 0.0166 0.9903 0.1379
vn 0.0141 0.9949 0.1001
vn 0.0065 0.9970 0.0778
vn 0.0543 0.9638 0.2610
vn 0.0386 0.9878 0.1507
vn 0.0180 0.9954 0.0943
vn 0.0047 -1.0000 -0.0030
vn 0.0288 -0.9996 -0.0079
vn 0.1136 -0.9932 -0.0262
vn 0.0050 -1.0000 -0.0018
vn 0.0308 -0.9995 -0.0007
vn 0.1196 -0.9928 0.0019
vn 0.0050 -1.0000 -0.0006
vn 0.0306 -0.9995 0.0067
vn 0.1155 -0.9929 0.0296
vn 0.0503 -0.3608 -0.9313
vn 0.0498 -0.3824 -0.9226
vn 0.0468 -0.4971 -0.8664
vn 0.1759 -0.3833 -0.9067
vn 0.1743 -0.4048 -0.8976
vn 0.1635 -0.5197 -0.8385
vn 0.4027 -0.4330 -0.8064
vn 0.3989 -0.4532 -0.7972
vn 0.3726 -0.5636 -0.7372
vn 0.8332 -0.5021 -0.2318
vn 0.8254 -0.5160 -0.2291
vn 0.7698 -0.6023 -0.2113
vn 0.8655 -0.4999 0.0330
vn 0.8577 -0.5131 0.0326
vn 0.8018 -0.5968 0.0300
vn 0.8211 -0.4943 0.2854
vn 0.8133 -0.5088 0.2821
vn 0.7587 -0.5973 0.2599
vn 0.0174 -0.9998 -0.0060
vn 0.0960 -0.9950 -0.0264
vn 0.2844 -0.9555 -0.0777
vn 0.0178 -0.9998 -0.0010
vn 0.0986 -0.9951 0.0023
vn 0.2934 -0.9559 0.0101
vn 0.0173 -0.9998 0.0039
vn 0.0958 -0.9949 0.0302
vn 0.2837 -0.9542 0.0951
vn 0.0013 -0.9996 -0.0284
vn 0.0076 -0.9887 -0.1494
vn 0.0222 -0.9055 -0.4237
vn 0.0048 -0.9996 -0.0275
vn 0.0263 -0.9895 -0.1424
vn 0.0762 -0.9122 -0.4025
vn 0.0106 -0.9997 -0.0225
vn 0.0570 -0.9918 -0.1143
vn 0.1640 -0.9305 -0.3274
vn 0.0003 -1.0000 -0.0067
vn 0.0018 -0.9995 -0.0310
vn 0.0071 -0.9930 -0.1176
vn 0.0010 -1.0000 -0.0067
vn 0.0064 -0.9995 -0.0304
vn 0.0256 -0.9930 -0.1150
vn 0.0025 -1.0000 -0.0060
vn 0.0148 -0.9996 -0.0259
vn 0.0589 -0.9935 -0.0973
vn -0.0003 -1.0000 0.0029
vn -0.0002 -1.0000 0.0006
vn -0.0001 -1.0000 -0.0006
vn -0.0010 -1.0000 0.0025
vn -0.0005 -1.0000 0.0004
vn -0.0003 -1.0000 -0.0007
vn -0.0021 -1.0000 0.0018
vn -0.0011 -1.0000 -0.0000
vn -0.0007 -1.0000 -0.0009
vn -0.0048 -1.0000 -0.0007
vn -0.0026 -1.0000 -0.0014
vn -0.0016 -1.0000 -0.0017
vn -0.0057 -1.0000 -0.0022
vn -0.0031 -1.0000 -0.0022
vn -0.0019 -1.0000 -0.0022
vn -0.0060 -1.0000 -0.0039
vn -0.0033 -1.0000 -0.0031
vn -0.0020 -1.0000 -0.0027
vn -0.6906 -0.7023 0.1727
vn -0.1717 -0.9839 0.0503
vn -0.0371 -0.9993 0.0092
vn -0.7380 -0.6737 -0.0380
vn -0.2008 -0.9796 -0.0050
vn -0.0437 -0.9990 -0.0026
vn -0.7201 -0.6466 -0.2518
vn -0.2087 -0.9755 -0.0693
vn -0.0460 -0.9988 -0.0165
vn -0.0412 -0.6603 0.7499
vn -0.0103 -0.9835 0.1807
vn -0.0022 -0.9993 0.0375
vn -0.1421 -0.6823 0.7171
vn -0.0333 -0.9856 0.1655
vn -0.0073 -0.9994 0.0342
vn -0.3218 -0.7147 0.6210
vn -0.0702 -0.9878 0.1390
vn -0.0153 -0.9995 0.0283
vn 0.0006 1.0000 0.0057
vn 0.0022 1.0000 0.0058
vn 0.0057 1.0000 0.0058
vn 0.0005 1.0000 0.0021
vn 0.0020 1.0000 0.0022
vn 0.0056 1.0000 0.0023
vn 0.0006 1.0000 -0.0014
vn 0.0022 1.0000 -0.0014
vn 0.0056 1.0000 -0.0013
vn 0.0368 0.8147 -0.5788
vn 0.0072 0.9939 -0.1099
vn 0.0020 0.9996 -0.0280
vn 0.1343 0.8034 -0.5801
vn 0.0280 0.9932 -0.1133
vn 0.0076 0.9996 -0.0286
vn 0.3034 0.8074 -0.5061
vn 0.0708 0.9920 -0.1044
vn 0.0195 0.9994 -0.0269
vn 0.5634 0.8152 -0.1344
vn 0.1550 0.9875 -0.0282
vn 0.0430 0.9991 -0.0066
vn 0.5928 0.8050 0.0216
vn 0.1643 0.9864 0.0078
vn 0.0445 0.9990 0.0036
vn 0.5628 0.8084 0.1727
vn 0.1567 0.9867 0.0428
vn 0.0435 0.9990 0.0136
vn 0.6795 -0.7087 -0.1900
vn 0.7689 -0.6023 -0.2147
vn 0.8104 -0.5405 -0.2260
vn 0.7062 -0.7075 0.0264
vn 0.7990 -0.6006 0.0302
vn 0.8419 -0.5386 0.0320
vn 0.6733 -0.7014 0.2340
vn 0.7596 -0.5942 0.2644
vn 0.7995 -0.5324 0.2782
vn 0.0450 -0.5518 -0.8328
vn 0.0483 -0.4451 -0.8942
vn 0.0497 -0.3897 -0.9196
vn 0.1553 -0.5770 -0.8018
vn 0.1680 -0.4700 -0.8665
vn 0.1734 -0.4135 -0.8939
vn 0.3459 -0.6323 -0.6932
vn 0.3799 -0.5249 -0.7616
vn 0.3950 -0.4660 -0.7917
vn 0.0125 -0.9740 -0.2261
vn 0.0048 -0.9961 -0.0878
vn 0.0013 -0.9997 -0.0249
vn 0.0393 -0.9788 -0.2008
vn 0.0150 -0.9968 -0.0779
vn 0.0040 -0.9998 -0.0218
vn 0.0759 -0.9853 -0.1527
vn 0.0290 -0.9978 -0.0598
vn 0.0075 -0.9998 -0.0169
vn 0.1314 -0.9906 -0.0381
vn 0.0521 -0.9985 -0.0165
vn 0.0142 -0.9999 -0.0059
vn 0.1348 -0.9909 0.0043
vn 0.0543 -0.9985 0.0005
vn 0.0150 -0.9999 -0.0011
vn 0.1261 -0.9911 0.0437
vn 0.0512 -0.9985 0.0167
vn 0.0141 -0.9999 0.0035
vn -0.0546 0.0007 0.9985
vn -0.0542 0.1286 0.9902
vn -0.0543 0.1482 0.9875
vn -0.1919 0.0204 0.9812
vn -0.1906 0.1503 0.9701
vn -0.1909 0.1698 0.9668
vn -0.4450 0.0694 0.8929
vn -0.4405 0.2021 0.8747
vn -0.4407 0.2208 0.8701
vn -0.9435 0.2008 0.2634
vn -0.9168 0.3096 0.2524
vn -0.9135 0.3213 0.2498
vn -0.9767 0.2113 -0.0378
vn -0.9486 0.3144 -0.0362
vn -0.9450 0.3250 -0.0358
vn -0.9274 0.1861 -0.3245
vn -0.9025 0.2977 -0.3112
vn -0.8994 0.3101 -0.3081
vn 0.6028 -0.7843 -0.1466
vn 0.8719 -0.4400 -0.2148
vn 0.9707 -0.0392 -0.2372
vn 0.6299 -0.7764 0.0197
vn 0.9030 -0.4287 0.0298
vn 0.9988 -0.0353 0.0338
vn 0.5928 -0.7856 0.1773
vn 0.8577 -0.4421 0.2626
vn 0.9554 -0.0415 0.2924
vn 0.0397 -0.7695 -0.6374
vn 0.0564 -0.4341 -0.8991
vn 0.0626 -0.0690 -0.9956
vn 0.1387 -0.7735 -0.6184
vn 0.1957 -0.4395 -0.8767
vn 0.2173 -0.0673 -0.9738
vn 0.3089 -0.7888 -0.5314
vn 0.4379 -0.4565 -0.7745
vn 0.4900 -0.0630 -0.8695
vn 0.3289 0.9413 -0.0763
vn 0.4161 0.9041 -0.0972
vn 0.5623 0.8164 -0.1317
vn 0.3427 0.9394 0.0136
vn 0.4332 0.9012 0.0166
vn 0.5837 0.8117 0.0215
vn 0.3289 0.9390 0.1007
vn 0.4158 0.9006 0.1267
vn 0.5603 0.8108 0.1695
vn 0.0268 0.9042 -0.4263
vn 0.0331 0.8484 -0.5282
vn 0.0427 0.7299 -0.6822
vn 0.0882 0.9154 -0.3929
vn 0.1097 0.8653 -0.4891
vn 0.1433 0.7551 -0.6398
vn 0.1819 0.9323 -0.3126
vn 0.2280 0.8908 -0.3932
vn 0.3040 0.7946 -0.5256
vn 0.0544 0.4989 -0.8650
vn 0.0398 0.7693 -0.6376
vn 0.0278 0.8948 -0.4457
vn 0.1871 0.5176 -0.8349
vn 0.1356 0.7841 -0.6056
vn 0.0932 0.9045 -0.4162
vn 0.4099 0.5619 -0.7185
vn 0.2891 0.8174 -0.4983
vn 0.1952 0.9225 -0.3331
vn 0.7695 0.6111 -0.1856
vn 0.5140 0.8493 -0.1207
vn 0.3451 0.9352 -0.0792
vn 0.7938 0.6075 0.0280
vn 0.5314 0.8469 0.0197
vn 0.3581 0.9336 0.0141
vn 0.7606 0.6060 0.2327
vn 0.5110 0.8455 0.1551
vn 0.3445 0.9330 0.1044
vn 0.8993 0.3821 -0.2126
vn 0.9559 0.1859 -0.2276
vn 0.9701 0.0709 -0.2320
vn 0.9258 0.3766 0.0322
vn 0.9826 0.1826 0.0336
vn 0.9970 0.0694 0.0338
vn 0.8878 0.3752 0.2666
vn 0.9417 0.1817 0.2832
vn 0.9553 0.0687 0.2877
vn 0.0594 0.2996 -0.9522
vn 0.0617 0.1432 -0.9878
vn 0.0623 0.0552 -0.9965
vn 0.2068 0.3195 -0.9247
vn 0.2157 0.1531 -0.9644
vn 0.2179 0.0589 -0.9742
vn 0.4657 0.3565 -0.8100
vn 0.4896 0.1721 -0.8548
vn 0.4951 0.0660 -0.8663
vn 0.4692 0.3470 0.8120
vn 0.4924 0.1657 0.8545
vn 0.4977 0.0618 0.8652
vn 0.2140 0.3142 0.9249
vn 0.2230 0.1486 0.9634
vn 0.2252 0.0551 0.9728
vn 0.0626 0.2954 0.9533
vn 0.0650 0.1394 0.9881
vn 0.0656 0.0516 0.9965
vn 0.4122 0.5580 0.7203
vn 0.2923 0.8130 0.5036
vn 0.1987 0.9190 0.3405
vn 0.1928 0.5172 0.8338
vn 0.1402 0.7822 0.6071
vn 0.0968 0.9023 0.4201
vn 0.0571 0.4994 0.8645
vn 0.0418 0.7681 0.6389
vn 0.0293 0.8930 0.4490
vn 0.1859 0.9286 0.3211
vn 0.2327 0.8854 0.4024
vn 0.3094 0.7863 0.5347
vn 0.0916 0.9130 0.3975
vn 0.1139 0.8622 0.4937
vn 0.1487 0.7506 0.6438
vn 0.0282 0.9023 0.4301
vn 0.0349 0.8460 0.5320
vn 0.0450 0.7266 0.6856
vn 0.3060 -0.7985 0.5184
vn 0.4373 -0.4697 0.7669
vn 0.4917 -0.0706 0.8679
vn 0.1404 -0.7882 0.5992
vn 0.2003 -0.4577 0.8662
vn 0.2240 -0.0765 0.9716
vn 0.0407 -0.7859 0.6171
vn 0.0588 -0.4542 0.8890
vn 0.0658 -0.0789 0.9947
vn -0.4472 0.0445 -0.8933
vn -0.4442 0.1846 -0.8767
vn -0.4445 0.2051 -0.8720
vn -0.1982 -0.0040 -0.9802
vn -0.1976 0.1347 -0.9710
vn -0.1979 0.1563 -0.9677
vn -0.0574 -0.0237 -0.9981
vn -0.0572 0.1134 -0.9919
vn -0.0573 0.1352 -0.9892
vn 0.0671 -0.9888 0.1330
vn 0.0277 -0.9982 0.0539
vn 0.0074 -0.9999 0.0134
vn 0.0338 -0.9855 0.1664
vn 0.0142 -0.9975 0.0686
vn 0.0040 -0.9998 0.0176
vn 0.0106 -0.9829 0.1836
vn 0.0046 -0.9970 0.0768
vn 0.0013 -0.9998 0.0204
vn 0.3502 -0.6270 0.6959
vn 0.3839 -0.5192 0.7636
vn 0.3987 -0.4602 0.7932
vn 0.1611 -0.5763 0.8012
vn 0.1742 -0.4692 0.8658
vn 0.1796 -0.4126 0.8930
vn 0.0474 -0.5525 0.8322
vn 0.0509 -0.4456 0.8938
vn 0.0523 -0.3901 0.9193
vn 0.3072 0.8014 0.5131
vn 0.0736 0.9910 0.1119
vn 0.0203 0.9993 0.0321
vn 0.1397 0.7993 0.5845
vn 0.0295 0.9925 0.1188
vn 0.0080 0.9994 0.0332
vn 0.0389 0.8116 0.5829
vn 0.0076 0.9934 0.1145
vn 0.0021 0.9995 0.0323
vn -0.3816 -0.5311 -0.7565
vn -0.1376 -0.9546 -0.2640
vn -0.0319 -0.9976 -0.0619
vn -0.1732 -0.4632 -0.8692
vn -0.0754 -0.9317 -0.3552
vn -0.0183 -0.9961 -0.0859
vn -0.0507 -0.4307 -0.9011
vn -0.0247 -0.9138 -0.4054
vn -0.0062 -0.9949 -0.1009
vn -0.0044 -0.9999 -0.0101
vn -0.0024 -1.0000 -0.0065
vn -0.0015 -1.0000 -0.0048
vn -0.0025 -0.9999 -0.0134
vn -0.0014 -1.0000 -0.0083
vn -0.0008 -1.0000 -0.0058
vn -0.0008 -0.9999 -0.0153
vn -0.0005 -1.0000 -0.0093
vn -0.0003 -1.0000 -0.0064
vn 0.0034 -1.0000 0.0037
vn 0.0188 -0.9994 0.0289
vn 0.0637 -0.9929 0.1004
vn 0.0016 -1.0000 0.0053
vn 0.0089 -0.9993 0.0363
vn 0.0289 -0.9923 0.1201
vn 0.0005 -1.0000 0.0055
vn 0.0025 -0.9993 0.0379
vn 0.0082 -0.9922 0.1242
vn 0.0108 -0.9998 0.0192
vn 0.0582 -0.9920 0.1120
vn 0.1672 -0.9299 0.3276
vn 0.0050 -0.9997 0.0241
vn 0.0276 -0.9899 0.1394
vn 0.0796 -0.9128 0.4005
vn 0.0014 -0.9997 0.0250
vn 0.0080 -0.9892 0.1463
vn 0.0235 -0.9065 0.4215
vn 0.4062 -0.4279 0.8074
vn 0.4022 -0.4496 0.7975
vn 0.3749 -0.5652 0.7348
vn 0.1822 -0.3831 0.9056
vn 0.1804 -0.4064 0.8957
vn 0.1687 -0.5278 0.8324
vn 0.0530 -0.3617 0.9308
vn 0.0525 -0.3853 0.9213
vn 0.0491 -0.5068 0.8607
vn 0.0954 0.6873 0.7201
vn 0.0724 0.8777 0.4737
vn 0.0345 0.9717 0.2338
vn 0.0605 0.4973 0.8655
vn 0.0484 0.7706 0.6355
vn 0.0223 0.9450 0.3263
vn 0.0209 0.3954 0.9183
vn 0.0180 0.6984 0.7155
vn 0.0079 0.9289 0.3703
vn 0.0009 -0.0902 0.9959
vn 0.0016 -0.0758 0.9971
vn 0.0027 -0.0631 0.9980
vn 0.0005 -0.0907 0.9959
vn 0.0008 -0.0764 0.9971
vn 0.0014 -0.0638 0.9980
vn 0.0002 -0.0909 0.9959
vn 0.0003 -0.0767 0.9971
vn 0.0005 -0.0641 0.9979
vn -0.0030 0.9972 0.0742
vn -0.0022 0.9973 0.0731
vn -0.0014 0.9975 0.0709
vn -0.0016 0.9969 0.0785
vn -0.0012 0.9970 0.0773
vn -0.0007 0.9972 0.0750
vn -0.0005 0.9968 0.0803
vn -0.0004 0.9969 0.0791
vn -0.0002 0.9971 0.0767
vn 0.0278 0.0398 0.9988
vn 0.0320 0.0331 0.9989
vn 0.0349 0.0266 0.9990
vn 0.0276 0.0300 0.9992
vn 0.0326 0.0255 0.9991
vn 0.0365 0.0212 0.9991
vn 0.0278 0.0202 0.9994
vn 0.0333 0.0172 0.9993
vn 0.0377 0.0145 0.9992
vn 0.0424 0.0566 0.9975
vn 0.0511 0.0227 0.9984
vn 0.0550 0.0047 0.9985
vn 0.0429 0.0312 0.9986
vn 0.0492 0.0148 0.9987
vn 0.0527 0.0033 0.9986
vn 0.0443 0.0158 0.9989
vn 0.0489 0.0085 0.9988
vn 0.0517 0.0020 0.9987
vn 0.0380 0.0025 0.9993
vn 0.0362 0.0057 0.9993
vn 0.0348 0.0009 0.9994
vn 0.0328 0.0435 0.9985
vn 0.0378 0.0190 0.9991
vn 0.0401 0.0120 0.9991
vn 0.0392 0.0079 0.9992
vn 0.0518 -0.0072 0.9986
vn 0.0454 -0.0097 0.9989
vn 0.0363 -0.0119 0.9993
vn 0.0491 -0.0054 0.9988
vn 0.0425 -0.0070 0.9991
vn 0.0341 -0.0081 0.9994
vn 0.0478 -0.0035 0.9988
vn 0.0413 -0.0045 0.9991
vn 0.0335 -0.0050 0.9994
vn -0.0040 0.4489 0.8936
vn 0.0051 0.2164 0.9763
vn 0.0148 0.0963 0.9952
vn -0.0061 0.4635 0.8861
vn 0.0037 0.2106 0.9776
vn 0.0139 0.0828 0.9965
vn -0.0078 0.4816 0.8764
vn 0.0027 0.2067 0.9784
vn 0.0137 0.0703 0.9974
vn 0.1083 -0.3491 -0.9308
vn 0.2382 -0.7499 -0.6172
vn 0.2989 -0.9365 -0.1834
vn 0.0230 -0.3964 -0.9178
vn 0.0533 -0.8124 -0.5806
vn 0.0652 -0.9853 -0.1582
vn 0.0036 -0.4049 -0.9143
vn 0.0086 -0.8219 -0.5695
vn 0.0104 -0.9885 -0.1509
vn -0.0175 -0.0719 -0.9973
vn -0.0584 -0.2417 -0.9686
vn -0.1701 -0.7060 -0.6875
vn -0.0043 -0.0868 -0.9962
vn -0.0142 -0.2893 -0.9571
vn -0.0352 -0.7722 -0.6344
vn -0.0007 -0.0905 -0.9959
vn -0.0024 -0.3005 -0.9538
vn -0.0055 -0.7818 -0.6235
vn -0.2339 -0.9720 -0.0211
vn -0.2335 -0.9723 -0.0090
vn -0.2333 -0.9724 -0.0028
vn -0.0464 -0.9987 -0.0229
vn -0.0463 -0.9989 -0.0097
vn -0.0463 -0.9989 -0.0030
vn -0.0072 -0.9997 -0.0234
vn -0.0072 -0.9999 -0.0100
vn -0.0072 -1.0000 -0.0031
vn 0.1288 -0.3654 0.9219
vn 0.1283 -0.3499 0.9280
vn 0.1265 -0.3371 0.9329
vn 0.0324 -0.4228 0.9057
vn 0.0344 -0.4059 0.9133
vn 0.0386 -0.3881 0.9208
vn 0.0091 -0.4368 0.8995
vn 0.0117 -0.4199 0.9075
vn 0.0150 -0.4030 0.9151
vn 0.2853 -0.9034 0.3202
vn 0.2209 -0.6855 0.6937
vn 0.1575 -0.4765 0.8650
vn 0.0628 -0.9517 0.3007
vn 0.0482 -0.7424 0.6682
vn 0.0354 -0.5359 0.8436
vn 0.0101 -0.9556 0.2944
vn 0.0079 -0.7515 0.6597
vn 0.0066 -0.5489 0.8359
vn 0.0070 0.0298 -0.9995
vn 0.0020 0.0087 -1.0000
vn -0.0015 -0.0060 -1.0000
vn 0.0013 0.0320 -0.9995
vn 0.0003 0.0088 -1.0000
vn -0.0004 -0.0078 -1.0000
vn 0.0002 0.0323 -0.9995
vn -0.0001 -0.0083 -1.0000
vn -0.2284 -0.9607 -0.1580
vn -0.1962 -0.8306 -0.5211
vn -0.1214 -0.5053 -0.8544
vn -0.0453 -0.9861 -0.1597
vn -0.0384 -0.8456 -0.5325
vn -0.0230 -0.4958 -0.8681
vn -0.0071 -0.9864 -0.1640
vn -0.0060 -0.8407 -0.5414
vn -0.0036 -0.4886 -0.8725
vn -0.0005 0.9834 0.1813
vn -0.0022 0.9600 0.2801
vn -0.0055 0.8937 0.4486
vn -0.0006 0.9844 0.1762
vn -0.0024 0.9642 0.2653
vn -0.0062 0.9066 0.4219
vn -0.0006 0.9852 0.1714
vn -0.0026 0.9679 0.2512
vn -0.0068 0.9187 0.3948
vn 0.0204 -0.0296 0.9994
vn 0.0166 -0.0982 0.9950
vn 0.0130 -0.2515 0.9678
vn 0.0204 -0.0225 0.9995
vn 0.0171 -0.0863 0.9961
vn 0.0140 -0.2393 0.9708
vn 0.0208 -0.0184 0.9996
vn 0.0175 -0.0797 0.9967
vn 0.0147 -0.2318 0.9726
vn 0.3031 -0.9530 -0.0000
vn 0.0643 -0.9979 -0.0000
vn 0.0101 -0.9999 -0.0000
vn -0.0045 0.9967 0.0810
vn -0.0045 0.9969 0.0788
vn -0.0043 0.9971 0.0759
vn -0.0024 0.9967 0.0816
vn -0.0024 0.9967 0.0806
vn -0.0023 0.9968 0.0795
vn -0.0008 0.9967 0.0816
vn -0.0008 0.9967 0.0813
vn -0.0008 0.9967 0.0810
vn 0.9501 0.3119 -0.0000
vn 0.9501 0.3120 -0.0000
vn 0.9972 0.0746 -0.0000
vn 0.9999 0.0130 -0.0000
vn -0.0068 0.9959 0.0904
vn -0.0071 0.9978 0.0666
vn -0.0068 0.9991 0.0408
vn -0.0078 0.9963 0.0857
vn -0.0080 0.9976 0.0693
vn -0.0076 0.9987 0.0509
vn -0.0077 0.9966 0.0821
vn -0.0078 0.9973 0.0725
vn -0.0074 0.9981 0.0610
vn -0.0010 1.0000 0.0064
vn -0.0016 1.0000 0.0066
vn -0.0022 1.0000 0.0068
vn -0.0005 1.0000 0.0023
vn -0.0008 1.0000 0.0023
vn -0.0010 1.0000 0.0024
vn -0.0001 1.0000 0.0005
vn -0.0002 1.0000 0.0005
vn -0.0003 1.0000 0.0005
vn 1.0000 -0.0024 -0.0000
vn 0.9999 -0.0171 -0.0000
vn 0.9912 -0.1324 -0.0000
vn 0.0064 1.0000 -0.0000
vn 0.0422 0.9991 -0.0000
vn 0.2262 0.9741 -0.0000
vt 0.556749 0.082786
vt 0.556746 0.079214
vt 0.559608 0.081022
vt 0.559604 0.084569
vt 0.556748 0.077441
vt 0.559610 0.079250
vt 0.562443 0.082829
vt 0.562433 0.086353
vt 0.562444 0.081059
vt 0.554322 0.087627
vt 0.554301 0.081307
vt 0.556757 0.089057
vt 0.554293 0.077715
vt 0.554293 0.075942
vt 0.554298 0.075078
vt 0.556751 0.076569
vt 0.559611 0.078367
vt 0.562442 0.080166
vt 0.564806 0.081655
vt 0.564813 0.082557
vt 0.564813 0.084326
vt 0.564802 0.087830
vt 0.562413 0.092506
vt 0.564771 0.093934
vt 0.559597 0.090781
vt 0.053955 0.061787
vt 0.054015 0.057135
vt 0.055745 0.057549
vt 0.055683 0.062185
vt 0.054042 0.054934
vt 0.055772 0.055355
vt 0.057810 0.058653
vt 0.057749 0.063243
vt 0.057837 0.056477
vt 0.051921 0.070048
vt 0.052030 0.061717
vt 0.053844 0.070116
vt 0.052089 0.057063
vt 0.052114 0.054860
vt 0.052123 0.053883
vt 0.054052 0.053958
vt 0.055782 0.054382
vt 0.057847 0.055509
vt 0.060782 0.057692
vt 0.060773 0.058652
vt 0.060747 0.060792
vt 0.060687 0.065294
vt 0.057637 0.071456
vt 0.060576 0.073339
vt 0.055571 0.070483
vt 0.505809 0.062055
vt 0.524420 0.063176
vt 0.523361 0.065126
vt 0.504812 0.064021
vt 0.532562 0.063666
vt 0.531473 0.065604
vt 0.520676 0.067457
vt 0.502296 0.066386
vt 0.528710 0.067912
vt 0.471747 0.057875
vt 0.506067 0.059941
vt 0.471496 0.059988
vt 0.524687 0.061059
vt 0.532839 0.061545
vt 0.535758 0.061714
vt 0.535471 0.063840
vt 0.534367 0.065768
vt 0.531573 0.068059
vt 0.526217 0.071276
vt 0.523415 0.071144
vt 0.515531 0.070716
vt 0.497483 0.069695
vt 0.468399 0.064391
vt 0.464190 0.067785
vt 0.470608 0.061976
vt 0.117658 0.001813
vt 0.112717 0.001494
vt 0.112739 0.001089
vt 0.117682 0.001407
vt 0.109870 0.001319
vt 0.109892 0.000914
vt 0.112759 0.000745
vt 0.117703 0.001061
vt 0.109911 0.000571
vt 0.125709 0.002844
vt 0.117630 0.002307
vt 0.125740 0.002348
vt 0.112691 0.001989
vt 0.109845 0.001817
vt 0.108045 0.001719
vt 0.108071 0.001217
vt 0.108092 0.000811
vt 0.108110 0.000469
vt 0.108127 0.000159
vt 0.109929 0.000260
vt 0.112778 0.000431
vt 0.117723 0.000744
vt 0.125789 0.001590
vt 0.125810 0.001270
vt 0.125766 0.001940
vt 0.096912 0.013238
vt 0.092099 0.012912
vt 0.097531 0.010937
vt 0.102384 0.011262
vt 0.089349 0.012736
vt 0.094746 0.010764
vt 0.102964 0.008997
vt 0.107855 0.009321
vt 0.100144 0.008828
vt 0.100236 0.015529
vt 0.092371 0.014981
vt 0.104817 0.013788
vt 0.087593 0.014655
vt 0.084872 0.014478
vt 0.083180 0.014375
vt 0.087629 0.012636
vt 0.092993 0.010666
vt 0.098360 0.008735
vt 0.102818 0.007111
vt 0.104626 0.007198
vt 0.107471 0.007362
vt 0.112393 0.007682
vt 0.115854 0.009875
vt 0.120430 0.008235
vt 0.110336 0.011814
vt 0.605693 0.009910
vt 0.588212 0.010038
vt 0.588296 0.005966
vt 0.605786 0.005820
vt 0.580564 0.010118
vt 0.580623 0.006071
vt 0.588311 0.003853
vt 0.605813 0.003685
vt 0.580616 0.003987
vt 0.637775 0.016726
vt 0.605502 0.016933
vt 0.637925 0.009708
vt 0.588023 0.017051
vt 0.580405 0.017110
vt 0.577719 0.017140
vt 0.577833 0.010173
vt 0.577859 0.006155
vt 0.577825 0.004105
vt 0.577762 0.003037
vt 0.580576 0.002885
vt 0.588290 0.002720
vt 0.605808 0.002528
vt 0.638028 0.003467
vt 0.638031 0.002296
vt 0.638001 0.005613
vt 0.570472 0.089448
vt 0.570504 0.085968
vt 0.570812 0.085969
vt 0.570781 0.089450
vt 0.570519 0.084201
vt 0.570828 0.084202
vt 0.571076 0.085971
vt 0.571046 0.089452
vt 0.571090 0.084204
vt 0.570048 0.095499
vt 0.570100 0.089448
vt 0.570418 0.095499
vt 0.570129 0.085967
vt 0.570142 0.084200
vt 0.570147 0.083289
vt 0.570527 0.083290
vt 0.570836 0.083291
vt 0.571097 0.083292
vt 0.571334 0.083293
vt 0.571330 0.084205
vt 0.571317 0.085973
vt 0.571290 0.089454
vt 0.570993 0.095502
vt 0.571240 0.095504
vt 0.570726 0.095500
vt 0.456559 0.098786
vt 0.457376 0.095204
vt 0.473501 0.095454
vt 0.472605 0.098978
vt 0.459799 0.092414
vt 0.476115 0.092712
vt 0.482497 0.094686
vt 0.481551 0.098203
vt 0.485232 0.091954
vt 0.428391 0.103519
vt 0.428357 0.097769
vt 0.456605 0.104344
vt 0.429070 0.094065
vt 0.431180 0.091185
vt 0.435340 0.087905
vt 0.464552 0.089234
vt 0.481098 0.089635
vt 0.490212 0.088981
vt 0.498455 0.086595
vt 0.491833 0.090188
vt 0.489273 0.092827
vt 0.488434 0.096328
vt 0.481574 0.103675
vt 0.488455 0.101877
vt 0.472645 0.104446
vt 0.064855 0.068503
vt 0.064905 0.064124
vt 0.069893 0.068048
vt 0.069907 0.072365
vt 0.064911 0.062004
vt 0.069772 0.065748
vt 0.075164 0.071825
vt 0.075323 0.076216
vt 0.074731 0.068978
vt 0.060687 0.065294
vt 0.064750 0.076287
vt 0.060773 0.058652
vt 0.060782 0.057692
vt 0.064895 0.061010
vt 0.069589 0.064439
vt 0.074038 0.066676
vt 0.077419 0.066420
vt 0.079529 0.071402
vt 0.080287 0.074919
vt 0.080597 0.079417
vt 0.075326 0.083444
vt 0.080729 0.086460
vt 0.069833 0.079854
vt 0.489984 0.074276
vt 0.507531 0.075223
vt 0.498028 0.080385
vt 0.480968 0.079571
vt 0.515227 0.075604
vt 0.505789 0.080590
vt 0.488743 0.085411
vt 0.471987 0.084810
vt 0.497086 0.085219
vt 0.464190 0.067785
vt 0.497483 0.069695
vt 0.457637 0.072489
vt 0.518002 0.075700
vt 0.508924 0.080481
vt 0.501551 0.084490
vt 0.490212 0.088981
vt 0.481098 0.089635
vt 0.441866 0.083337
vt 0.449747 0.077936
vt 0.062397 0.186452
vt 0.062820 0.170519
vt 0.068135 0.172018
vt 0.067802 0.188017
vt 0.063262 0.154357
vt 0.068533 0.155845
vt 0.074261 0.173596
vt 0.074059 0.189633
vt 0.074558 0.157434
vt 0.057652 0.201195
vt 0.058136 0.185171
vt 0.062037 0.202504
vt 0.058615 0.169305
vt 0.059072 0.153161
vt 0.059490 0.136305
vt 0.063683 0.137620
vt 0.068924 0.139256
vt 0.074854 0.141000
vt 0.081112 0.142641
vt 0.081013 0.158932
vt 0.080897 0.175048
vt 0.080879 0.191066
vt 0.074052 0.205692
vt 0.081078 0.207067
vt 0.067605 0.204087
vt 0.478596 0.288957
vt 0.478508 0.281239
vt 0.482359 0.281162
vt 0.482449 0.288902
vt 0.478393 0.272639
vt 0.482242 0.272539
vt 0.486687 0.281023
vt 0.486779 0.288814
vt 0.486565 0.272347
vt 0.474020 0.296272
vt 0.473952 0.289006
vt 0.478664 0.296233
vt 0.473865 0.281298
vt 0.473753 0.272705
vt 0.473607 0.262786
vt 0.478244 0.262714
vt 0.482089 0.262591
vt 0.486408 0.262343
vt 0.492466 0.261893
vt 0.492632 0.272003
vt 0.492759 0.280780
vt 0.492855 0.288668
vt 0.486849 0.296164
vt 0.492926 0.296112
vt 0.482518 0.296200
vt 0.478055 0.251163
vt 0.477824 0.238242
vt 0.481659 0.238048
vt 0.481895 0.251014
vt 0.477550 0.224347
vt 0.481379 0.224069
vt 0.485964 0.237672
vt 0.486207 0.250705
vt 0.485679 0.223616
vt 0.473422 0.251245
vt 0.473196 0.238372
vt 0.472930 0.224605
vt 0.472625 0.210380
vt 0.477233 0.209876
vt 0.481055 0.209455
vt 0.485352 0.208910
vt 0.491381 0.208032
vt 0.491710 0.222830
vt 0.492003 0.236994
vt 0.492256 0.250141
vt 0.476649 0.195177
vt 0.474681 0.180414
vt 0.479702 0.179573
vt 0.480616 0.194551
vt 0.470289 0.165679
vt 0.478066 0.164712
vt 0.484515 0.178833
vt 0.484977 0.193903
vt 0.483942 0.163913
vt 0.472625 0.210380
vt 0.471874 0.196084
vt 0.477233 0.209876
vt 0.468647 0.181897
vt 0.460119 0.167862
vt 0.439081 0.152723
vt 0.464401 0.151004
vt 0.476201 0.150174
vt 0.483327 0.149360
vt 0.489823 0.148164
vt 0.490233 0.162818
vt 0.490635 0.177813
vt 0.491021 0.192950
vt 0.485352 0.208910
vt 0.481056 0.209455
vt 0.008474 0.088989
vt 0.008532 0.102208
vt 0.008186 0.102209
vt 0.008129 0.088990
vt 0.008542 0.117415
vt 0.008196 0.117413
vt 0.007883 0.102209
vt 0.007828 0.088992
vt 0.007891 0.117413
vt 0.008818 0.078681
vt 0.008885 0.088988
vt 0.008404 0.078682
vt 0.008941 0.102209
vt 0.008949 0.117416
vt 0.008873 0.133684
vt 0.008469 0.133680
vt 0.008122 0.133677
vt 0.007815 0.133674
vt 0.007527 0.133672
vt 0.007605 0.117412
vt 0.007600 0.102210
vt 0.007549 0.088994
vt 0.007761 0.078687
vt 0.007485 0.078690
vt 0.008060 0.078685
vt 0.008279 0.150221
vt 0.007959 0.166830
vt 0.007614 0.166822
vt 0.007933 0.150215
vt 0.007500 0.183444
vt 0.007156 0.183434
vt 0.007305 0.166815
vt 0.007624 0.150211
vt 0.006848 0.183424
vt 0.008682 0.150227
vt 0.008361 0.166840
vt 0.007901 0.183456
vt 0.007292 0.200014
vt 0.006892 0.199999
vt 0.006550 0.199986
vt 0.006244 0.199975
vt 0.005958 0.199964
vt 0.006559 0.183416
vt 0.007015 0.166809
vt 0.007335 0.150206
vt 0.006139 0.216377
vt 0.005294 0.232238
vt 0.004956 0.232221
vt 0.005798 0.216362
vt 0.004425 0.247190
vt 0.004090 0.247172
vt 0.004659 0.232207
vt 0.005497 0.216349
vt 0.003798 0.247156
vt 0.006537 0.216394
vt 0.005691 0.232258
vt 0.004821 0.247211
vt 0.003995 0.260861
vt 0.003598 0.260838
vt 0.003267 0.260820
vt 0.002979 0.260804
vt 0.002713 0.260789
vt 0.003526 0.247142
vt 0.004382 0.232194
vt 0.005214 0.216336
vt 0.573731 0.287059
vt 0.573500 0.278298
vt 0.573790 0.278292
vt 0.574020 0.287054
vt 0.573178 0.268754
vt 0.573469 0.268746
vt 0.574037 0.278286
vt 0.574265 0.287050
vt 0.573720 0.268739
vt 0.573505 0.295432
vt 0.573379 0.287065
vt 0.573858 0.295429
vt 0.573148 0.278307
vt 0.572826 0.268764
vt 0.572426 0.258046
vt 0.572778 0.258035
vt 0.573071 0.258025
vt 0.573326 0.258017
vt 0.573562 0.258009
vt 0.573951 0.268732
vt 0.574264 0.278280
vt 0.574490 0.287047
vt 0.574391 0.295424
vt 0.574614 0.295422
vt 0.574146 0.295426
vt 0.572316 0.245875
vt 0.571830 0.232518
vt 0.572130 0.232509
vt 0.572613 0.245865
vt 0.571360 0.218335
vt 0.571663 0.218326
vt 0.572395 0.232500
vt 0.572872 0.245857
vt 0.571932 0.218318
vt 0.571964 0.245887
vt 0.571477 0.232530
vt 0.571006 0.218345
vt 0.570591 0.203703
vt 0.570947 0.203695
vt 0.571253 0.203687
vt 0.571525 0.203680
vt 0.571780 0.203674
vt 0.572183 0.218311
vt 0.572641 0.232492
vt 0.573113 0.245849
vt 0.570623 0.188915
vt 0.570392 0.174099
vt 0.570700 0.174094
vt 0.570931 0.188909
vt 0.570247 0.159295
vt 0.570556 0.159292
vt 0.570975 0.174090
vt 0.571205 0.188904
vt 0.570831 0.159289
vt 0.570266 0.188922
vt 0.570034 0.174104
vt 0.569888 0.159298
vt 0.569824 0.144554
vt 0.570185 0.144552
vt 0.570493 0.144551
vt 0.570768 0.144549
vt 0.571025 0.144548
vt 0.571089 0.159287
vt 0.571234 0.174086
vt 0.571463 0.188898
vt 0.602673 0.223441
vt 0.585007 0.223448
vt 0.585017 0.215048
vt 0.602682 0.215034
vt 0.577570 0.223449
vt 0.577580 0.215052
vt 0.585038 0.205664
vt 0.602701 0.205641
vt 0.577602 0.205670
vt 0.635684 0.231354
vt 0.602671 0.231354
vt 0.635685 0.223426
vt 0.585004 0.231354
vt 0.577567 0.231354
vt 0.575245 0.231354
vt 0.575248 0.223449
vt 0.575258 0.215051
vt 0.575279 0.205668
vt 0.575314 0.194808
vt 0.577639 0.194811
vt 0.585075 0.194802
vt 0.602732 0.194768
vt 0.635702 0.205591
vt 0.635723 0.194695
vt 0.635690 0.215003
vt 0.602780 0.182083
vt 0.585130 0.182131
vt 0.585207 0.167963
vt 0.602849 0.167900
vt 0.577695 0.182144
vt 0.577773 0.167980
vt 0.585313 0.152772
vt 0.602942 0.152693
vt 0.577878 0.152793
vt 0.635754 0.181983
vt 0.575367 0.182139
vt 0.575442 0.167974
vt 0.575541 0.152785
vt 0.575669 0.137045
vt 0.578015 0.137055
vt 0.585450 0.137031
vt 0.603065 0.136937
vt 0.635864 0.152529
vt 0.635949 0.136740
vt 0.635800 0.167769
vt 0.603223 0.121024
vt 0.585625 0.121131
vt 0.585847 0.105134
vt 0.603426 0.105016
vt 0.578188 0.121158
vt 0.578403 0.105163
vt 0.586125 0.089020
vt 0.603683 0.088894
vt 0.578669 0.089050
vt 0.636061 0.120796
vt 0.575830 0.121145
vt 0.576027 0.105148
vt 0.576265 0.089034
vt 0.576547 0.072783
vt 0.578993 0.072799
vt 0.586469 0.072766
vt 0.604006 0.072638
vt 0.636395 0.088626
vt 0.636635 0.072367
vt 0.636206 0.104763
vt 0.029398 0.084687
vt 0.029286 0.099839
vt 0.024649 0.100475
vt 0.024714 0.085838
vt 0.029123 0.116810
vt 0.024533 0.116977
vt 0.020037 0.101111
vt 0.020057 0.086989
vt 0.019967 0.117144
vt 0.033472 0.071402
vt 0.033368 0.083734
vt 0.029469 0.072722
vt 0.033217 0.099313
vt 0.033013 0.116673
vt 0.032753 0.134350
vt 0.028898 0.134233
vt 0.024349 0.134095
vt 0.019822 0.133957
vt 0.016033 0.133842
vt 0.016146 0.117283
vt 0.016181 0.101638
vt 0.016167 0.087942
vt 0.020054 0.075909
vt 0.016136 0.077229
vt 0.024748 0.074316
vt 0.028599 0.151025
vt 0.028211 0.167236
vt 0.023707 0.167148
vt 0.024079 0.150825
vt 0.027718 0.183199
vt 0.023220 0.183292
vt 0.019224 0.167062
vt 0.019580 0.150626
vt 0.018741 0.183386
vt 0.032430 0.151193
vt 0.032028 0.167311
vt 0.031531 0.183125
vt 0.030920 0.199058
vt 0.027104 0.199249
vt 0.022601 0.199484
vt 0.018119 0.199719
vt 0.014367 0.199912
vt 0.014991 0.183463
vt 0.015468 0.166990
vt 0.015812 0.150460
vt 0.026366 0.215565
vt 0.025557 0.231709
vt 0.021024 0.231894
vt 0.021851 0.215822
vt 0.024747 0.247085
vt 0.020190 0.247160
vt 0.016515 0.232080
vt 0.017358 0.216079
vt 0.015659 0.247236
vt 0.030193 0.215357
vt 0.029400 0.231559
vt 0.028610 0.247027
vt 0.027888 0.261122
vt 0.024001 0.261101
vt 0.019418 0.261080
vt 0.014862 0.261060
vt 0.011059 0.261041
vt 0.011875 0.247297
vt 0.012745 0.232233
vt 0.013599 0.216290
vt 0.051391 0.183694
vt 0.051923 0.167920
vt 0.053630 0.168105
vt 0.053102 0.183897
vt 0.052384 0.151811
vt 0.054093 0.151987
vt 0.055683 0.168524
vt 0.055171 0.184344
vt 0.056146 0.152395
vt 0.048884 0.199547
vt 0.049501 0.183597
vt 0.050776 0.199663
vt 0.050030 0.167839
vt 0.050486 0.151741
vt 0.050881 0.134773
vt 0.052785 0.134836
vt 0.054499 0.135021
vt 0.056557 0.135465
vt 0.054609 0.200347
vt 0.052500 0.199883
vt 0.537412 0.095917
vt 0.537566 0.108454
vt 0.535461 0.108745
vt 0.535300 0.096242
vt 0.537753 0.122861
vt 0.535658 0.123119
vt 0.532075 0.109515
vt 0.531902 0.097105
vt 0.532284 0.123796
vt 0.539099 0.086099
vt 0.539207 0.095861
vt 0.537298 0.086159
vt 0.539353 0.108400
vt 0.539532 0.122810
vt 0.539740 0.138181
vt 0.537970 0.138230
vt 0.535883 0.138461
vt 0.532522 0.139058
vt 0.526929 0.140210
vt 0.526671 0.125102
vt 0.526442 0.111004
vt 0.526251 0.098776
vt 0.531773 0.087453
vt 0.526108 0.089278
vt 0.535180 0.086512
vt 0.538213 0.153801
vt 0.538482 0.169407
vt 0.536410 0.169608
vt 0.536134 0.154014
vt 0.538778 0.185029
vt 0.536711 0.185222
vt 0.533070 0.170117
vt 0.532785 0.154557
vt 0.533378 0.185702
vt 0.539975 0.153751
vt 0.540237 0.169356
vt 0.540529 0.184974
vt 0.540854 0.200589
vt 0.539104 0.200647
vt 0.537038 0.200831
vt 0.533707 0.201281
vt 0.528161 0.202138
vt 0.527828 0.186621
vt 0.527510 0.171091
vt 0.527210 0.155603
vt 0.539455 0.216170
vt 0.539813 0.231215
vt 0.537740 0.231371
vt 0.537387 0.216342
vt 0.540154 0.245326
vt 0.538074 0.245463
vt 0.534401 0.231728
vt 0.534054 0.216750
vt 0.534727 0.245763
vt 0.541208 0.216107
vt 0.541572 0.231148
vt 0.541920 0.245258
vt 0.542228 0.257982
vt 0.540453 0.258047
vt 0.538365 0.258163
vt 0.535010 0.258405
vt 0.529432 0.258851
vt 0.529160 0.246321
vt 0.528844 0.232398
vt 0.528505 0.217523
vt 0.517799 0.101390
vt 0.518016 0.113332
vt 0.507936 0.116141
vt 0.507684 0.104544
vt 0.518276 0.127143
vt 0.508233 0.129607
vt 0.497756 0.118953
vt 0.497466 0.107700
vt 0.498095 0.132074
vt 0.517635 0.092134
vt 0.518564 0.142009
vt 0.508559 0.144180
vt 0.498462 0.146354
vt 0.489415 0.134125
vt 0.489033 0.121289
vt 0.488704 0.110318
vt 0.497248 0.099023
vt 0.488455 0.101877
vt 0.507495 0.095579
vt 0.518872 0.157235
vt 0.519194 0.172612
vt 0.509248 0.174446
vt 0.508899 0.159204
vt 0.519526 0.188053
vt 0.509597 0.189780
vt 0.499214 0.176283
vt 0.498838 0.161176
vt 0.499582 0.191510
vt 0.519865 0.203472
vt 0.509944 0.205081
vt 0.499936 0.206691
vt 0.491381 0.208032
vt 0.491021 0.192950
vt 0.490233 0.162818
vt 0.520205 0.218725
vt 0.520534 0.233439
vt 0.510596 0.234693
vt 0.510280 0.220173
vt 0.520835 0.247187
vt 0.510880 0.248229
vt 0.500572 0.235948
vt 0.500268 0.221623
vt 0.500839 0.249273
vt 0.521093 0.259540
vt 0.511121 0.260370
vt 0.501063 0.261200
vt 0.491710 0.222830
vt 0.560410 0.287165
vt 0.560211 0.278359
vt 0.563003 0.278361
vt 0.563211 0.287149
vt 0.559931 0.268692
vt 0.562710 0.268731
vt 0.565766 0.278363
vt 0.565982 0.287134
vt 0.565462 0.268771
vt 0.558118 0.295562
vt 0.558006 0.287179
vt 0.560525 0.295541
vt 0.557814 0.278359
vt 0.557547 0.268661
vt 0.557209 0.257647
vt 0.559578 0.257733
vt 0.562340 0.257839
vt 0.565076 0.257945
vt 0.567367 0.258033
vt 0.567762 0.268803
vt 0.568075 0.278364
vt 0.568296 0.287121
vt 0.566103 0.295494
vt 0.568419 0.295475
vt 0.563329 0.295518
vt 0.559162 0.245193
vt 0.558715 0.231348
vt 0.561438 0.231686
vt 0.561905 0.245401
vt 0.558273 0.216615
vt 0.560979 0.217097
vt 0.564139 0.232024
vt 0.564623 0.245610
vt 0.563664 0.217580
vt 0.556810 0.245022
vt 0.556381 0.231070
vt 0.555955 0.216217
vt 0.555568 0.200892
vt 0.557875 0.201412
vt 0.560568 0.202041
vt 0.563242 0.202672
vt 0.565493 0.203192
vt 0.565922 0.217979
vt 0.566406 0.232304
vt 0.566902 0.245782
vt 0.557549 0.186091
vt 0.557293 0.170749
vt 0.559984 0.171656
vt 0.560237 0.186862
vt 0.557100 0.155416
vt 0.559802 0.156461
vt 0.562656 0.172563
vt 0.562906 0.187632
vt 0.562485 0.157505
vt 0.555246 0.185454
vt 0.554988 0.169999
vt 0.554786 0.154552
vt 0.554629 0.139140
vt 0.556961 0.140124
vt 0.559683 0.141313
vt 0.562385 0.142501
vt 0.564659 0.143486
vt 0.564744 0.158371
vt 0.564907 0.173314
vt 0.565154 0.188270
vt 0.072427 0.310869
vt 0.067884 0.311585
vt 0.067861 0.310385
vt 0.072273 0.309729
vt 0.063318 0.311306
vt 0.063427 0.310123
vt 0.067845 0.309638
vt 0.072176 0.309017
vt 0.063493 0.309391
vt 0.076582 0.310806
vt 0.072665 0.312651
vt 0.076178 0.309235
vt 0.067919 0.313467
vt 0.063146 0.313167
vt 0.059148 0.311660
vt 0.059497 0.309956
vt 0.059719 0.308874
vt 0.059856 0.308207
vt 0.059950 0.307748
vt 0.063539 0.308885
vt 0.067832 0.309119
vt 0.072107 0.308519
vt 0.075754 0.307595
vt 0.075638 0.307151
vt 0.075917 0.308227
vt 0.074301 0.221809
vt 0.074729 0.237581
vt 0.067678 0.236200
vt 0.067586 0.220319
vt 0.075178 0.252398
vt 0.067790 0.250957
vt 0.061485 0.235077
vt 0.061757 0.218862
vt 0.061170 0.250440
vt 0.081078 0.207067
vt 0.081566 0.223057
vt 0.074052 0.205692
vt 0.082252 0.238765
vt 0.082990 0.253908
vt 0.083582 0.269224
vt 0.075213 0.265044
vt 0.067847 0.263377
vt 0.061051 0.263633
vt 0.054827 0.266785
vt 0.055878 0.250357
vt 0.056600 0.234193
vt 0.057162 0.217655
vt 0.062037 0.202504
vt 0.057652 0.201195
vt 0.067605 0.204087
vt 0.045725 0.215846
vt 0.044979 0.232257
vt 0.042174 0.232034
vt 0.042928 0.215661
vt 0.044254 0.247925
vt 0.041439 0.247675
vt 0.039404 0.231815
vt 0.040165 0.215480
vt 0.038658 0.247430
vt 0.048884 0.199547
vt 0.048182 0.216008
vt 0.046431 0.199419
vt 0.047441 0.232453
vt 0.046726 0.248144
vt 0.046097 0.262343
vt 0.043613 0.262121
vt 0.040784 0.261867
vt 0.037990 0.261618
vt 0.035612 0.261411
vt 0.036291 0.247225
vt 0.037046 0.231631
vt 0.037813 0.215328
vt 0.040876 0.199131
vt 0.038526 0.199011
vt 0.043636 0.199274
vt 0.568956 0.188947
vt 0.568719 0.174122
vt 0.569168 0.174116
vt 0.569403 0.188938
vt 0.568567 0.159311
vt 0.569018 0.159306
vt 0.569617 0.174110
vt 0.569851 0.188930
vt 0.569470 0.159302
vt 0.568870 0.203744
vt 0.568542 0.188955
vt 0.569282 0.203735
vt 0.568304 0.174128
vt 0.568149 0.159315
vt 0.568073 0.144566
vt 0.568492 0.144563
vt 0.568947 0.144560
vt 0.569402 0.144557
vt 0.570177 0.203713
vt 0.569729 0.203724
vt 0.570646 0.245931
vt 0.570165 0.232571
vt 0.570612 0.232557
vt 0.571095 0.245916
vt 0.569696 0.218382
vt 0.570143 0.218369
vt 0.571062 0.232543
vt 0.571547 0.245901
vt 0.570591 0.218357
vt 0.570694 0.258102
vt 0.570240 0.245944
vt 0.571100 0.258089
vt 0.569757 0.232584
vt 0.569286 0.218394
vt 0.572007 0.258060
vt 0.571551 0.258074
vt 0.572023 0.287087
vt 0.571801 0.278337
vt 0.572259 0.278327
vt 0.572484 0.287079
vt 0.571490 0.268803
vt 0.571945 0.268790
vt 0.572723 0.278316
vt 0.572951 0.287072
vt 0.572405 0.268777
vt 0.571735 0.295447
vt 0.571613 0.287093
vt 0.572146 0.295443
vt 0.571393 0.278347
vt 0.571083 0.268815
vt 0.573077 0.295435
vt 0.572609 0.295439
vt 0.008006 0.216460
vt 0.007166 0.232332
vt 0.006663 0.232306
vt 0.007505 0.216438
vt 0.006305 0.247291
vt 0.005799 0.247264
vt 0.006158 0.232281
vt 0.007002 0.216415
vt 0.005290 0.247236
vt 0.009222 0.200089
vt 0.008467 0.216481
vt 0.008759 0.200071
vt 0.007625 0.232354
vt 0.006764 0.247316
vt 0.005951 0.260971
vt 0.005492 0.260945
vt 0.004982 0.260916
vt 0.004468 0.260887
vt 0.007756 0.200032
vt 0.008258 0.200052
vt 0.010163 0.150253
vt 0.009834 0.166875
vt 0.009331 0.166863
vt 0.009657 0.150244
vt 0.009370 0.183503
vt 0.008868 0.183487
vt 0.008827 0.166851
vt 0.009151 0.150235
vt 0.008366 0.183471
vt 0.010836 0.133705
vt 0.010631 0.150261
vt 0.010366 0.133700
vt 0.010300 0.166886
vt 0.009834 0.183518
vt 0.009345 0.133689
vt 0.009856 0.133694
vt 0.010430 0.088989
vt 0.010466 0.102213
vt 0.009946 0.102211
vt 0.009903 0.088988
vt 0.010457 0.117425
vt 0.009942 0.117422
vt 0.009423 0.102209
vt 0.009373 0.088987
vt 0.009426 0.117419
vt 0.010863 0.078682
vt 0.010907 0.088990
vt 0.010382 0.078681
vt 0.010941 0.102215
vt 0.010929 0.117429
vt 0.009312 0.078680
vt 0.009849 0.078680
vt 0.568683 0.089453
vt 0.568693 0.085971
vt 0.569181 0.085969
vt 0.569165 0.089451
vt 0.568687 0.084201
vt 0.569182 0.084200
vt 0.569676 0.085968
vt 0.569653 0.089449
vt 0.569684 0.084200
vt 0.568220 0.095507
vt 0.568250 0.089455
vt 0.568650 0.095505
vt 0.568256 0.085973
vt 0.568247 0.084202
vt 0.568230 0.083288
vt 0.568674 0.083287
vt 0.569176 0.083287
vt 0.569684 0.083288
vt 0.570147 0.083289
vt 0.570129 0.085967
vt 0.570100 0.089448
vt 0.569607 0.095500
vt 0.569126 0.095502
vt 0.117526 0.004205
vt 0.112589 0.003899
vt 0.112626 0.003249
vt 0.117563 0.003558
vt 0.109740 0.003746
vt 0.109779 0.003089
vt 0.112660 0.002590
vt 0.117598 0.002905
vt 0.109814 0.002424
vt 0.125561 0.005318
vt 0.117491 0.004782
vt 0.125597 0.004740
vt 0.112551 0.004478
vt 0.109699 0.004329
vt 0.107890 0.004257
vt 0.107936 0.003670
vt 0.107977 0.003005
vt 0.108014 0.002332
vt 0.108045 0.001719
vt 0.109845 0.001817
vt 0.112691 0.001989
vt 0.117630 0.002307
vt 0.125674 0.003441
vt 0.125636 0.004094
vt 0.115299 0.006541
vt 0.110360 0.006225
vt 0.111861 0.005484
vt 0.116805 0.005794
vt 0.107501 0.006067
vt 0.109000 0.005330
vt 0.112437 0.004960
vt 0.117380 0.005266
vt 0.109579 0.004811
vt 0.123358 0.007090
vt 0.105683 0.005986
vt 0.107180 0.005255
vt 0.107764 0.004739
vt 0.125451 0.005806
vt 0.124874 0.006338
vt 0.566388 0.088772
vt 0.566399 0.085281
vt 0.567334 0.085770
vt 0.567326 0.089255
vt 0.566395 0.083511
vt 0.567327 0.084000
vt 0.567870 0.085949
vt 0.567864 0.089432
vt 0.567860 0.084179
vt 0.566354 0.094845
vt 0.566384 0.082603
vt 0.567312 0.083088
vt 0.567843 0.083265
vt 0.567834 0.095484
vt 0.567293 0.095313
vt 0.013593 0.088549
vt 0.013625 0.101973
vt 0.012162 0.102145
vt 0.012125 0.088861
vt 0.013609 0.117370
vt 0.012153 0.117414
vt 0.011399 0.102207
vt 0.011364 0.088975
vt 0.011389 0.117429
vt 0.013549 0.078070
vt 0.013512 0.133768
vt 0.012061 0.133729
vt 0.011297 0.133711
vt 0.011318 0.078660
vt 0.012078 0.078502
vt 0.013303 0.150353
vt 0.012967 0.166941
vt 0.011524 0.166913
vt 0.011857 0.150295
vt 0.012493 0.183509
vt 0.011053 0.183528
vt 0.010761 0.166897
vt 0.011092 0.150270
vt 0.010292 0.183528
vt 0.011871 0.200032
vt 0.010434 0.200088
vt 0.009677 0.200100
vt 0.011103 0.216421
vt 0.010246 0.232325
vt 0.008816 0.232366
vt 0.009669 0.216482
vt 0.009371 0.247332
vt 0.007944 0.247342
vt 0.008070 0.232371
vt 0.008918 0.216494
vt 0.007204 0.247334
vt 0.008549 0.261025
vt 0.007123 0.261009
vt 0.006388 0.260992
vt 0.569838 0.287111
vt 0.569615 0.278363
vt 0.570519 0.278360
vt 0.570741 0.287104
vt 0.569300 0.268821
vt 0.570206 0.268827
vt 0.571030 0.278355
vt 0.571251 0.287099
vt 0.570720 0.268824
vt 0.569961 0.295462
vt 0.568902 0.258086
vt 0.569809 0.258109
vt 0.570328 0.258112
vt 0.571374 0.295450
vt 0.570864 0.295454
vt 0.568434 0.245889
vt 0.567936 0.232479
vt 0.568850 0.232565
vt 0.569345 0.245940
vt 0.567449 0.218231
vt 0.568368 0.218356
vt 0.569381 0.232590
vt 0.569869 0.245952
vt 0.568905 0.218397
vt 0.567019 0.203522
vt 0.567942 0.203688
vt 0.568484 0.203744
vt 0.566681 0.188675
vt 0.566437 0.173791
vt 0.567364 0.174034
vt 0.567606 0.188879
vt 0.566279 0.158921
vt 0.567208 0.159202
vt 0.567912 0.174120
vt 0.568152 0.188951
vt 0.567757 0.159304
vt 0.566201 0.144113
vt 0.567133 0.144434
vt 0.567681 0.144551
vt 0.554302 0.215967
vt 0.554717 0.230897
vt 0.553478 0.230820
vt 0.553070 0.215849
vt 0.555134 0.244918
vt 0.553887 0.244878
vt 0.552291 0.230814
vt 0.551889 0.215825
vt 0.552693 0.244888
vt 0.555568 0.200892
vt 0.555955 0.216217
vt 0.553922 0.200563
vt 0.556381 0.231070
vt 0.556810 0.245022
vt 0.557209 0.257647
vt 0.555520 0.257598
vt 0.554264 0.257585
vt 0.553062 0.257605
vt 0.551535 0.257655
vt 0.551175 0.244936
vt 0.550781 0.230856
vt 0.550384 0.215858
vt 0.551517 0.200361
vt 0.550015 0.200384
vt 0.552695 0.200403
vt 0.553134 0.154003
vt 0.553344 0.169523
vt 0.552116 0.169285
vt 0.551902 0.153725
vt 0.553603 0.185051
vt 0.552378 0.184851
vt 0.550935 0.169208
vt 0.550716 0.153632
vt 0.551199 0.184791
vt 0.554629 0.139140
vt 0.552965 0.138514
vt 0.554989 0.169999
vt 0.555246 0.185454
vt 0.549697 0.184807
vt 0.549429 0.169217
vt 0.549204 0.153636
vt 0.550532 0.138086
vt 0.549013 0.138084
vt 0.551725 0.138196
vt 0.552643 0.096426
vt 0.552722 0.108897
vt 0.551459 0.108495
vt 0.551369 0.095986
vt 0.552829 0.123227
vt 0.551578 0.122866
vt 0.550251 0.108350
vt 0.550153 0.095827
vt 0.550378 0.122739
vt 0.554322 0.087627
vt 0.554361 0.097284
vt 0.552589 0.086715
vt 0.554422 0.109685
vt 0.554509 0.123934
vt 0.548850 0.122731
vt 0.548716 0.108338
vt 0.548610 0.095810
vt 0.550083 0.086077
vt 0.548535 0.086057
vt 0.551305 0.086248
vt 0.034159 0.183084
vt 0.034660 0.167364
vt 0.036443 0.167405
vt 0.035940 0.183080
vt 0.035071 0.151305
vt 0.036861 0.151374
vt 0.037923 0.167447
vt 0.037417 0.183110
vt 0.038345 0.151420
vt 0.031531 0.183125
vt 0.033551 0.198944
vt 0.032028 0.167311
vt 0.032430 0.151193
vt 0.032753 0.134350
vt 0.035411 0.134428
vt 0.037210 0.134477
vt 0.038702 0.134512
vt 0.040435 0.134549
vt 0.040072 0.151466
vt 0.039645 0.167501
vt 0.039135 0.183175
vt 0.036808 0.198932
vt 0.035332 0.198906
vt 0.031272 0.247000
vt 0.032048 0.231474
vt 0.033840 0.231458
vt 0.033072 0.247017
vt 0.032830 0.215233
vt 0.034615 0.215193
vt 0.035323 0.231510
vt 0.034561 0.247088
vt 0.036094 0.215228
vt 0.028610 0.247027
vt 0.030566 0.261146
vt 0.029400 0.231559
vt 0.030193 0.215357
vt 0.037046 0.231631
vt 0.036291 0.247225
vt 0.033873 0.261271
vt 0.035612 0.261411
vt 0.032376 0.261190
vt 0.029078 0.293937
vt 0.029495 0.284201
vt 0.031328 0.284243
vt 0.030924 0.293959
vt 0.029979 0.273441
vt 0.031801 0.273492
vt 0.032843 0.284305
vt 0.032450 0.293997
vt 0.033306 0.273571
vt 0.025945 0.303182
vt 0.026346 0.293924
vt 0.028695 0.303160
vt 0.026781 0.284163
vt 0.027284 0.273397
vt 0.035055 0.273696
vt 0.034603 0.284403
vt 0.034221 0.294058
vt 0.032090 0.303168
vt 0.033874 0.303186
vt 0.030554 0.303157
vt 0.506043 0.044332
vt 0.524435 0.045338
vt 0.525189 0.046574
vt 0.506636 0.045571
vt 0.532523 0.045708
vt 0.533354 0.046936
vt 0.525419 0.047968
vt 0.506805 0.046967
vt 0.533613 0.048326
vt 0.471538 0.040995
vt 0.504841 0.042939
vt 0.472195 0.042372
vt 0.522924 0.043940
vt 0.530862 0.044314
vt 0.533727 0.044374
vt 0.535458 0.045761
vt 0.536327 0.046978
vt 0.536598 0.048362
vt 0.536536 0.050250
vt 0.533556 0.050206
vt 0.525361 0.049840
vt 0.506736 0.048832
vt 0.472560 0.045003
vt 0.472466 0.046860
vt 0.472503 0.043608
vt 0.036303 0.062351
vt 0.036339 0.057750
vt 0.038208 0.057206
vt 0.038167 0.061844
vt 0.036349 0.055556
vt 0.038221 0.055001
vt 0.039740 0.057010
vt 0.039695 0.061661
vt 0.039755 0.054801
vt 0.033533 0.063341
vt 0.036228 0.070560
vt 0.033561 0.058814
vt 0.033568 0.056642
vt 0.033563 0.055649
vt 0.036345 0.054565
vt 0.038219 0.054012
vt 0.039755 0.053814
vt 0.041521 0.053797
vt 0.041519 0.054783
vt 0.041502 0.056991
vt 0.041455 0.061644
vt 0.039607 0.069976
vt 0.041362 0.069965
vt 0.038084 0.070130
vt 0.082003 0.015825
vt 0.084705 0.016003
vt 0.083198 0.017207
vt 0.080507 0.017032
vt 0.089461 0.016327
vt 0.087942 0.017530
vt 0.082604 0.018627
vt 0.079918 0.018455
vt 0.087340 0.018947
vt 0.084872 0.014478
vt 0.080329 0.015722
vt 0.087593 0.014655
vt 0.092371 0.014981
vt 0.100236 0.015529
vt 0.097299 0.016874
vt 0.095764 0.018075
vt 0.095151 0.019487
vt 0.094983 0.021467
vt 0.087183 0.020933
vt 0.082453 0.020621
vt 0.079771 0.020456
vt 0.078258 0.018357
vt 0.078112 0.020364
vt 0.078842 0.016930
vt 0.164771 0.010265
vt 0.149475 0.009009
vt 0.151030 0.008250
vt 0.166362 0.009505
vt 0.135136 0.007928
vt 0.136668 0.007172
vt 0.151625 0.007704
vt 0.166973 0.008951
vt 0.137252 0.006633
vt 0.176267 0.012741
vt 0.161704 0.011399
vt 0.179426 0.011624
vt 0.146472 0.010153
vt 0.132179 0.009075
vt 0.137365 0.006139
vt 0.151744 0.007200
vt 0.167099 0.008433
vt 0.181698 0.010304
vt 0.181832 0.009768
vt 0.181066 0.010868
vt 0.167153 0.007823
vt 0.151790 0.006607
vt 0.151842 0.005946
vt 0.167213 0.007143
vt 0.137405 0.005556
vt 0.137449 0.004905
vt 0.151893 0.005279
vt 0.167273 0.006457
vt 0.137493 0.004249
vt 0.181894 0.009132
vt 0.137533 0.003648
vt 0.151941 0.004668
vt 0.167328 0.005828
vt 0.182030 0.007709
vt 0.182092 0.007053
vt 0.181962 0.008424
vt 0.996759 0.118201
vt 0.994635 0.118192
vt 0.994837 0.101758
vt 0.996977 0.101766
vt 0.990811 0.118190
vt 0.990987 0.101760
vt 0.995054 0.085290
vt 0.997209 0.085297
vt 0.991175 0.085295
vt 0.997828 0.134582
vt 0.996561 0.134570
vt 0.998035 0.118214
vt 0.994449 0.134561
vt 0.990650 0.134556
vt 0.984320 0.134558
vt 0.984440 0.118199
vt 0.984570 0.101777
vt 0.984709 0.085320
vt 0.984856 0.068858
vt 0.991372 0.068828
vt 0.995281 0.068820
vt 0.997452 0.068826
vt 0.998503 0.085311
vt 0.998755 0.068840
vt 0.998261 0.101780
vt 0.996110 0.180928
vt 0.994027 0.180921
vt 0.994144 0.166371
vt 0.996234 0.166379
vt 0.990281 0.180915
vt 0.990383 0.166364
vt 0.994285 0.150756
vt 0.996385 0.150765
vt 0.990507 0.150750
vt 0.997262 0.193934
vt 0.996015 0.193928
vt 0.997361 0.180935
vt 0.993938 0.193923
vt 0.990202 0.193918
vt 0.983977 0.193914
vt 0.984039 0.180910
vt 0.984118 0.166360
vt 0.984212 0.150748
vt 0.997646 0.150776
vt 0.997490 0.166388
vt 0.995886 0.223267
vt 0.993817 0.223266
vt 0.993837 0.214670
vt 0.995907 0.214673
vt 0.990095 0.223265
vt 0.990113 0.214667
vt 0.993876 0.205058
vt 0.995948 0.205063
vt 0.990147 0.205054
vt 0.997122 0.231354
vt 0.995880 0.231354
vt 0.997128 0.223269
vt 0.993811 0.231354
vt 0.990090 0.231354
vt 0.983890 0.231354
vt 0.983894 0.223263
vt 0.983908 0.214665
vt 0.983934 0.205051
vt 0.997193 0.205067
vt 0.997150 0.214676
vt 0.088085 0.192144
vt 0.087868 0.176219
vt 0.095495 0.177155
vt 0.095955 0.192926
vt 0.087713 0.160195
vt 0.095040 0.161260
vt 0.104225 0.177954
vt 0.104880 0.193532
vt 0.103515 0.162209
vt 0.088489 0.208025
vt 0.087499 0.144017
vt 0.094470 0.145171
vt 0.102637 0.146196
vt 0.112618 0.147186
vt 0.113663 0.163126
vt 0.114506 0.178711
vt 0.115254 0.194082
vt 0.105593 0.209044
vt 0.116011 0.209379
vt 0.096540 0.208639
vt 0.090905 0.254073
vt 0.090003 0.239333
vt 0.098244 0.239473
vt 0.099168 0.253743
vt 0.089160 0.223850
vt 0.097331 0.224276
vt 0.107358 0.239475
vt 0.108247 0.253486
vt 0.106440 0.224492
vt 0.082990 0.253908
vt 0.091936 0.267319
vt 0.082252 0.238765
vt 0.081566 0.223057
vt 0.081078 0.207067
vt 0.088489 0.208025
vt 0.096540 0.208639
vt 0.105593 0.209044
vt 0.116011 0.209379
vt 0.116851 0.224635
vt 0.117727 0.239450
vt 0.118558 0.253313
vt 0.109015 0.266003
vt 0.119263 0.265716
vt 0.100041 0.266462
vt 0.094745 0.294854
vt 0.094265 0.286979
vt 0.101377 0.286293
vt 0.101711 0.294391
vt 0.093267 0.278087
vt 0.100804 0.277180
vt 0.109997 0.285829
vt 0.110271 0.293987
vt 0.109593 0.276671
vt 0.089582 0.302452
vt 0.089398 0.295452
vt 0.094935 0.302257
vt 0.088783 0.288106
vt 0.087245 0.279961
vt 0.119786 0.276317
vt 0.120155 0.285441
vt 0.120422 0.293580
vt 0.110479 0.301647
vt 0.120637 0.301227
vt 0.101906 0.301989
vt 0.081377 0.050314
vt 0.084634 0.050439
vt 0.086138 0.057518
vt 0.082377 0.057234
vt 0.089836 0.050688
vt 0.091710 0.057824
vt 0.087558 0.064478
vt 0.083051 0.063793
vt 0.093584 0.064926
vt 0.078429 0.044227
vt 0.080388 0.044262
vt 0.079091 0.050250
vt 0.083343 0.044367
vt 0.088287 0.044614
vt 0.096217 0.045073
vt 0.097969 0.051135
vt 0.100097 0.058264
vt 0.102240 0.065369
vt 0.104036 0.071360
vt 0.095156 0.070915
vt 0.088755 0.070333
vt 0.083551 0.069187
vt 0.079136 0.062837
vt 0.079510 0.056950
vt 0.085484 0.081501
vt 0.085084 0.076975
vt 0.090293 0.078153
vt 0.090760 0.082671
vt 0.084392 0.073333
vt 0.089655 0.074536
vt 0.096903 0.078764
vt 0.097459 0.083300
vt 0.096214 0.075155
vt 0.085792 0.088463
vt 0.088755 0.070333
vt 0.095156 0.070915
vt 0.104036 0.071360
vt 0.105231 0.075592
vt 0.106000 0.079200
vt 0.106629 0.083769
vt 0.098133 0.090329
vt 0.107401 0.090879
vt 0.091261 0.089638
vt 0.998407 0.006812
vt 0.996175 0.006806
vt 0.996228 0.002968
vt 0.998464 0.002975
vt 0.992153 0.006809
vt 0.992198 0.002970
vt 0.996250 0.001088
vt 0.998489 0.001096
vt 0.992217 0.001088
vt 0.999635 0.013597
vt 0.998303 0.013585
vt 0.999743 0.006822
vt 0.996078 0.013580
vt 0.992069 0.013586
vt 0.985383 0.013609
vt 0.985447 0.006828
vt 0.985479 0.002984
vt 0.985492 0.001098
vt 0.985495 0.000191
vt 0.992223 0.000185
vt 0.996258 0.000187
vt 0.998498 0.000196
vt 0.999830 0.001107
vt 0.999841 0.000208
vt 0.999803 0.002986
vt 0.145351 0.016826
vt 0.130459 0.015652
vt 0.136121 0.013699
vt 0.151133 0.014899
vt 0.116399 0.014612
vt 0.121978 0.012645
vt 0.141780 0.011779
vt 0.156913 0.013005
vt 0.127555 0.010711
vt 0.154485 0.019725
vt 0.140550 0.018530
vt 0.159429 0.018051
vt 0.125759 0.017376
vt 0.111768 0.016347
vt 0.171333 0.014314
vt 0.165382 0.016166
vt 0.167373 0.005304
vt 0.151980 0.004159
vt 0.152013 0.003737
vt 0.167410 0.004869
vt 0.137568 0.003148
vt 0.137597 0.002735
vt 0.152041 0.003374
vt 0.167441 0.004494
vt 0.137622 0.002379
vt 0.182142 0.006506
vt 0.125766 0.001940
vt 0.125789 0.001590
vt 0.137646 0.002053
vt 0.152068 0.003040
vt 0.167469 0.004150
vt 0.182216 0.005662
vt 0.182247 0.005302
vt 0.182182 0.006053
vt 0.079342 0.035052
vt 0.082004 0.035170
vt 0.082118 0.037327
vt 0.079428 0.037215
vt 0.086691 0.035431
vt 0.086830 0.037584
vt 0.082521 0.040142
vt 0.079743 0.040033
vt 0.087310 0.040394
vt 0.077738 0.032737
vt 0.079385 0.032789
vt 0.077694 0.035007
vt 0.082047 0.032913
vt 0.086739 0.033182
vt 0.094476 0.033668
vt 0.094419 0.035910
vt 0.094573 0.038058
vt 0.095114 0.040862
vt 0.077970 0.039995
vt 0.077748 0.037174
vt 0.535415 0.023981
vt 0.523059 0.023926
vt 0.523069 0.022635
vt 0.535424 0.022639
vt 0.502691 0.023426
vt 0.502705 0.022200
vt 0.523065 0.021476
vt 0.535414 0.021467
vt 0.502706 0.021077
vt 0.543723 0.025513
vt 0.535377 0.025577
vt 0.543766 0.023814
vt 0.523025 0.025416
vt 0.502660 0.024805
vt 0.470276 0.023518
vt 0.470308 0.022259
vt 0.470326 0.021121
vt 0.470334 0.020063
vt 0.470337 0.019047
vt 0.502702 0.020004
vt 0.523053 0.020384
vt 0.535394 0.020379
vt 0.543759 0.021252
vt 0.543731 0.020181
vt 0.543774 0.022428
vt 0.528221 0.042502
vt 0.520640 0.042145
vt 0.518438 0.040043
vt 0.524870 0.040325
vt 0.503301 0.041179
vt 0.503538 0.039233
vt 0.517118 0.037794
vt 0.521149 0.037913
vt 0.507888 0.037358
vt 0.533727 0.044374
vt 0.530862 0.044314
vt 0.530959 0.042557
vt 0.522924 0.043940
vt 0.504841 0.042939
vt 0.471538 0.040995
vt 0.471014 0.039283
vt 0.473432 0.037477
vt 0.483186 0.035983
vt 0.518612 0.035982
vt 0.516638 0.035664
vt 0.516378 0.035480
vt 0.517260 0.035384
vt 0.523171 0.037910
vt 0.518713 0.035333
vt 0.527347 0.040361
vt 0.535093 0.031527
vt 0.522787 0.030786
vt 0.522881 0.028975
vt 0.535205 0.029512
vt 0.502457 0.029623
vt 0.502537 0.028005
vt 0.522964 0.027136
vt 0.535304 0.027467
vt 0.502607 0.026360
vt 0.543260 0.034025
vt 0.534982 0.033328
vt 0.543388 0.032056
vt 0.522691 0.032422
vt 0.502373 0.031099
vt 0.470016 0.029152
vt 0.470092 0.027827
vt 0.470164 0.026384
vt 0.470227 0.024917
vt 0.470276 0.023518
vt 0.502660 0.024805
vt 0.523025 0.025416
vt 0.535377 0.025577
vt 0.543636 0.027575
vt 0.543723 0.025513
vt 0.543519 0.029831
vt 0.535104 0.036904
vt 0.525616 0.036028
vt 0.523533 0.034946
vt 0.534918 0.035936
vt 0.511783 0.034931
vt 0.505134 0.033586
vt 0.522727 0.033781
vt 0.534897 0.034778
vt 0.502656 0.032371
vt 0.542886 0.038526
vt 0.535390 0.037779
vt 0.542967 0.037701
vt 0.528464 0.037076
vt 0.522681 0.036462
vt 0.484330 0.033115
vt 0.473901 0.031545
vt 0.470445 0.030325
vt 0.470016 0.029152
vt 0.502373 0.031099
vt 0.543149 0.035571
vt 0.543260 0.034025
vt 0.543053 0.036756
vt 0.294345 0.031589
vt 0.357654 0.035506
vt 0.357033 0.036712
vt 0.293237 0.032778
vt 0.420254 0.039290
vt 0.420135 0.040514
vt 0.356724 0.038096
vt 0.292737 0.034155
vt 0.420024 0.041904
vt 0.243071 0.026847
vt 0.296407 0.030308
vt 0.240277 0.028108
vt 0.358781 0.034193
vt 0.420417 0.037942
vt 0.419887 0.043754
vt 0.356536 0.039941
vt 0.292499 0.036001
vt 0.238139 0.030658
vt 0.237865 0.032511
vt 0.238788 0.029285
vt 0.809326 0.119498
vt 0.747779 0.119970
vt 0.747701 0.103845
vt 0.809127 0.103319
vt 0.686719 0.120427
vt 0.686764 0.104353
vt 0.747609 0.087648
vt 0.808886 0.087085
vt 0.686827 0.088190
vt 0.861674 0.135262
vt 0.809488 0.135618
vt 0.861440 0.119084
vt 0.747847 0.136025
vt 0.686688 0.136420
vt 0.686913 0.071926
vt 0.747503 0.071376
vt 0.808596 0.070801
vt 0.860804 0.086585
vt 0.860383 0.070284
vt 0.861153 0.102855
vt 0.809809 0.181415
vt 0.747988 0.181621
vt 0.747951 0.167293
vt 0.809727 0.167023
vt 0.686644 0.181821
vt 0.686652 0.167556
vt 0.747904 0.151934
vt 0.809621 0.151595
vt 0.686666 0.152262
vt 0.862214 0.194152
vt 0.809870 0.194284
vt 0.862129 0.181233
vt 0.748017 0.194434
vt 0.686640 0.194578
vt 0.861863 0.151299
vt 0.862014 0.166786
vt 0.809953 0.223342
vt 0.748059 0.223373
vt 0.748052 0.214892
vt 0.809939 0.214828
vt 0.686639 0.223402
vt 0.686638 0.214954
vt 0.748038 0.205412
vt 0.809912 0.205309
vt 0.686639 0.205511
vt 0.862334 0.231354
vt 0.809958 0.231354
vt 0.862328 0.223315
vt 0.748061 0.231354
vt 0.686639 0.231354
vt 0.862273 0.205218
vt 0.862309 0.214771
vt 0.179791 0.291420
vt 0.179712 0.283554
vt 0.181885 0.283551
vt 0.181807 0.291399
vt 0.179581 0.274779
vt 0.181822 0.274791
vt 0.184251 0.283545
vt 0.183810 0.291378
vt 0.184325 0.274801
vt 0.177985 0.298868
vt 0.177897 0.291441
vt 0.179842 0.298832
vt 0.177787 0.283559
vt 0.177635 0.274770
vt 0.177419 0.264618
vt 0.179381 0.264641
vt 0.181639 0.264666
vt 0.184164 0.264687
vt 0.186924 0.264697
vt 0.187072 0.274803
vt 0.186917 0.283536
vt 0.186173 0.291355
vt 0.183018 0.298755
vt 0.183561 0.298723
vt 0.181649 0.298792
vt 0.177554 0.199035
vt 0.177323 0.186336
vt 0.179184 0.188669
vt 0.179545 0.200275
vt 0.177492 0.174575
vt 0.179267 0.178694
vt 0.181228 0.190760
vt 0.181768 0.201465
vt 0.181101 0.182056
vt 0.176063 0.211832
vt 0.175767 0.197988
vt 0.177958 0.212378
vt 0.175615 0.184384
vt 0.175727 0.170826
vt 0.176416 0.155548
vt 0.178500 0.164975
vt 0.180137 0.171155
vt 0.181687 0.175875
vt 0.182927 0.179112
vt 0.183048 0.184166
vt 0.183507 0.192241
vt 0.184251 0.202391
vt 0.182449 0.213638
vt 0.185063 0.214125
vt 0.180083 0.213018
vt 0.287535 0.062951
vt 0.348064 0.066372
vt 0.344026 0.072320
vt 0.285618 0.069186
vt 0.407950 0.069724
vt 0.401810 0.075396
vt 0.340000 0.078226
vt 0.283715 0.075380
vt 0.395680 0.081024
vt 0.236035 0.054414
vt 0.289143 0.057591
vt 0.235921 0.059982
vt 0.351429 0.061249
vt 0.413056 0.064832
vt 0.457637 0.072489
vt 0.449747 0.077936
vt 0.441866 0.083337
vt 0.435340 0.087905
vt 0.390607 0.085783
vt 0.336672 0.083220
vt 0.282148 0.080615
vt 0.235714 0.072923
vt 0.235646 0.078371
vt 0.235810 0.066472
vt 0.280477 0.091988
vt 0.280657 0.087680
vt 0.333481 0.089968
vt 0.333103 0.094067
vt 0.281158 0.084367
vt 0.334556 0.086805
vt 0.385735 0.092213
vt 0.385172 0.096100
vt 0.387376 0.089203
vt 0.235638 0.097209
vt 0.235624 0.090182
vt 0.280448 0.098729
vt 0.235612 0.085703
vt 0.235615 0.082267
vt 0.336672 0.083220
vt 0.390607 0.085783
vt 0.435340 0.087905
vt 0.431180 0.091185
vt 0.429070 0.094065
vt 0.428357 0.097769
vt 0.385177 0.102144
vt 0.428391 0.103519
vt 0.333079 0.100461
vt 0.807144 0.008680
vt 0.747003 0.009063
vt 0.746972 0.005001
vt 0.807052 0.004647
vt 0.687410 0.009418
vt 0.687441 0.005333
vt 0.746959 0.002872
vt 0.807012 0.002542
vt 0.687453 0.003190
vt 0.858520 0.015189
vt 0.807314 0.015603
vt 0.858271 0.008300
vt 0.747061 0.016026
vt 0.687351 0.016414
vt 0.637775 0.016726
vt 0.637925 0.009708
vt 0.638001 0.005613
vt 0.638028 0.003467
vt 0.638031 0.002296
vt 0.687455 0.002017
vt 0.746954 0.001710
vt 0.806999 0.001400
vt 0.858078 0.002225
vt 0.858057 0.001113
vt 0.858137 0.004300
vt 0.291143 0.049050
vt 0.355315 0.052966
vt 0.354785 0.055013
vt 0.290813 0.051127
vt 0.418809 0.056811
vt 0.418083 0.058826
vt 0.353608 0.057578
vt 0.290205 0.053769
vt 0.416343 0.061311
vt 0.236639 0.043524
vt 0.291371 0.046927
vt 0.236422 0.045658
vt 0.355552 0.050850
vt 0.419053 0.054698
vt 0.236143 0.050464
vt 0.236264 0.047758
vt 0.604194 0.532631
vt 0.604456 0.536688
vt 0.599981 0.536782
vt 0.599787 0.532695
vt 0.605179 0.541184
vt 0.600560 0.541261
vt 0.597457 0.536860
vt 0.597427 0.532778
vt 0.597625 0.541179
vt 0.611742 0.528791
vt 0.611779 0.532556
vt 0.604157 0.528791
vt 0.612041 0.536536
vt 0.612755 0.540942
vt 0.614150 0.545988
vt 0.606621 0.546353
vt 0.601941 0.546455
vt 0.598624 0.546195
vt 0.593925 0.544858
vt 0.595549 0.541200
vt 0.595894 0.537066
vt 0.596002 0.532923
vt 0.597423 0.528790
vt 0.596018 0.528790
vt 0.599760 0.528791
vt 0.063123 0.288170
vt 0.067684 0.287814
vt 0.067680 0.289015
vt 0.063251 0.289351
vt 0.072237 0.288454
vt 0.072103 0.289596
vt 0.067677 0.289761
vt 0.063330 0.290082
vt 0.072018 0.290309
vt 0.058947 0.287887
vt 0.062919 0.286313
vt 0.059325 0.289585
vt 0.067686 0.285932
vt 0.072445 0.286668
vt 0.076393 0.288446
vt 0.076015 0.290024
vt 0.075772 0.291036
vt 0.075619 0.291671
vt 0.075511 0.292117
vt 0.071957 0.290808
vt 0.067673 0.290280
vt 0.063384 0.290588
vt 0.059713 0.291327
vt 0.059815 0.291785
vt 0.059565 0.290663
vt 0.080208 0.300195
vt 0.079775 0.303699
vt 0.079413 0.303130
vt 0.079835 0.299903
vt 0.078561 0.306782
vt 0.078234 0.305970
vt 0.079186 0.302772
vt 0.079601 0.299720
vt 0.078028 0.305459
vt 0.080835 0.296479
vt 0.080791 0.300648
vt 0.080252 0.296481
vt 0.080339 0.304582
vt 0.079072 0.308046
vt 0.077883 0.305098
vt 0.079027 0.302519
vt 0.079437 0.299590
vt 0.079644 0.296484
vt 0.079480 0.296484
vt 0.079878 0.296482
vt 0.055015 0.299277
vt 0.055558 0.295391
vt 0.055916 0.296023
vt 0.055396 0.299608
vt 0.056867 0.292066
vt 0.057181 0.292956
vt 0.056137 0.296412
vt 0.055630 0.299811
vt 0.057376 0.293502
vt 0.054237 0.303432
vt 0.054416 0.298753
vt 0.054855 0.303444
vt 0.054994 0.294391
vt 0.056371 0.290663
vt 0.057510 0.293877
vt 0.056289 0.296678
vt 0.055792 0.299950
vt 0.055489 0.303456
vt 0.055655 0.303459
vt 0.055248 0.303451
vt 0.608928 0.552319
vt 0.611773 0.558750
vt 0.607488 0.559225
vt 0.604404 0.552567
vt 0.614716 0.565201
vt 0.610591 0.565904
vt 0.605110 0.559584
vt 0.601528 0.552546
vt 0.608482 0.566654
vt 0.616348 0.551783
vt 0.619053 0.558014
vt 0.621866 0.564264
vt 0.624386 0.570115
vt 0.617338 0.571222
vt 0.613286 0.572064
vt 0.611250 0.573040
vt 0.610424 0.575341
vt 0.607475 0.567653
vt 0.603728 0.559964
vt 0.599465 0.552324
vt 0.621845 0.472293
vt 0.620766 0.476489
vt 0.616724 0.475707
vt 0.617809 0.471495
vt 0.619326 0.481102
vt 0.615289 0.480268
vt 0.614552 0.475284
vt 0.615622 0.471109
vt 0.613183 0.479592
vt 0.629645 0.469776
vt 0.628764 0.473689
vt 0.622743 0.468302
vt 0.627709 0.477805
vt 0.626307 0.482330
vt 0.624386 0.487467
vt 0.617338 0.486359
vt 0.613286 0.485518
vt 0.611251 0.484541
vt 0.610424 0.482241
vt 0.611949 0.479227
vt 0.613195 0.475186
vt 0.614250 0.470964
vt 0.616553 0.466971
vt 0.615211 0.466678
vt 0.618721 0.467440
vt 0.614716 0.492381
vt 0.611773 0.498831
vt 0.607488 0.498357
vt 0.610591 0.491678
vt 0.608928 0.505263
vt 0.604404 0.505014
vt 0.605111 0.497997
vt 0.608482 0.490928
vt 0.601528 0.505035
vt 0.621866 0.493318
vt 0.619053 0.499567
vt 0.616348 0.505798
vt 0.614150 0.511594
vt 0.606621 0.511229
vt 0.601941 0.511127
vt 0.598624 0.511387
vt 0.593925 0.512723
vt 0.599465 0.505258
vt 0.603728 0.497618
vt 0.607475 0.489929
vt 0.683019 0.501115
vt 0.681209 0.505800
vt 0.678793 0.505550
vt 0.680634 0.500809
vt 0.679492 0.510472
vt 0.677046 0.510277
vt 0.674357 0.505099
vt 0.676264 0.500251
vt 0.672544 0.509934
vt 0.686059 0.496880
vt 0.684410 0.501294
vt 0.684680 0.496673
vt 0.682614 0.505950
vt 0.680910 0.510593
vt 0.679537 0.514967
vt 0.678108 0.514873
vt 0.675637 0.514729
vt 0.671082 0.514483
vt 0.663401 0.514085
vt 0.664960 0.509369
vt 0.666889 0.504349
vt 0.668915 0.499314
vt 0.678010 0.495660
vt 0.670762 0.494554
vt 0.682323 0.496316
vt 0.687892 0.485656
vt 0.687048 0.489037
vt 0.684723 0.488597
vt 0.685576 0.485182
vt 0.686010 0.492667
vt 0.683672 0.492266
vt 0.680475 0.487793
vt 0.681343 0.484321
vt 0.679399 0.491528
vt 0.689993 0.482704
vt 0.689250 0.485937
vt 0.688639 0.482400
vt 0.688411 0.489294
vt 0.687380 0.492901
vt 0.672221 0.490286
vt 0.673341 0.486442
vt 0.674234 0.482880
vt 0.682106 0.480981
vt 0.675014 0.479460
vt 0.686329 0.481893
vt 0.679492 0.547110
vt 0.681209 0.551782
vt 0.678793 0.552032
vt 0.677046 0.547305
vt 0.683019 0.556467
vt 0.680634 0.556772
vt 0.674357 0.552482
vt 0.672544 0.547648
vt 0.676264 0.557330
vt 0.679537 0.542615
vt 0.680910 0.546989
vt 0.678108 0.542708
vt 0.682614 0.551632
vt 0.684410 0.556288
vt 0.686059 0.560701
vt 0.684680 0.560909
vt 0.682323 0.561266
vt 0.678010 0.561922
vt 0.670762 0.563028
vt 0.668915 0.558268
vt 0.666889 0.553233
vt 0.664960 0.548213
vt 0.671082 0.543098
vt 0.663401 0.543496
vt 0.675637 0.542852
vt 0.676626 0.531941
vt 0.676787 0.535223
vt 0.674292 0.535287
vt 0.674127 0.531972
vt 0.677233 0.538768
vt 0.674746 0.538869
vt 0.669685 0.535389
vt 0.669514 0.532021
vt 0.670157 0.539035
vt 0.678045 0.528791
vt 0.678066 0.531919
vt 0.676604 0.528791
vt 0.678227 0.535179
vt 0.678669 0.538700
vt 0.662415 0.539301
vt 0.661911 0.535550
vt 0.661728 0.532096
vt 0.669491 0.528791
vt 0.661703 0.528791
vt 0.674105 0.528791
vt 0.658094 0.497934
vt 0.655889 0.503247
vt 0.642888 0.501949
vt 0.645309 0.496305
vt 0.653782 0.508545
vt 0.640570 0.507576
vt 0.629930 0.500654
vt 0.632564 0.494681
vt 0.627400 0.506610
vt 0.660095 0.492924
vt 0.652077 0.513509
vt 0.638691 0.512833
vt 0.625347 0.512160
vt 0.619053 0.499567
vt 0.621866 0.493318
vt 0.634931 0.489078
vt 0.624386 0.487467
vt 0.647493 0.490998
vt 0.663775 0.480765
vt 0.662844 0.484455
vt 0.650444 0.482108
vt 0.651418 0.478267
vt 0.661660 0.488457
vt 0.649184 0.486294
vt 0.638085 0.479768
vt 0.639102 0.475778
vt 0.636747 0.484139
vt 0.664578 0.477229
vt 0.626307 0.482330
vt 0.627709 0.477805
vt 0.628764 0.473689
vt 0.639960 0.471977
vt 0.652249 0.474598
vt 0.653782 0.549036
vt 0.655889 0.554334
vt 0.642888 0.555633
vt 0.640570 0.550006
vt 0.658094 0.559647
vt 0.645308 0.561277
vt 0.629929 0.556927
vt 0.627400 0.550971
vt 0.632564 0.562901
vt 0.652077 0.544073
vt 0.660095 0.564658
vt 0.647493 0.566584
vt 0.634931 0.568503
vt 0.624385 0.570115
vt 0.621866 0.564264
vt 0.619053 0.558014
vt 0.616348 0.551783
vt 0.625347 0.545422
vt 0.614150 0.545988
vt 0.638691 0.544749
vt 0.650245 0.532203
vt 0.650446 0.535779
vt 0.636891 0.536046
vt 0.636668 0.532328
vt 0.650998 0.539681
vt 0.637500 0.540126
vt 0.623378 0.536312
vt 0.623134 0.532452
vt 0.624045 0.540569
vt 0.650217 0.528791
vt 0.612041 0.536536
vt 0.623100 0.528791
vt 0.611742 0.528791
vt 0.636637 0.528791
vt 0.170098 0.291647
vt 0.169948 0.283724
vt 0.173724 0.283617
vt 0.173857 0.291523
vt 0.169734 0.274886
vt 0.173535 0.274802
vt 0.176036 0.283572
vt 0.176157 0.291465
vt 0.175868 0.274771
vt 0.164115 0.299365
vt 0.163978 0.291873
vt 0.170216 0.299114
vt 0.163806 0.283921
vt 0.163562 0.275047
vt 0.163210 0.264790
vt 0.169425 0.264679
vt 0.173264 0.264623
vt 0.175628 0.264608
vt 0.177419 0.264618
vt 0.177635 0.274770
vt 0.177897 0.291441
vt 0.176253 0.298905
vt 0.177985 0.298868
vt 0.173963 0.298974
vt 0.169006 0.252800
vt 0.168532 0.239578
vt 0.172481 0.239611
vt 0.172897 0.252782
vt 0.168077 0.225496
vt 0.172080 0.225596
vt 0.174934 0.239657
vt 0.175305 0.252789
vt 0.174564 0.225714
vt 0.162734 0.252847
vt 0.162193 0.239547
vt 0.161663 0.225376
vt 0.161223 0.210821
vt 0.167712 0.211038
vt 0.171756 0.211226
vt 0.174244 0.211464
vt 0.176063 0.211832
vt 0.176416 0.225890
vt 0.176781 0.239728
vt 0.177126 0.252815
vt 0.167485 0.196604
vt 0.167333 0.182257
vt 0.171429 0.182734
vt 0.171551 0.196909
vt 0.167164 0.167975
vt 0.171316 0.168707
vt 0.173895 0.183292
vt 0.174015 0.197314
vt 0.173869 0.169281
vt 0.161223 0.210821
vt 0.160920 0.196269
vt 0.167712 0.211038
vt 0.160686 0.181712
vt 0.160424 0.167040
vt 0.160035 0.152145
vt 0.166882 0.153736
vt 0.171086 0.154818
vt 0.173759 0.155004
vt 0.174244 0.211464
vt 0.171756 0.211226
vt 0.233916 0.010667
vt 0.211467 0.009064
vt 0.211512 0.008545
vt 0.233960 0.010091
vt 0.195693 0.007724
vt 0.195736 0.007245
vt 0.211548 0.008097
vt 0.233995 0.009587
vt 0.195771 0.006831
vt 0.267434 0.013445
vt 0.233858 0.011353
vt 0.267489 0.012676
vt 0.211410 0.009688
vt 0.195639 0.008303
vt 0.195803 0.006451
vt 0.211580 0.007683
vt 0.234025 0.009119
vt 0.267562 0.011430
vt 0.267590 0.010879
vt 0.267530 0.012016
vt 0.211001 0.022678
vt 0.187650 0.020760
vt 0.193879 0.018990
vt 0.216984 0.020951
vt 0.172183 0.019300
vt 0.178339 0.017471
vt 0.200105 0.017255
vt 0.222964 0.019257
vt 0.184491 0.015677
vt 0.243071 0.026847
vt 0.206032 0.024234
vt 0.247410 0.025298
vt 0.182476 0.022348
vt 0.167071 0.020930
vt 0.189592 0.014151
vt 0.205268 0.015775
vt 0.227923 0.017805
vt 0.257853 0.021891
vt 0.262185 0.020430
vt 0.252633 0.023580
vt 0.233621 0.013912
vt 0.211179 0.012045
vt 0.211259 0.011244
vt 0.233704 0.013044
vt 0.195421 0.010502
vt 0.195496 0.009754
vt 0.211339 0.010433
vt 0.233786 0.012165
vt 0.195571 0.008997
vt 0.267124 0.017105
vt 0.233545 0.014689
vt 0.267200 0.016251
vt 0.211106 0.012762
vt 0.195353 0.011173
vt 0.267363 0.014341
vt 0.267283 0.015303
vt 0.231101 0.016740
vt 0.208575 0.014707
vt 0.210293 0.013954
vt 0.232755 0.015968
vt 0.192858 0.013060
vt 0.194555 0.012309
vt 0.210959 0.013359
vt 0.233399 0.015336
vt 0.195211 0.011734
vt 0.264964 0.019335
vt 0.266987 0.017823
vt 0.266416 0.018516
vt 0.272916 0.203135
vt 0.272181 0.193161
vt 0.317604 0.193148
vt 0.318576 0.203059
vt 0.271727 0.184375
vt 0.316504 0.184503
vt 0.362966 0.192863
vt 0.364910 0.202744
vt 0.359444 0.184540
vt 0.235676 0.214416
vt 0.234789 0.203126
vt 0.273679 0.214371
vt 0.233883 0.193108
vt 0.233159 0.184301
vt 0.232819 0.176642
vt 0.271976 0.176685
vt 0.316796 0.176973
vt 0.358109 0.177662
vt 0.385617 0.178570
vt 0.394621 0.183752
vt 0.401965 0.191906
vt 0.405172 0.202005
vt 0.365597 0.214045
vt 0.405943 0.213593
vt 0.319247 0.214276
vt 0.275096 0.252494
vt 0.274760 0.239772
vt 0.320154 0.239601
vt 0.320451 0.252272
vt 0.274297 0.226800
vt 0.319759 0.226674
vt 0.366333 0.239406
vt 0.366593 0.252038
vt 0.366003 0.226488
vt 0.237522 0.264398
vt 0.237267 0.252682
vt 0.275333 0.264172
vt 0.236899 0.239917
vt 0.236380 0.226897
vt 0.235676 0.214416
vt 0.273679 0.214371
vt 0.319247 0.214276
vt 0.365597 0.214045
vt 0.405943 0.213593
vt 0.406269 0.226211
vt 0.406547 0.239193
vt 0.406779 0.251817
vt 0.366793 0.263621
vt 0.406965 0.263363
vt 0.320669 0.263902
vt 0.275692 0.290650
vt 0.275612 0.282895
vt 0.320937 0.282558
vt 0.321016 0.290288
vt 0.275499 0.274223
vt 0.320826 0.273914
vt 0.367049 0.282209
vt 0.367130 0.289918
vt 0.366941 0.273595
vt 0.237953 0.298264
vt 0.237891 0.290950
vt 0.275755 0.297945
vt 0.237812 0.283175
vt 0.237695 0.274478
vt 0.407107 0.273305
vt 0.407214 0.281897
vt 0.407296 0.289591
vt 0.367194 0.297173
vt 0.407361 0.296834
vt 0.321080 0.297562
vt 0.449341 0.172309
vt 0.460670 0.184379
vt 0.448635 0.187309
vt 0.436538 0.177139
vt 0.464866 0.197474
vt 0.453206 0.199130
vt 0.430030 0.189970
vt 0.419266 0.181145
vt 0.434217 0.200735
vt 0.460119 0.167862
vt 0.424495 0.162727
vt 0.472625 0.210380
vt 0.465735 0.211118
vt 0.454116 0.211999
vt 0.435080 0.212874
vt 0.405943 0.213593
vt 0.405172 0.202005
vt 0.401965 0.191907
vt 0.394621 0.183752
vt 0.398356 0.174920
vt 0.412146 0.169576
vt 0.277128 0.155402
vt 0.328676 0.155782
vt 0.324237 0.163495
vt 0.275118 0.163075
vt 0.381113 0.157688
vt 0.372679 0.165296
vt 0.319743 0.170246
vt 0.273228 0.169854
vt 0.363827 0.171633
vt 0.234906 0.146036
vt 0.278793 0.145899
vt 0.234255 0.155627
vt 0.331870 0.146257
vt 0.387020 0.147889
vt 0.316796 0.176973
vt 0.271976 0.176685
vt 0.232997 0.169910
vt 0.232819 0.176642
vt 0.233547 0.163245
vt 0.179105 0.252855
vt 0.178765 0.239831
vt 0.181017 0.239947
vt 0.181368 0.252900
vt 0.178377 0.226145
vt 0.180589 0.226441
vt 0.183522 0.240052
vt 0.183891 0.252938
vt 0.183045 0.226722
vt 0.179381 0.264641
vt 0.177958 0.212378
vt 0.180083 0.213018
vt 0.182449 0.213638
vt 0.185063 0.214125
vt 0.185740 0.226933
vt 0.186261 0.240124
vt 0.186648 0.252957
vt 0.184164 0.264687
vt 0.186924 0.264697
vt 0.181639 0.264666
vt 0.466024 0.224963
vt 0.466278 0.238537
vt 0.454640 0.238741
vt 0.454393 0.225392
vt 0.466497 0.251341
vt 0.454855 0.251467
vt 0.435618 0.238966
vt 0.435365 0.225830
vt 0.435836 0.251626
vt 0.472930 0.224605
vt 0.465735 0.211118
vt 0.473196 0.238372
vt 0.473607 0.262786
vt 0.466679 0.262873
vt 0.455034 0.262993
vt 0.436015 0.263153
vt 0.406965 0.263363
vt 0.406779 0.251817
vt 0.406547 0.239193
vt 0.406269 0.226211
vt 0.435080 0.212874
vt 0.454116 0.211999
vt 0.181459 0.159448
vt 0.189290 0.156900
vt 0.190023 0.164397
vt 0.182696 0.166621
vt 0.205623 0.155937
vt 0.205749 0.163527
vt 0.190840 0.170751
vt 0.183921 0.172415
vt 0.206015 0.170096
vt 0.180306 0.149534
vt 0.188647 0.147106
vt 0.205542 0.146246
vt 0.206516 0.176723
vt 0.191736 0.177111
vt 0.185010 0.177999
vt 0.190154 0.291325
vt 0.190558 0.283517
vt 0.197979 0.283467
vt 0.197909 0.291265
vt 0.190638 0.274791
vt 0.197929 0.274747
vt 0.212552 0.283361
vt 0.212613 0.291150
vt 0.212443 0.274649
vt 0.189795 0.298670
vt 0.190480 0.264687
vt 0.197755 0.264644
vt 0.212264 0.264553
vt 0.237695 0.274478
vt 0.237812 0.283175
vt 0.237891 0.290950
vt 0.212663 0.298477
vt 0.237953 0.298264
vt 0.197881 0.298602
vt 0.190203 0.252949
vt 0.189805 0.240142
vt 0.197082 0.240109
vt 0.197481 0.252905
vt 0.189255 0.227034
vt 0.196521 0.227040
vt 0.211608 0.240032
vt 0.211997 0.252819
vt 0.211056 0.226984
vt 0.190480 0.264687
vt 0.188521 0.214394
vt 0.195761 0.214485
vt 0.210305 0.214469
vt 0.212264 0.264553
vt 0.197755 0.264644
vt 0.187609 0.202907
vt 0.186670 0.192921
vt 0.193735 0.193090
vt 0.194795 0.203108
vt 0.185844 0.184644
vt 0.192704 0.184457
vt 0.208297 0.193103
vt 0.209345 0.203141
vt 0.207308 0.184315
vt 0.188521 0.214394
vt 0.185010 0.177999
vt 0.191736 0.177111
vt 0.206516 0.176723
vt 0.210305 0.214469
vt 0.195761 0.214485
vt 0.432099 0.029967
vt 0.370880 0.026249
vt 0.369653 0.025171
vt 0.426256 0.028620
vt 0.312950 0.022585
vt 0.313802 0.021675
vt 0.369056 0.024246
vt 0.423873 0.027521
vt 0.314131 0.020888
vt 0.436942 0.031517
vt 0.370785 0.027547
vt 0.311025 0.023755
vt 0.262185 0.020430
vt 0.264964 0.019335
vt 0.266987 0.017823
vt 0.267124 0.017105
vt 0.314236 0.020076
vt 0.369029 0.023320
vt 0.423593 0.026468
vt 0.423666 0.025283
vt 0.369102 0.022261
vt 0.369176 0.021104
vt 0.423736 0.023993
vt 0.314311 0.019128
vt 0.314389 0.018084
vt 0.369244 0.019927
vt 0.423800 0.022682
vt 0.314464 0.017023
vt 0.423593 0.026468
vt 0.314529 0.016025
vt 0.369302 0.018809
vt 0.423851 0.021430
vt 0.421030 0.036277
vt 0.360649 0.032574
vt 0.363669 0.030801
vt 0.423984 0.034508
vt 0.299618 0.028733
vt 0.303579 0.026987
vt 0.367770 0.029087
vt 0.430779 0.032917
vt 0.307673 0.025265
vt 0.420417 0.037942
vt 0.358781 0.034193
vt 0.243071 0.026847
vt 0.247410 0.025298
vt 0.252633 0.023580
vt 0.257853 0.021891
vt 0.423887 0.020299
vt 0.369344 0.017809
vt 0.369375 0.016912
vt 0.423911 0.019274
vt 0.314578 0.015149
vt 0.314615 0.014378
vt 0.369396 0.016083
vt 0.423926 0.018320
vt 0.314643 0.013678
vt 0.470308 0.022259
vt 0.314666 0.013014
vt 0.369414 0.015289
vt 0.423936 0.017401
vt 0.470333 0.020063
vt 0.470337 0.019047
vt 0.470326 0.021121
vt 0.159772 0.040496
vt 0.174966 0.041616
vt 0.175011 0.043739
vt 0.159865 0.042623
vt 0.198671 0.043233
vt 0.198637 0.045348
vt 0.175428 0.046505
vt 0.160389 0.045398
vt 0.198852 0.048094
vt 0.147691 0.037363
vt 0.159932 0.038311
vt 0.147554 0.039564
vt 0.175148 0.039449
vt 0.198873 0.041084
vt 0.199397 0.052133
vt 0.176362 0.050600
vt 0.161520 0.049525
vt 0.148249 0.044472
vt 0.149464 0.048620
vt 0.147676 0.041694
vt 0.928488 0.007397
vt 0.914956 0.007653
vt 0.914822 0.003712
vt 0.928383 0.003482
vt 0.893290 0.007955
vt 0.893143 0.003986
vt 0.914762 0.001707
vt 0.928334 0.001511
vt 0.893078 0.001945
vt 0.939228 0.014011
vt 0.928676 0.014227
vt 0.939105 0.007192
vt 0.915199 0.014496
vt 0.893559 0.014817
vt 0.893053 0.000869
vt 0.914738 0.000670
vt 0.928313 0.000511
vt 0.939001 0.001357
vt 0.938985 0.000390
vt 0.939036 0.003300
vt 0.172611 0.087789
vt 0.171760 0.082803
vt 0.184816 0.083400
vt 0.185281 0.088140
vt 0.170906 0.079105
vt 0.184188 0.079800
vt 0.204514 0.084303
vt 0.204714 0.088902
vt 0.204156 0.080782
vt 0.163598 0.097512
vt 0.161571 0.087438
vt 0.173975 0.095716
vt 0.160472 0.082225
vt 0.159493 0.078473
vt 0.158160 0.074315
vt 0.169667 0.074984
vt 0.183163 0.075731
vt 0.203528 0.076784
vt 0.235646 0.078371
vt 0.235615 0.082267
vt 0.235624 0.090182
vt 0.204868 0.096128
vt 0.235638 0.097209
vt 0.185825 0.095579
vt 0.163342 0.055418
vt 0.177877 0.056424
vt 0.179731 0.063238
vt 0.165563 0.062324
vt 0.200307 0.057854
vt 0.201432 0.064535
vt 0.181600 0.070016
vt 0.167800 0.069194
vt 0.202571 0.071178
vt 0.151411 0.054562
vt 0.203528 0.076784
vt 0.183163 0.075731
vt 0.169667 0.074984
vt 0.156168 0.068471
vt 0.158160 0.074315
vt 0.153782 0.061533
vt 0.931876 0.223271
vt 0.919131 0.223280
vt 0.919111 0.214700
vt 0.931859 0.214682
vt 0.897763 0.223294
vt 0.897743 0.214729
vt 0.919072 0.205106
vt 0.931826 0.205077
vt 0.897702 0.205151
vt 0.941446 0.231354
vt 0.931881 0.231354
vt 0.941443 0.223266
vt 0.919136 0.231354
vt 0.897769 0.231354
vt 0.897636 0.194055
vt 0.919009 0.193991
vt 0.931772 0.193952
vt 0.941409 0.205061
vt 0.941370 0.193929
vt 0.941432 0.214671
vt 0.931693 0.180964
vt 0.918915 0.181016
vt 0.918788 0.166505
vt 0.931583 0.166438
vt 0.897541 0.181102
vt 0.897411 0.166616
vt 0.918622 0.150949
vt 0.931440 0.150865
vt 0.897241 0.151087
vt 0.941313 0.180935
vt 0.897026 0.135006
vt 0.918412 0.134838
vt 0.931259 0.134735
vt 0.941129 0.150816
vt 0.940996 0.134671
vt 0.941234 0.166400
vt 0.931036 0.118459
vt 0.918153 0.118586
vt 0.917840 0.102285
vt 0.930771 0.102133
vt 0.896761 0.118784
vt 0.896438 0.102515
vt 0.917470 0.085952
vt 0.930462 0.085773
vt 0.896048 0.086211
vt 0.940831 0.118376
vt 0.895584 0.069888
vt 0.917037 0.069602
vt 0.930110 0.069395
vt 0.940416 0.085642
vt 0.940172 0.069239
vt 0.940637 0.102027
vt 0.163785 0.022222
vt 0.179149 0.023620
vt 0.177387 0.024793
vt 0.162047 0.023401
vt 0.202835 0.025494
vt 0.201138 0.026665
vt 0.176638 0.026173
vt 0.161314 0.024788
vt 0.200410 0.028040
vt 0.154485 0.019725
vt 0.167071 0.020930
vt 0.151308 0.021036
vt 0.182476 0.022348
vt 0.206032 0.024234
vt 0.200121 0.029909
vt 0.176352 0.028063
vt 0.161043 0.026702
vt 0.148929 0.023616
vt 0.148680 0.025551
vt 0.149631 0.022222
vt 0.108798 0.017689
vt 0.122742 0.018712
vt 0.121157 0.019908
vt 0.107241 0.018887
vt 0.137467 0.019857
vt 0.135842 0.021048
vt 0.120510 0.021312
vt 0.106614 0.020296
vt 0.135170 0.022448
vt 0.111768 0.016347
vt 0.125759 0.017376
vt 0.140550 0.018530
vt 0.134944 0.024400
vt 0.120306 0.023276
vt 0.106430 0.022269
vt 0.975053 0.118222
vt 0.963701 0.118260
vt 0.963680 0.101868
vt 0.975115 0.101813
vt 0.951816 0.118311
vt 0.951707 0.101940
vt 0.963656 0.085440
vt 0.975182 0.085369
vt 0.951584 0.085533
vt 0.974994 0.134569
vt 0.963715 0.134591
vt 0.951908 0.134625
vt 0.951453 0.069108
vt 0.963633 0.069000
vt 0.975253 0.068915
vt 0.974842 0.180908
vt 0.963720 0.180910
vt 0.963723 0.166364
vt 0.974886 0.166360
vt 0.952076 0.180918
vt 0.952036 0.166377
vt 0.963722 0.150763
vt 0.974938 0.150752
vt 0.951981 0.150783
vt 0.974806 0.193911
vt 0.963716 0.193911
vt 0.952104 0.193917
vt 0.974757 0.223262
vt 0.963707 0.223262
vt 0.963709 0.214663
vt 0.974765 0.214663
vt 0.952138 0.223263
vt 0.952133 0.214665
vt 0.963712 0.205049
vt 0.974781 0.205049
vt 0.952122 0.205052
vt 0.974755 0.231354
vt 0.963707 0.231354
vt 0.952140 0.231354
vt 0.127183 0.194667
vt 0.126481 0.179500
vt 0.139082 0.180295
vt 0.139644 0.195262
vt 0.125676 0.164077
vt 0.138437 0.165059
vt 0.150940 0.181049
vt 0.151325 0.195814
vt 0.150502 0.166053
vt 0.115254 0.194082
vt 0.127885 0.209750
vt 0.114506 0.178711
vt 0.113663 0.163126
vt 0.112618 0.147186
vt 0.124668 0.148226
vt 0.137610 0.149370
vt 0.149911 0.150661
vt 0.151757 0.210514
vt 0.140223 0.210143
vt 0.130226 0.253165
vt 0.129464 0.239448
vt 0.141606 0.239472
vt 0.142295 0.253034
vt 0.128660 0.224808
vt 0.140892 0.225008
vt 0.152926 0.239509
vt 0.153540 0.252926
vt 0.152306 0.225207
vt 0.119263 0.265716
vt 0.118558 0.253313
vt 0.130875 0.265451
vt 0.116851 0.224635
vt 0.127885 0.209750
vt 0.140223 0.210143
vt 0.151757 0.210514
vt 0.154074 0.264967
vt 0.142887 0.265194
vt 0.131959 0.293126
vt 0.131705 0.285030
vt 0.143642 0.284611
vt 0.143872 0.292656
vt 0.131359 0.275966
vt 0.143328 0.275616
vt 0.154749 0.284228
vt 0.154949 0.292222
vt 0.154470 0.275299
vt 0.120637 0.301227
vt 0.120422 0.293580
vt 0.132166 0.300737
vt 0.120155 0.285441
vt 0.119786 0.276317
vt 0.155111 0.299749
vt 0.144059 0.300225
vt 0.109579 0.051829
vt 0.123457 0.052698
vt 0.125856 0.059766
vt 0.111881 0.058932
vt 0.137951 0.053642
vt 0.140374 0.060667
vt 0.128272 0.066807
vt 0.114198 0.066009
vt 0.142811 0.067661
vt 0.107686 0.045787
vt 0.097969 0.051135
vt 0.121484 0.046683
vt 0.135960 0.047661
vt 0.144849 0.073551
vt 0.130292 0.072738
vt 0.116139 0.071974
vt 0.102240 0.065369
vt 0.104036 0.071360
vt 0.100097 0.058264
vt 0.118900 0.084402
vt 0.118247 0.079796
vt 0.132508 0.080571
vt 0.133217 0.085282
vt 0.117426 0.076186
vt 0.131633 0.076931
vt 0.147166 0.081441
vt 0.148061 0.086398
vt 0.146208 0.077729
vt 0.119660 0.091593
vt 0.116139 0.071974
vt 0.130292 0.072738
vt 0.144849 0.073552
vt 0.148716 0.094209
vt 0.133890 0.092628
vt 0.975554 0.006868
vt 0.963552 0.006935
vt 0.963543 0.003074
vt 0.975569 0.003017
vt 0.950912 0.007041
vt 0.950875 0.003166
vt 0.963536 0.001170
vt 0.975573 0.001123
vt 0.950855 0.001246
vt 0.975522 0.013655
vt 0.985446 0.006828
vt 0.963562 0.013732
vt 0.950974 0.013848
vt 0.950844 0.000303
vt 0.963530 0.000245
vt 0.975571 0.000209
vt 0.985495 0.000191
vt 0.985479 0.002984
vt 0.105755 0.036648
vt 0.119492 0.037571
vt 0.119647 0.039709
vt 0.105915 0.038790
vt 0.133976 0.038578
vt 0.134118 0.040711
vt 0.120246 0.042499
vt 0.106495 0.041588
vt 0.134714 0.043494
vt 0.105827 0.034413
vt 0.119583 0.035346
vt 0.134089 0.036363
vt 0.051378 0.296198
vt 0.052020 0.289005
vt 0.053163 0.291087
vt 0.052506 0.297111
vt 0.053483 0.281927
vt 0.054681 0.285670
vt 0.054180 0.292938
vt 0.053554 0.298003
vt 0.055646 0.288580
vt 0.050011 0.303355
vt 0.050279 0.295428
vt 0.051121 0.303376
vt 0.050850 0.287179
vt 0.052074 0.278192
vt 0.056469 0.275992
vt 0.057579 0.281535
vt 0.058383 0.285328
vt 0.058947 0.287887
vt 0.054994 0.294391
vt 0.054416 0.298753
vt 0.053348 0.303416
vt 0.054237 0.303432
vt 0.052271 0.303397
vt 0.061539 0.272997
vt 0.067805 0.272499
vt 0.067730 0.278806
vt 0.062153 0.279271
vt 0.074329 0.273966
vt 0.073374 0.279938
vt 0.067694 0.283089
vt 0.062612 0.283505
vt 0.072776 0.283978
vt 0.061051 0.263633
vt 0.067847 0.263377
vt 0.075213 0.265044
vt 0.079962 0.277535
vt 0.078070 0.282601
vt 0.076994 0.286084
vt 0.076393 0.288446
vt 0.072445 0.286668
vt 0.067686 0.285932
vt 0.062919 0.286313
vt 0.089401 0.781075
vt 0.125488 0.782834
vt 0.123987 0.787579
vt 0.083762 0.786090
vt 0.161574 0.779581
vt 0.164212 0.784377
vt 0.123480 0.791434
vt 0.076922 0.790941
vt 0.170044 0.788827
vt 0.068956 0.768018
vt 0.095932 0.774564
vt 0.059602 0.773979
vt 0.128487 0.776224
vt 0.161040 0.773213
vt 0.188012 0.765743
vt 0.191368 0.771468
vt 0.196702 0.776091
vt 0.207189 0.781424
vt 0.236137 0.793199
vt 0.177079 0.792878
vt 0.123460 0.794342
vt 0.069857 0.795468
vt 0.039783 0.784953
vt 0.010877 0.798730
vt 0.051268 0.778937
vt 0.602768 0.470442
vt 0.601403 0.476644
vt 0.599449 0.476541
vt 0.600848 0.470183
vt 0.600038 0.482845
vt 0.598050 0.482898
vt 0.597254 0.476421
vt 0.598691 0.469890
vt 0.595816 0.482952
vt 0.605667 0.464578
vt 0.604330 0.470650
vt 0.604133 0.464240
vt 0.602994 0.476722
vt 0.601658 0.482794
vt 0.600322 0.488866
vt 0.598673 0.489047
vt 0.596651 0.489256
vt 0.594379 0.489484
vt 0.591983 0.489720
vt 0.593460 0.483007
vt 0.594938 0.476293
vt 0.596415 0.469580
vt 0.600128 0.463359
vt 0.597892 0.462867
vt 0.602247 0.463825
vt 0.600160 0.480712
vt 0.594075 0.492493
vt 0.592364 0.491586
vt 0.598602 0.479508
vt 0.587990 0.504274
vt 0.586125 0.503663
vt 0.590439 0.490565
vt 0.596847 0.478159
vt 0.584031 0.502972
vt 0.607383 0.470163
vt 0.601425 0.481698
vt 0.606245 0.468932
vt 0.595467 0.493232
vt 0.589510 0.504766
vt 0.583552 0.516300
vt 0.581905 0.516055
vt 0.579887 0.515740
vt 0.577623 0.515378
vt 0.575234 0.514994
vt 0.581821 0.502241
vt 0.588408 0.489489
vt 0.594995 0.476736
vt 0.603256 0.465752
vt 0.601582 0.463984
vt 0.604840 0.467431
vt 0.604326 0.484535
vt 0.598884 0.495072
vt 0.598444 0.494829
vt 0.604006 0.484063
vt 0.593441 0.505609
vt 0.592883 0.505596
vt 0.598138 0.494660
vt 0.603774 0.483749
vt 0.592502 0.505571
vt 0.610061 0.475072
vt 0.604801 0.485255
vt 0.609769 0.473999
vt 0.599542 0.495437
vt 0.594282 0.505620
vt 0.589023 0.515803
vt 0.587998 0.516146
vt 0.587322 0.516362
vt 0.586866 0.516483
vt 0.586502 0.516542
vt 0.592190 0.505530
vt 0.597878 0.494518
vt 0.603566 0.483506
vt 0.609410 0.472837
vt 0.609254 0.472494
vt 0.609567 0.473296
vt 0.608101 0.470973
vt 0.606872 0.476562
vt 0.606353 0.476679
vt 0.607607 0.470980
vt 0.605642 0.482150
vt 0.605099 0.482378
vt 0.606016 0.476741
vt 0.607284 0.470977
vt 0.604747 0.482505
vt 0.610072 0.465547
vt 0.608881 0.470957
vt 0.609331 0.465384
vt 0.607690 0.476367
vt 0.606500 0.481777
vt 0.605309 0.487187
vt 0.604412 0.487739
vt 0.603845 0.488077
vt 0.603479 0.488269
vt 0.603183 0.488386
vt 0.604461 0.482579
vt 0.605739 0.476771
vt 0.607017 0.470964
vt 0.608553 0.465213
vt 0.608295 0.465156
vt 0.608862 0.465281
vt 0.027749 0.725367
vt 0.031247 0.744796
vt 0.023301 0.747227
vt 0.020206 0.726494
vt 0.040783 0.761491
vt 0.032096 0.765415
vt 0.017486 0.749172
vt 0.015671 0.727204
vt 0.023138 0.769500
vt 0.039173 0.704584
vt 0.039640 0.723629
vt 0.027248 0.704584
vt 0.042900 0.741400
vt 0.051743 0.756621
vt 0.014503 0.773332
vt 0.013457 0.750522
vt 0.012956 0.727616
vt 0.015410 0.704584
vt 0.012883 0.704584
vt 0.019762 0.704584
vt 0.095335 0.715529
vt 0.097419 0.725544
vt 0.078509 0.731081
vt 0.076100 0.718328
vt 0.102996 0.733763
vt 0.084984 0.741898
vt 0.059349 0.736646
vt 0.056522 0.721175
vt 0.067011 0.749885
vt 0.110911 0.704584
vt 0.111148 0.713244
vt 0.095037 0.704584
vt 0.112801 0.721109
vt 0.117392 0.727289
vt 0.128324 0.729458
vt 0.113154 0.739837
vt 0.097300 0.750021
vt 0.081890 0.759800
vt 0.056116 0.704584
vt 0.075755 0.704584
vt 0.127630 0.744041
vt 0.145381 0.745292
vt 0.139207 0.756121
vt 0.116283 0.754837
vt 0.163915 0.743192
vt 0.162350 0.753841
vt 0.133263 0.766971
vt 0.105168 0.765514
vt 0.161383 0.764335
vt 0.136546 0.735349
vt 0.150405 0.736568
vt 0.165774 0.734578
vt 0.181276 0.727982
vt 0.179475 0.738411
vt 0.181550 0.748348
vt 0.184685 0.757815
vt 0.141410 0.728058
vt 0.154703 0.727721
vt 0.154343 0.729060
vt 0.141195 0.729172
vt 0.168031 0.727319
vt 0.167766 0.728434
vt 0.153202 0.731501
vt 0.140237 0.731025
vt 0.167066 0.730283
vt 0.127982 0.727337
vt 0.141349 0.726967
vt 0.128137 0.728356
vt 0.154717 0.726596
vt 0.168084 0.726226
vt 0.181452 0.725855
vt 0.181380 0.726879
vt 0.181353 0.727500
vt 0.181332 0.727830
vt 0.128257 0.729306
vt 0.128212 0.728976
vt 0.129151 0.710898
vt 0.129191 0.717193
vt 0.126987 0.717519
vt 0.126669 0.711132
vt 0.129287 0.723454
vt 0.127757 0.723638
vt 0.122224 0.718589
vt 0.121263 0.711827
vt 0.124683 0.724466
vt 0.130432 0.704583
vt 0.130432 0.710909
vt 0.129145 0.704583
vt 0.130432 0.717235
vt 0.130432 0.723560
vt 0.130432 0.729886
vt 0.129418 0.729695
vt 0.128800 0.729596
vt 0.128472 0.729534
vt 0.121126 0.704584
vt 0.126624 0.704583
vt 0.400941 0.676829
vt 0.361849 0.676627
vt 0.361851 0.656100
vt 0.402718 0.656288
vt 0.322757 0.676342
vt 0.320984 0.655242
vt 0.361856 0.637547
vt 0.407216 0.637270
vt 0.316496 0.635543
vt 0.432948 0.697993
vt 0.400687 0.697993
vt 0.433317 0.676959
vt 0.361849 0.697993
vt 0.323010 0.697993
vt 0.290750 0.697993
vt 0.290381 0.676074
vt 0.287801 0.654277
vt 0.280108 0.632589
vt 0.255366 0.608753
vt 0.310783 0.620048
vt 0.361867 0.623301
vt 0.412950 0.622410
vt 0.443602 0.635706
vt 0.468367 0.613950
vt 0.435900 0.656154
vt 0.254456 0.675837
vt 0.254375 0.653677
vt 0.258279 0.653701
vt 0.258924 0.675859
vt 0.254180 0.631513
vt 0.256713 0.631505
vt 0.267869 0.653810
vt 0.269723 0.675921
vt 0.262997 0.631581
vt 0.252975 0.697993
vt 0.252975 0.675831
vt 0.254468 0.697993
vt 0.252975 0.653670
vt 0.252975 0.631508
vt 0.252975 0.609346
vt 0.253915 0.609346
vt 0.254593 0.609286
vt 0.255061 0.609107
vt 0.280108 0.632589
vt 0.290381 0.676074
vt 0.269988 0.697993
vt 0.290750 0.697993
vt 0.259016 0.697993
vt 0.308822 0.607766
vt 0.361934 0.609112
vt 0.361906 0.611171
vt 0.308783 0.609498
vt 0.415046 0.610365
vt 0.415029 0.612097
vt 0.361883 0.615107
vt 0.308908 0.612596
vt 0.414858 0.615173
vt 0.255732 0.605145
vt 0.308849 0.606445
vt 0.255709 0.606363
vt 0.361966 0.607745
vt 0.415084 0.609045
vt 0.468201 0.610345
vt 0.468158 0.611562
vt 0.468152 0.612575
vt 0.468212 0.613374
vt 0.412950 0.622410
vt 0.361867 0.623301
vt 0.310783 0.620049
vt 0.255555 0.608177
vt 0.255660 0.607377
vt 0.603312 0.483250
vt 0.597576 0.494355
vt 0.597138 0.494120
vt 0.602929 0.482909
vt 0.591841 0.505459
vt 0.591348 0.505331
vt 0.596468 0.493763
vt 0.602329 0.482415
vt 0.590606 0.505111
vt 0.609048 0.472145
vt 0.586105 0.516564
vt 0.585557 0.516542
vt 0.584744 0.516459
vt 0.608191 0.471067
vt 0.608720 0.471698
vt 0.606694 0.470937
vt 0.605406 0.476788
vt 0.604908 0.476789
vt 0.606208 0.470886
vt 0.604119 0.482638
vt 0.603609 0.482692
vt 0.604140 0.476769
vt 0.605455 0.470795
vt 0.602825 0.482743
vt 0.607981 0.465087
vt 0.602831 0.488488
vt 0.602310 0.488595
vt 0.601510 0.488717
vt 0.606769 0.464820
vt 0.607507 0.464983
vt 0.612855 0.470917
vt 0.611797 0.475385
vt 0.610307 0.475734
vt 0.611392 0.470916
vt 0.610652 0.479715
vt 0.609196 0.480510
vt 0.608879 0.476082
vt 0.610015 0.470935
vt 0.607740 0.481224
vt 0.613864 0.466381
vt 0.609437 0.483884
vt 0.608069 0.485260
vt 0.606599 0.486363
vt 0.605309 0.487187
vt 0.606500 0.481777
vt 0.607690 0.476367
vt 0.608881 0.470957
vt 0.611149 0.465784
vt 0.610072 0.465547
vt 0.612461 0.466073
vt 0.606828 0.488747
vt 0.602602 0.497119
vt 0.601526 0.496537
vt 0.606177 0.487481
vt 0.598062 0.505462
vt 0.596779 0.505585
vt 0.600464 0.495948
vt 0.605459 0.486270
vt 0.595456 0.505625
vt 0.610829 0.480366
vt 0.593256 0.513772
vt 0.591973 0.514628
vt 0.590442 0.515301
vt 0.594282 0.505620
vt 0.604801 0.485255
vt 0.610448 0.476592
vt 0.610770 0.478420
vt 0.135891 0.711221
vt 0.135891 0.717858
vt 0.133776 0.717608
vt 0.133776 0.711096
vt 0.135891 0.724496
vt 0.133776 0.724121
vt 0.131914 0.717395
vt 0.131914 0.710989
vt 0.131914 0.723800
vt 0.138132 0.704583
vt 0.138132 0.711355
vt 0.135891 0.704583
vt 0.138132 0.718126
vt 0.138132 0.724897
vt 0.138132 0.731669
vt 0.135891 0.731133
vt 0.133776 0.730634
vt 0.131914 0.730206
vt 0.130432 0.723561
vt 0.130432 0.717235
vt 0.130432 0.710909
vt 0.131914 0.704583
vt 0.130432 0.704583
vt 0.133776 0.704583
vt 0.140697 0.721464
vt 0.154487 0.721084
vt 0.154576 0.723221
vt 0.140959 0.723597
vt 0.168277 0.720703
vt 0.168194 0.722844
vt 0.154655 0.725101
vt 0.141183 0.725474
vt 0.168127 0.724728
vt 0.126441 0.719589
vt 0.140416 0.719204
vt 0.126907 0.721845
vt 0.154392 0.718818
vt 0.168368 0.718433
vt 0.182343 0.718048
vt 0.182067 0.720322
vt 0.181812 0.722467
vt 0.181599 0.724355
vt 0.181452 0.725855
vt 0.168084 0.726225
vt 0.154717 0.726596
vt 0.141349 0.726967
vt 0.127710 0.725847
vt 0.127341 0.723974
vt 0.067636 0.797608
vt 0.123505 0.796139
vt 0.123539 0.797286
vt 0.067564 0.798699
vt 0.179384 0.794859
vt 0.179518 0.795937
vt 0.123573 0.798300
vt 0.067736 0.799682
vt 0.179410 0.796926
vt 0.011292 0.799348
vt 0.235752 0.793819
vt 0.235499 0.794626
vt 0.235248 0.795556
vt 0.234873 0.796545
vt 0.179242 0.797918
vt 0.123611 0.799291
vt 0.067980 0.800664
vt 0.011899 0.801069
vt 0.012349 0.802037
vt 0.011590 0.800150
vt 0.011078 0.727828
vt 0.011060 0.751128
vt 0.009672 0.751270
vt 0.009700 0.727912
vt 0.010894 0.774583
vt 0.009594 0.774679
vt 0.008669 0.751273
vt 0.008664 0.727927
vt 0.008670 0.774626
vt 0.011079 0.704584
vt 0.010255 0.798339
vt 0.009486 0.798117
vt 0.008669 0.797983
vt 0.007905 0.797853
vt 0.007890 0.774536
vt 0.007877 0.751218
vt 0.007868 0.727901
vt 0.008661 0.704584
vt 0.007864 0.704584
vt 0.009702 0.704584
vt 0.070653 0.805684
vt 0.123877 0.804370
vt 0.123934 0.805489
vt 0.071325 0.806789
vt 0.177101 0.803055
vt 0.176543 0.804188
vt 0.123990 0.806633
vt 0.072010 0.807919
vt 0.175970 0.805347
vt 0.016188 0.805946
vt 0.070004 0.804617
vt 0.017430 0.806999
vt 0.123820 0.803289
vt 0.177637 0.801960
vt 0.231453 0.800631
vt 0.230324 0.801741
vt 0.229152 0.802888
vt 0.227950 0.804061
vt 0.226734 0.805247
vt 0.175390 0.806518
vt 0.124046 0.807790
vt 0.072702 0.809060
vt 0.020030 0.809204
vt 0.021359 0.810332
vt 0.018715 0.808089
vt 0.004151 0.727315
vt 0.004161 0.750046
vt 0.002944 0.749577
vt 0.002934 0.727080
vt 0.004174 0.772777
vt 0.002957 0.772074
vt 0.001600 0.749060
vt 0.001591 0.726822
vt 0.001613 0.771298
vt 0.005174 0.704584
vt 0.005177 0.727512
vt 0.004147 0.704584
vt 0.005187 0.750441
vt 0.005201 0.773370
vt 0.005216 0.796299
vt 0.004190 0.795508
vt 0.002973 0.794571
vt 0.001629 0.793535
vt 0.000221 0.792452
vt 0.000206 0.770485
vt 0.000193 0.748518
vt 0.000184 0.726551
vt 0.001587 0.704584
vt 0.000180 0.704584
vt 0.002931 0.704584
vt 0.007221 0.727851
vt 0.007231 0.751119
vt 0.006634 0.750966
vt 0.006625 0.727775
vt 0.007244 0.774387
vt 0.006648 0.774158
vt 0.005987 0.750745
vt 0.005977 0.727665
vt 0.006001 0.773826
vt 0.007864 0.704584
vt 0.007868 0.727901
vt 0.007218 0.704584
vt 0.007890 0.774536
vt 0.007259 0.797655
vt 0.006664 0.797349
vt 0.006016 0.796907
vt 0.005974 0.704584
vt 0.006621 0.704584
vt 0.068347 0.801635
vt 0.123656 0.800270
vt 0.123708 0.801252
vt 0.068825 0.802607
vt 0.178966 0.798905
vt 0.178591 0.799898
vt 0.123763 0.802253
vt 0.069386 0.803595
vt 0.178140 0.800911
vt 0.012349 0.802037
vt 0.067980 0.800664
vt 0.013037 0.803000
vt 0.123611 0.799291
vt 0.234873 0.796545
vt 0.234275 0.797540
vt 0.233474 0.798543
vt 0.232517 0.799569
vt 0.015009 0.804937
vt 0.013941 0.803961
vt 0.308937 0.601834
vt 0.362083 0.603135
vt 0.362042 0.604786
vt 0.308906 0.603485
vt 0.415228 0.604436
vt 0.415177 0.606086
vt 0.362003 0.606338
vt 0.308877 0.605038
vt 0.415128 0.607639
vt 0.255812 0.598834
vt 0.308968 0.600135
vt 0.255791 0.600534
vt 0.362125 0.601436
vt 0.415281 0.602737
vt 0.468437 0.604038
vt 0.468374 0.605736
vt 0.468313 0.607386
vt 0.468254 0.608939
vt 0.415084 0.609045
vt 0.361966 0.607745
vt 0.308849 0.606445
vt 0.255751 0.603738
vt 0.255732 0.605145
vt 0.255771 0.602185
vt 0.248667 0.675820
vt 0.248667 0.653647
vt 0.250284 0.653656
vt 0.250284 0.675824
vt 0.248667 0.631475
vt 0.250284 0.631487
vt 0.251746 0.653663
vt 0.251746 0.675828
vt 0.251746 0.631498
vt 0.246972 0.697993
vt 0.246972 0.675816
vt 0.248667 0.697993
vt 0.246972 0.653639
vt 0.246972 0.631462
vt 0.246972 0.609285
vt 0.248667 0.609302
vt 0.250284 0.609318
vt 0.251746 0.609334
vt 0.252975 0.653670
vt 0.252975 0.675831
vt 0.251746 0.697993
vt 0.252975 0.697993
vt 0.250284 0.697993
vt 0.475030 0.635376
vt 0.475030 0.656248
vt 0.473413 0.656256
vt 0.473413 0.635387
vt 0.475030 0.677121
vt 0.473413 0.677125
vt 0.471951 0.656263
vt 0.471951 0.635398
vt 0.471951 0.677128
vt 0.476725 0.614487
vt 0.476725 0.635363
vt 0.475031 0.614503
vt 0.476725 0.656240
vt 0.476725 0.677116
vt 0.476725 0.697993
vt 0.475030 0.697993
vt 0.473413 0.697993
vt 0.471951 0.697993
vt 0.470722 0.697993
vt 0.470722 0.677131
vt 0.470722 0.656269
vt 0.470722 0.635407
vt 0.471951 0.614533
vt 0.470722 0.614545
vt 0.473413 0.614519
vt 0.239694 0.770274
vt 0.239690 0.748383
vt 0.240269 0.748246
vt 0.240273 0.770067
vt 0.239687 0.726491
vt 0.240266 0.726422
vt 0.240899 0.748044
vt 0.240902 0.769764
vt 0.240896 0.726322
vt 0.239065 0.792342
vt 0.239061 0.770407
vt 0.239698 0.792164
vt 0.239057 0.748471
vt 0.239054 0.726535
vt 0.239053 0.704596
vt 0.239686 0.704597
vt 0.240265 0.704598
vt 0.240895 0.704598
vt 0.241679 0.704598
vt 0.241680 0.726182
vt 0.241683 0.747763
vt 0.241686 0.769343
vt 0.240907 0.791484
vt 0.241691 0.790923
vt 0.240277 0.791889
vt 0.242701 0.768791
vt 0.242697 0.747395
vt 0.243906 0.746957
vt 0.243909 0.768133
vt 0.242695 0.725998
vt 0.243903 0.725779
vt 0.245243 0.746471
vt 0.245247 0.767404
vt 0.245241 0.725536
vt 0.242705 0.790186
vt 0.242694 0.704599
vt 0.243902 0.704599
vt 0.245240 0.704600
vt 0.246642 0.704600
vt 0.246643 0.725282
vt 0.246646 0.745962
vt 0.246649 0.766641
vt 0.245251 0.788337
vt 0.246653 0.787319
vt 0.243914 0.789308
vt 0.236052 0.770462
vt 0.235851 0.748389
vt 0.237264 0.748516
vt 0.237365 0.770537
vt 0.235814 0.726464
vt 0.237222 0.726542
vt 0.238273 0.748520
vt 0.238289 0.770488
vt 0.238265 0.726557
vt 0.232392 0.769388
vt 0.236741 0.792807
vt 0.233392 0.747851
vt 0.233872 0.726269
vt 0.233940 0.704595
vt 0.235808 0.704595
vt 0.237215 0.704596
vt 0.238264 0.704596
vt 0.239053 0.704596
vt 0.239054 0.726535
vt 0.239057 0.748471
vt 0.238309 0.792459
vt 0.237500 0.792587
vt 0.173735 0.723322
vt 0.173734 0.717078
vt 0.175843 0.716842
vt 0.175844 0.722969
vt 0.173733 0.710832
vt 0.175842 0.710715
vt 0.177700 0.716641
vt 0.177701 0.722667
vt 0.177699 0.710615
vt 0.171501 0.730071
vt 0.171500 0.723700
vt 0.173736 0.729567
vt 0.171499 0.717330
vt 0.171498 0.710958
vt 0.171498 0.704587
vt 0.173733 0.704587
vt 0.175842 0.704587
vt 0.177698 0.704588
vt 0.179177 0.704588
vt 0.179177 0.710539
vt 0.179178 0.716491
vt 0.179179 0.722442
vt 0.177702 0.728693
vt 0.179180 0.728392
vt 0.175845 0.729096
vt 0.594222 0.515751
vt 0.594506 0.520066
vt 0.593141 0.519477
vt 0.593043 0.514838
vt 0.594613 0.524419
vt 0.593183 0.524128
vt 0.591835 0.518885
vt 0.591817 0.513937
vt 0.591844 0.523835
vt 0.595549 0.516381
vt 0.593736 0.511496
vt 0.595894 0.520514
vt 0.596002 0.524656
vt 0.594629 0.528789
vt 0.593190 0.528787
vt 0.591846 0.528786
vt 0.590744 0.528785
vt 0.590743 0.523585
vt 0.590738 0.518386
vt 0.590732 0.513187
vt 0.591795 0.508990
vt 0.590725 0.507988
vt 0.592912 0.510206
vt 0.588595 0.511918
vt 0.588602 0.517539
vt 0.588118 0.517437
vt 0.588111 0.511766
vt 0.588607 0.523160
vt 0.588123 0.523109
vt 0.587365 0.517301
vt 0.587358 0.511561
vt 0.587370 0.523041
vt 0.588908 0.506461
vt 0.588916 0.512041
vt 0.588588 0.506297
vt 0.588923 0.517621
vt 0.588928 0.523202
vt 0.588929 0.528784
vt 0.588609 0.528783
vt 0.588125 0.528783
vt 0.587372 0.528782
vt 0.586247 0.528781
vt 0.586245 0.522946
vt 0.586240 0.517113
vt 0.586233 0.511280
vt 0.587350 0.505822
vt 0.586224 0.505448
vt 0.588103 0.506095
vt 0.469518 0.635406
vt 0.469322 0.656267
vt 0.465419 0.656228
vt 0.466987 0.635354
vt 0.469241 0.677130
vt 0.464773 0.677109
vt 0.455831 0.656147
vt 0.460708 0.635273
vt 0.453974 0.677051
vt 0.470722 0.614545
vt 0.470722 0.635407
vt 0.469783 0.614544
vt 0.470722 0.656269
vt 0.470722 0.677131
vt 0.470722 0.697993
vt 0.469230 0.697993
vt 0.464681 0.697993
vt 0.453709 0.697993
vt 0.433317 0.676959
vt 0.443602 0.635706
vt 0.468652 0.614304
vt 0.469108 0.614483
vt 0.180243 0.722341
vt 0.180280 0.716451
vt 0.181521 0.716758
vt 0.181218 0.722513
vt 0.180295 0.710529
vt 0.181646 0.710749
vt 0.183563 0.717767
vt 0.182557 0.723298
vt 0.183970 0.711404
vt 0.179180 0.728392
vt 0.179179 0.722441
vt 0.180193 0.728212
vt 0.179178 0.716491
vt 0.179177 0.710540
vt 0.180297 0.704588
vt 0.181663 0.704588
vt 0.184027 0.704588
vt 0.188140 0.704589
vt 0.188015 0.712740
vt 0.187132 0.720158
vt 0.184822 0.726011
vt 0.181134 0.728057
vt 0.180808 0.728117
vt 0.188466 0.732279
vt 0.192704 0.724377
vt 0.199672 0.729640
vt 0.193614 0.740107
vt 0.194233 0.714896
vt 0.201885 0.717538
vt 0.207129 0.734916
vt 0.199526 0.747748
vt 0.209927 0.720222
vt 0.194451 0.704590
vt 0.202200 0.704591
vt 0.210326 0.704592
vt 0.217767 0.704593
vt 0.217303 0.722535
vt 0.214050 0.739414
vt 0.205216 0.754171
vt 0.210177 0.758796
vt 0.219702 0.742622
vt 0.224638 0.744887
vt 0.215860 0.762432
vt 0.223191 0.724172
vt 0.227721 0.725230
vt 0.229425 0.746651
vt 0.223804 0.766066
vt 0.231223 0.725889
vt 0.223689 0.704594
vt 0.228161 0.704594
vt 0.231479 0.704595
vt 0.589975 0.512672
vt 0.589982 0.518042
vt 0.589501 0.517830
vt 0.589495 0.512354
vt 0.589986 0.523413
vt 0.589506 0.523306
vt 0.589186 0.517704
vt 0.589179 0.512166
vt 0.589190 0.523244
vt 0.590725 0.507988
vt 0.590732 0.513187
vt 0.589968 0.507302
vt 0.590738 0.518386
vt 0.590743 0.523585
vt 0.590744 0.528785
vt 0.589988 0.528784
vt 0.589508 0.528784
vt 0.589192 0.528784
vt 0.589171 0.506628
vt 0.589487 0.506878
vt 0.584667 0.510907
vt 0.584674 0.516863
vt 0.582750 0.516563
vt 0.582742 0.510458
vt 0.584679 0.522820
vt 0.582755 0.522669
vt 0.580587 0.516230
vt 0.580579 0.509959
vt 0.580592 0.522502
vt 0.584658 0.504951
vt 0.584681 0.528779
vt 0.582757 0.528778
vt 0.580594 0.528776
vt 0.578312 0.528773
vt 0.578310 0.522325
vt 0.578304 0.515879
vt 0.578296 0.509435
vt 0.580570 0.503689
vt 0.578287 0.502992
vt 0.582734 0.504353
vt 0.083354 0.283309
vt 0.084994 0.289791
vt 0.082573 0.291668
vt 0.081045 0.286673
vt 0.085636 0.296225
vt 0.083175 0.297073
vt 0.081111 0.293317
vt 0.079699 0.289288
vt 0.081667 0.297872
vt 0.087245 0.279961
vt 0.088783 0.288106
vt 0.089398 0.295452
vt 0.089582 0.302452
vt 0.085804 0.302578
vt 0.083321 0.302650
vt 0.081795 0.302685
vt 0.080887 0.302700
vt 0.080772 0.298532
vt 0.080254 0.294606
vt 0.078929 0.291164
vt 0.650998 0.517901
vt 0.650446 0.521802
vt 0.636891 0.521535
vt 0.637500 0.517455
vt 0.650245 0.525378
vt 0.636668 0.525254
vt 0.623378 0.521270
vt 0.624045 0.517013
vt 0.623134 0.525130
vt 0.662415 0.518281
vt 0.661911 0.522031
vt 0.661728 0.525485
vt 0.611779 0.525025
vt 0.612041 0.521046
vt 0.612755 0.516640
vt 0.661660 0.569125
vt 0.662844 0.573126
vt 0.650444 0.575474
vt 0.649184 0.571288
vt 0.663775 0.576817
vt 0.651418 0.579315
vt 0.638084 0.577813
vt 0.636747 0.573443
vt 0.639102 0.581804
vt 0.672221 0.567295
vt 0.673341 0.571139
vt 0.674234 0.574701
vt 0.675014 0.578122
vt 0.664578 0.580352
vt 0.652249 0.582983
vt 0.639960 0.585605
vt 0.629645 0.587805
vt 0.628764 0.583893
vt 0.627709 0.579777
vt 0.626307 0.575252
vt 0.677233 0.518813
vt 0.676787 0.522359
vt 0.674292 0.522295
vt 0.674746 0.518713
vt 0.676625 0.525641
vt 0.674127 0.525610
vt 0.669685 0.522193
vt 0.670157 0.518546
vt 0.669514 0.525561
vt 0.678669 0.518881
vt 0.678227 0.522403
vt 0.678066 0.525662
vt 0.686010 0.564914
vt 0.687048 0.568545
vt 0.684723 0.568985
vt 0.683672 0.565316
vt 0.687892 0.571926
vt 0.685576 0.572400
vt 0.680475 0.569789
vt 0.679399 0.566053
vt 0.681343 0.573261
vt 0.687380 0.564681
vt 0.688411 0.568287
vt 0.689250 0.571645
vt 0.689993 0.574878
vt 0.688639 0.575182
vt 0.686329 0.575688
vt 0.682106 0.576601
vt 0.619326 0.576480
vt 0.620766 0.581093
vt 0.616724 0.581874
vt 0.615289 0.577313
vt 0.621845 0.585289
vt 0.617808 0.586086
vt 0.614552 0.582298
vt 0.613183 0.577990
vt 0.615622 0.586472
vt 0.626307 0.575252
vt 0.627709 0.579777
vt 0.628764 0.583893
vt 0.622743 0.589280
vt 0.618721 0.590142
vt 0.616553 0.590610
vt 0.615210 0.590904
vt 0.614250 0.586618
vt 0.613195 0.582396
vt 0.611949 0.578355
vt 0.056998 0.307516
vt 0.055633 0.304214
vt 0.055980 0.303576
vt 0.057297 0.306622
vt 0.055025 0.300338
vt 0.055399 0.300000
vt 0.056195 0.303184
vt 0.057482 0.306072
vt 0.055630 0.299793
vt 0.056526 0.308927
vt 0.055086 0.305223
vt 0.054434 0.300871
vt 0.054176 0.296196
vt 0.054795 0.296174
vt 0.055187 0.296160
vt 0.055428 0.296151
vt 0.055594 0.296145
vt 0.055790 0.299651
vt 0.056343 0.302915
vt 0.057610 0.305695
vt 0.078440 0.292437
vt 0.079705 0.295499
vt 0.079353 0.296073
vt 0.078126 0.293254
vt 0.080198 0.298995
vt 0.079830 0.299293
vt 0.079133 0.296435
vt 0.077929 0.293769
vt 0.079599 0.299480
vt 0.080254 0.294606
vt 0.080772 0.298532
vt 0.080304 0.302708
vt 0.079930 0.302712
vt 0.079697 0.302715
vt 0.079533 0.302717
vt 0.079437 0.299613
vt 0.078978 0.296691
vt 0.077790 0.294132
vt 0.605179 0.516397
vt 0.604457 0.520893
vt 0.599981 0.520800
vt 0.600560 0.516320
vt 0.604194 0.524951
vt 0.599787 0.524886
vt 0.597457 0.520721
vt 0.597625 0.516402
vt 0.597427 0.524803
vt 0.612755 0.516640
vt 0.612041 0.521046
vt 0.611779 0.525025
vt 0.466821 0.272789
vt 0.466932 0.281375
vt 0.455283 0.281490
vt 0.455174 0.272909
vt 0.467017 0.289074
vt 0.455366 0.289182
vt 0.436262 0.281659
vt 0.436155 0.273077
vt 0.436344 0.289348
vt 0.473865 0.281298
vt 0.473952 0.289006
vt 0.474020 0.296272
vt 0.467084 0.296330
vt 0.455433 0.296429
vt 0.436410 0.296589
vt 0.407361 0.296834
vt 0.407296 0.289591
vt 0.407214 0.281897
vt 0.407107 0.273305
vt 0.555846 0.268646
vt 0.556105 0.278363
vt 0.554833 0.278374
vt 0.554582 0.268650
vt 0.556291 0.287191
vt 0.555015 0.287204
vt 0.553617 0.278397
vt 0.553372 0.268674
vt 0.553793 0.287221
vt 0.558118 0.295562
vt 0.556400 0.295576
vt 0.555123 0.295587
vt 0.553900 0.295597
vt 0.552347 0.295611
vt 0.552243 0.287248
vt 0.552072 0.278435
vt 0.551836 0.268721
vt 0.007834 0.273132
vt 0.007211 0.283944
vt 0.005782 0.283921
vt 0.006407 0.273106
vt 0.006651 0.293893
vt 0.005218 0.293881
vt 0.005051 0.283900
vt 0.005675 0.273084
vt 0.004487 0.293866
vt 0.010354 0.273170
vt 0.009742 0.283976
vt 0.009194 0.293900
vt 0.008677 0.303384
vt 0.006122 0.303409
vt 0.004684 0.303415
vt 0.003952 0.303406
vt 0.003516 0.303387
vt 0.004051 0.293845
vt 0.004616 0.283879
vt 0.005240 0.273062
vt 0.004778 0.273036
vt 0.004150 0.283852
vt 0.003628 0.283823
vt 0.004263 0.273007
vt 0.003581 0.293819
vt 0.003051 0.293790
vt 0.003101 0.283793
vt 0.003742 0.272977
vt 0.002515 0.293760
vt 0.003040 0.303361
vt 0.002502 0.303332
vt 0.001958 0.303302
vt 0.001462 0.303275
vt 0.002026 0.293732
vt 0.002618 0.283765
vt 0.003265 0.272949
vt 0.043103 0.274329
vt 0.042703 0.284888
vt 0.039839 0.284715
vt 0.040258 0.274103
vt 0.042376 0.294346
vt 0.039493 0.294244
vt 0.037011 0.284545
vt 0.037447 0.273882
vt 0.036645 0.294143
vt 0.045601 0.274528
vt 0.045216 0.285040
vt 0.044905 0.294437
vt 0.044632 0.303276
vt 0.042085 0.303254
vt 0.039183 0.303231
vt 0.036315 0.303208
vt 0.033874 0.303186
vt 0.035055 0.273696
vt 0.521296 0.270218
vt 0.521450 0.279528
vt 0.511455 0.279969
vt 0.511311 0.270847
vt 0.521562 0.287927
vt 0.511562 0.288188
vt 0.501375 0.280411
vt 0.501240 0.271477
vt 0.501476 0.288449
vt 0.529647 0.269694
vt 0.529810 0.279161
vt 0.529927 0.287710
vt 0.530010 0.295799
vt 0.521642 0.295870
vt 0.511639 0.295954
vt 0.501550 0.296039
vt 0.492926 0.296112
vt 0.492855 0.288669
vt 0.492759 0.280780
vt 0.540692 0.269076
vt 0.540873 0.278721
vt 0.538771 0.278790
vt 0.538597 0.269169
vt 0.541004 0.287444
vt 0.538898 0.287487
vt 0.535403 0.278922
vt 0.535234 0.269355
vt 0.535525 0.287567
vt 0.542477 0.269019
vt 0.542666 0.278676
vt 0.542803 0.287413
vt 0.542893 0.295690
vt 0.541092 0.295706
vt 0.538984 0.295723
vt 0.535610 0.295752
vt 0.023372 0.273342
vt 0.022843 0.284118
vt 0.018199 0.284068
vt 0.018759 0.273281
vt 0.022380 0.293916
vt 0.017705 0.293911
vt 0.013587 0.284018
vt 0.014176 0.273221
vt 0.013062 0.293906
vt 0.026781 0.284163
vt 0.026346 0.293924
vt 0.025945 0.303182
vt 0.021951 0.303226
vt 0.017243 0.303282
vt 0.012570 0.303339
vt 0.002867 0.272927
vt 0.002218 0.283742
vt 0.001890 0.283723
vt 0.002537 0.272908
vt 0.001624 0.293709
vt 0.001297 0.293691
vt 0.001609 0.283707
vt 0.002253 0.272891
vt 0.001019 0.293674
vt 0.001058 0.303252
vt 0.000731 0.303234
vt 0.000457 0.303218
vt 0.000208 0.303204
vt 0.000767 0.293660
vt 0.001352 0.283692
vt 0.001992 0.272876
vt 0.975329 0.052638
vt 0.963611 0.052728
vt 0.963592 0.037442
vt 0.975404 0.037352
vt 0.951317 0.052847
vt 0.951185 0.037565
vt 0.963576 0.024118
vt 0.975470 0.024033
vt 0.951068 0.024240
vt 0.985008 0.052577
vt 0.939910 0.052995
vt 0.939650 0.037725
vt 0.939415 0.024405
vt 0.985283 0.023980
vt 0.985154 0.037294
vt 0.123404 0.132002
vt 0.122029 0.116361
vt 0.135495 0.117650
vt 0.136561 0.133263
vt 0.120729 0.102492
vt 0.134617 0.103687
vt 0.148601 0.119555
vt 0.149158 0.134898
vt 0.148573 0.105620
vt 0.111315 0.130966
vt 0.109888 0.115404
vt 0.108523 0.101657
vt 0.160368 0.109643
vt 0.159436 0.122671
vt 0.159541 0.137096
vt 0.179374 0.136038
vt 0.178146 0.121304
vt 0.187423 0.120261
vt 0.188072 0.134393
vt 0.176206 0.107357
vt 0.186605 0.106705
vt 0.205264 0.120156
vt 0.205428 0.133864
vt 0.205061 0.106967
vt 0.175503 0.138559
vt 0.180306 0.149534
vt 0.173837 0.123757
vt 0.170553 0.110338
vt 0.235634 0.107742
vt 0.235554 0.120565
vt 0.235333 0.133917
vt 0.205542 0.146246
vt 0.234906 0.146036
vt 0.188647 0.147106
vt 0.929720 0.053175
vt 0.916545 0.053408
vt 0.916040 0.038180
vt 0.929326 0.037926
vt 0.895048 0.053715
vt 0.894491 0.038502
vt 0.915573 0.024887
vt 0.928965 0.024619
vt 0.893975 0.025214
vt 0.859893 0.054122
vt 0.859381 0.038906
vt 0.858903 0.025606
vt 0.166485 0.139776
vt 0.166469 0.127327
vt 0.169821 0.131868
vt 0.170584 0.141519
vt 0.167664 0.117389
vt 0.171414 0.127803
vt 0.173128 0.140658
vt 0.171414 0.127803
vt 0.160035 0.152145
vt 0.159541 0.137096
vt 0.166882 0.153736
vt 0.170553 0.110338
vt 0.160368 0.109643
vt 0.173837 0.123757
vt 0.173759 0.155004
vt 0.175503 0.138559
vt 0.171086 0.154818
vt 0.808259 0.054633
vt 0.747384 0.055191
vt 0.747262 0.039913
vt 0.807906 0.039394
vt 0.687023 0.055719
vt 0.687143 0.040399
vt 0.747150 0.026529
vt 0.807578 0.026059
vt 0.687258 0.026964
vt 0.636928 0.056141
vt 0.637242 0.040786
vt 0.637538 0.027312
vt 0.279779 0.134068
vt 0.280236 0.121152
vt 0.333197 0.121887
vt 0.333108 0.134519
vt 0.280411 0.108825
vt 0.333125 0.110048
vt 0.386125 0.122749
vt 0.387427 0.135537
vt 0.385398 0.111244
vt 0.278793 0.145899
vt 0.280448 0.098729
vt 0.333079 0.100461
vt 0.385177 0.102144
vt 0.428757 0.112216
vt 0.429984 0.123467
vt 0.432878 0.136667
vt 0.387020 0.147889
vt 0.997699 0.052542
vt 0.995512 0.052536
vt 0.995733 0.037254
vt 0.997935 0.037259
vt 0.991573 0.052545
vt 0.991767 0.037263
vt 0.995927 0.023945
vt 0.998142 0.023950
vt 0.991937 0.023953
vt 0.999010 0.052555
vt 0.992069 0.013586
vt 0.996078 0.013580
vt 0.999468 0.023962
vt 0.999635 0.013597
vt 0.999254 0.037272
vt 0.087137 0.127814
vt 0.086675 0.112453
vt 0.092830 0.113656
vt 0.093704 0.129010
vt 0.086199 0.098986
vt 0.091974 0.100176
vt 0.100294 0.114571
vt 0.101524 0.130015
vt 0.099109 0.100974
vt 0.081102 0.126288
vt 0.081005 0.110757
vt 0.080865 0.097123
vt 0.080729 0.086460
vt 0.085792 0.088463
vt 0.091261 0.089638
vt 0.098133 0.090329
vt 0.107401 0.090879
vt 0.108523 0.101657
vt 0.109888 0.115404
vt 0.111315 0.130966
vt 0.035694 0.116588
vt 0.035925 0.098979
vt 0.037753 0.098812
vt 0.037507 0.116552
vt 0.036103 0.083127
vt 0.037946 0.082818
vt 0.039261 0.098760
vt 0.039007 0.116551
vt 0.039462 0.082712
vt 0.033013 0.116673
vt 0.033217 0.099313
vt 0.033368 0.083734
vt 0.041213 0.082710
vt 0.041006 0.098772
vt 0.040746 0.116576
vt 0.552544 0.074985
vt 0.552545 0.076759
vt 0.551252 0.076269
vt 0.551249 0.074495
vt 0.552558 0.080364
vt 0.551269 0.079880
vt 0.550023 0.076090
vt 0.550018 0.074316
vt 0.550042 0.079703
vt 0.554293 0.075942
vt 0.552549 0.074127
vt 0.548489 0.079682
vt 0.548467 0.076068
vt 0.548459 0.074296
vt 0.550020 0.073463
vt 0.548460 0.073443
vt 0.551253 0.073640
vt 0.013504 0.065246
vt 0.013506 0.067235
vt 0.012036 0.067780
vt 0.012037 0.065801
vt 0.013519 0.071184
vt 0.012048 0.071691
vt 0.011281 0.067979
vt 0.011284 0.066004
vt 0.011290 0.071877
vt 0.016098 0.063153
vt 0.016098 0.064161
vt 0.013507 0.064235
vt 0.016103 0.066173
vt 0.016114 0.070194
vt 0.010836 0.071902
vt 0.010827 0.068005
vt 0.010830 0.066031
vt 0.011294 0.064991
vt 0.010840 0.065016
vt 0.012045 0.064789
vt 0.566194 0.129547
vt 0.566234 0.115925
vt 0.567171 0.116329
vt 0.567128 0.129910
vt 0.566296 0.104080
vt 0.567235 0.104520
vt 0.567716 0.116477
vt 0.567675 0.130043
vt 0.567778 0.104682
vt 0.564641 0.128839
vt 0.564670 0.115137
vt 0.564721 0.103222
vt 0.568166 0.104703
vt 0.568105 0.116497
vt 0.568066 0.130060
vt 0.568487 0.130058
vt 0.568529 0.116495
vt 0.568993 0.116492
vt 0.568946 0.130056
vt 0.568592 0.104701
vt 0.569062 0.104698
vt 0.569460 0.116490
vt 0.569407 0.130053
vt 0.569536 0.104696
vt 0.569972 0.104695
vt 0.569891 0.116489
vt 0.569832 0.130052
vt 0.010340 0.066028
vt 0.010340 0.068004
vt 0.009794 0.068003
vt 0.009788 0.066026
vt 0.010352 0.071901
vt 0.009813 0.071900
vt 0.009243 0.068002
vt 0.009230 0.066025
vt 0.009268 0.071900
vt 0.010345 0.065013
vt 0.008769 0.071901
vt 0.008738 0.068003
vt 0.008720 0.066025
vt 0.009223 0.065008
vt 0.008708 0.065007
vt 0.009788 0.065010
vt 0.517544 0.080990
vt 0.517507 0.082675
vt 0.507534 0.086349
vt 0.507969 0.084552
vt 0.517537 0.086096
vt 0.507405 0.089727
vt 0.497687 0.089912
vt 0.499105 0.087741
vt 0.497194 0.093341
vt 0.525941 0.077044
vt 0.525947 0.077858
vt 0.517618 0.080172
vt 0.525968 0.079571
vt 0.526017 0.083078
vt 0.526108 0.089278
vt 0.517635 0.092134
vt 0.497248 0.099023
vt 0.488455 0.101877
vt 0.489273 0.092827
vt 0.491833 0.090188
vt 0.501356 0.086036
vt 0.508583 0.083532
vt 0.537165 0.074402
vt 0.537184 0.076170
vt 0.535058 0.076554
vt 0.535038 0.074791
vt 0.537225 0.079782
vt 0.535102 0.080154
vt 0.531644 0.077580
vt 0.531623 0.075834
vt 0.531690 0.081149
vt 0.538968 0.073490
vt 0.538974 0.074338
vt 0.537156 0.073555
vt 0.538992 0.076107
vt 0.539029 0.079720
vt 0.525968 0.079571
vt 0.531614 0.075001
vt 0.535029 0.073948
vt 0.029530 0.058346
vt 0.029527 0.060481
vt 0.024770 0.062494
vt 0.024769 0.060402
vt 0.029510 0.064894
vt 0.024764 0.066768
vt 0.020044 0.064506
vt 0.020040 0.062458
vt 0.020048 0.068642
vt 0.033563 0.055649
vt 0.029525 0.057349
vt 0.033561 0.058814
vt 0.033533 0.063341
vt 0.020037 0.061453
vt 0.024764 0.059401
vt 0.008298 0.066026
vt 0.008319 0.068004
vt 0.007975 0.068006
vt 0.007954 0.066028
vt 0.008352 0.071903
vt 0.008008 0.071905
vt 0.007680 0.068009
vt 0.007660 0.066030
vt 0.007711 0.071908
vt 0.008708 0.065007
vt 0.008720 0.066025
vt 0.008284 0.065008
vt 0.008738 0.068003
vt 0.008818 0.078681
vt 0.008404 0.078682
vt 0.008060 0.078685
vt 0.007761 0.078687
vt 0.007438 0.071911
vt 0.007409 0.068012
vt 0.007392 0.066033
vt 0.007647 0.065012
vt 0.007381 0.065014
vt 0.007939 0.065009
vt 0.064047 0.120245
vt 0.064346 0.103319
vt 0.069509 0.105852
vt 0.069252 0.122256
vt 0.064581 0.088209
vt 0.069700 0.091300
vt 0.075207 0.108460
vt 0.075070 0.124365
vt 0.075286 0.094437
vt 0.059853 0.118616
vt 0.060157 0.101247
vt 0.060399 0.085666
vt 0.064750 0.076287
vt 0.075326 0.083444
vt 0.460334 0.136724
vt 0.458052 0.123758
vt 0.473601 0.123548
vt 0.474671 0.136250
vt 0.456988 0.112768
vt 0.472973 0.112740
vt 0.482251 0.122787
vt 0.482750 0.135461
vt 0.481856 0.111980
vt 0.488704 0.110318
vt 0.489033 0.121289
vt 0.489415 0.134125
vt 0.570195 0.130051
vt 0.570256 0.116488
vt 0.570564 0.116489
vt 0.570504 0.130050
vt 0.570339 0.104695
vt 0.570647 0.104696
vt 0.570835 0.116489
vt 0.570777 0.130050
vt 0.570916 0.104697
vt 0.570418 0.095499
vt 0.570726 0.095500
vt 0.570993 0.095502
vt 0.571165 0.104699
vt 0.571087 0.116491
vt 0.571031 0.130050
vt 0.604395 0.056402
vt 0.586878 0.056527
vt 0.587310 0.041148
vt 0.604809 0.041028
vt 0.579372 0.056562
vt 0.579767 0.041187
vt 0.587709 0.027650
vt 0.605195 0.027533
vt 0.580128 0.027696
vt 0.576871 0.056551
vt 0.577202 0.041184
vt 0.577498 0.027707
vt 0.577719 0.017140
vt 0.580405 0.017110
vt 0.588023 0.017051
vt 0.605502 0.016933
vt 0.053135 0.116814
vt 0.053431 0.098971
vt 0.055153 0.099238
vt 0.054853 0.117032
vt 0.053669 0.082880
vt 0.055394 0.083201
vt 0.057217 0.099925
vt 0.056915 0.117577
vt 0.057459 0.084041
vt 0.051225 0.116754
vt 0.051516 0.098909
vt 0.051750 0.082816
vt 0.556866 0.125045
vt 0.556807 0.110920
vt 0.559590 0.112411
vt 0.559617 0.126386
vt 0.556773 0.098630
vt 0.559588 0.100253
vt 0.562351 0.113902
vt 0.562346 0.127728
vt 0.562380 0.101877
vt 0.554509 0.123934
vt 0.554361 0.097284
vt 0.043124 0.116616
vt 0.043391 0.098802
vt 0.046192 0.098838
vt 0.045916 0.116663
vt 0.043604 0.082733
vt 0.046412 0.082761
vt 0.049027 0.098876
vt 0.048743 0.116711
vt 0.049254 0.082789
vt 0.042805 0.134599
vt 0.043759 0.069983
vt 0.046573 0.070004
vt 0.049421 0.070027
vt 0.048407 0.134719
vt 0.045588 0.134659
vt 0.546306 0.074304
vt 0.546316 0.076076
vt 0.543791 0.076086
vt 0.543779 0.074315
vt 0.546342 0.079689
vt 0.543821 0.079699
vt 0.541235 0.076097
vt 0.541220 0.074326
vt 0.541270 0.079710
vt 0.546305 0.073453
vt 0.546393 0.086066
vt 0.543879 0.086076
vt 0.541333 0.086088
vt 0.541215 0.073478
vt 0.543776 0.073465
vt 0.549711 0.268789
vt 0.549937 0.278490
vt 0.547430 0.278555
vt 0.547217 0.268869
vt 0.550100 0.287286
vt 0.547584 0.287330
vt 0.544893 0.278620
vt 0.544693 0.268950
vt 0.545038 0.287374
vt 0.549423 0.257730
vt 0.550200 0.295629
vt 0.547681 0.295650
vt 0.545131 0.295671
vt 0.544432 0.257907
vt 0.546942 0.257818
vt 0.050510 0.276081
vt 0.049716 0.286034
vt 0.048520 0.285450
vt 0.049019 0.275129
vt 0.049263 0.294930
vt 0.048174 0.294656
vt 0.047102 0.285181
vt 0.047493 0.274719
vt 0.046796 0.294519
vt 0.051563 0.264143
vt 0.050279 0.295428
vt 0.048998 0.303335
vt 0.047914 0.303316
vt 0.046534 0.303297
vt 0.044632 0.303276
vt 0.044905 0.294437
vt 0.045216 0.285040
vt 0.045601 0.274528
vt 0.047998 0.262559
vt 0.046097 0.262343
vt 0.049646 0.263035
vt 0.106290 0.025027
vt 0.120138 0.026017
vt 0.119945 0.029232
vt 0.106129 0.028262
vt 0.134747 0.027117
vt 0.134519 0.030302
vt 0.119752 0.032486
vt 0.105967 0.031538
vt 0.134289 0.033526
vt 0.094864 0.024238
vt 0.148452 0.028235
vt 0.148188 0.031376
vt 0.147923 0.034558
vt 0.094593 0.030780
vt 0.094729 0.027489
vt 0.160788 0.029341
vt 0.176076 0.030653
vt 0.175755 0.033671
vt 0.160491 0.032424
vt 0.199836 0.032452
vt 0.199503 0.035409
vt 0.175431 0.036732
vt 0.160193 0.035548
vt 0.199167 0.038410
vt 0.237586 0.035018
vt 0.237259 0.037929
vt 0.236929 0.040884
vt 0.292243 0.038489
vt 0.356313 0.042427
vt 0.356052 0.045307
vt 0.291943 0.041375
vt 0.419700 0.046247
vt 0.419479 0.049139
vt 0.355787 0.048232
vt 0.291640 0.044305
vt 0.419254 0.052073
vt 0.472306 0.049370
vt 0.472117 0.052282
vt 0.471922 0.055238
vt 0.079678 0.023256
vt 0.082356 0.023412
vt 0.082247 0.026688
vt 0.079574 0.026544
vt 0.087078 0.023715
vt 0.086959 0.026979
vt 0.082140 0.030004
vt 0.079472 0.029870
vt 0.086841 0.030283
vt 0.078021 0.023174
vt 0.077821 0.029809
vt 0.077920 0.026472
vt 0.053993 0.216848
vt 0.053299 0.233453
vt 0.051099 0.232913
vt 0.051825 0.216384
vt 0.052499 0.249543
vt 0.050356 0.248752
vt 0.049343 0.232624
vt 0.050078 0.216149
vt 0.048630 0.248347
vt 0.054609 0.200347
vt 0.046726 0.248144
vt 0.047441 0.232453
vt 0.048182 0.216008
vt 0.050776 0.199663
vt 0.048884 0.199547
vt 0.052500 0.199883
vt 0.548302 0.215915
vt 0.548691 0.230923
vt 0.546237 0.231001
vt 0.545857 0.215981
vt 0.549074 0.245009
vt 0.546608 0.245096
vt 0.543753 0.231080
vt 0.543381 0.216049
vt 0.544112 0.245183
vt 0.547936 0.200431
vt 0.543024 0.200540
vt 0.545495 0.200485
vt 0.547110 0.153661
vt 0.547344 0.169248
vt 0.544894 0.169285
vt 0.544651 0.153692
vt 0.547617 0.184845
vt 0.545174 0.184889
vt 0.542415 0.169322
vt 0.542161 0.153723
vt 0.542701 0.184934
vt 0.546909 0.138105
vt 0.541937 0.138157
vt 0.544438 0.138131
vt 0.546476 0.095820
vt 0.546591 0.108351
vt 0.544096 0.108367
vt 0.543971 0.095833
vt 0.546736 0.122748
vt 0.544253 0.122769
vt 0.541570 0.108384
vt 0.541434 0.095847
vt 0.541739 0.122790
vt 0.041487 0.183270
vt 0.042001 0.167577
vt 0.044768 0.167667
vt 0.044249 0.183383
vt 0.042435 0.151528
vt 0.045210 0.151601
vt 0.047570 0.167758
vt 0.047045 0.183497
vt 0.048019 0.151676
vt 0.040876 0.199131
vt 0.046431 0.199419
vt 0.506588 0.051362
vt 0.525213 0.052394
vt 0.525036 0.055367
vt 0.506413 0.054302
vt 0.533400 0.052785
vt 0.533211 0.055794
vt 0.524852 0.058381
vt 0.506231 0.057285
vt 0.533015 0.058843
vt 0.536368 0.052856
vt 0.536161 0.055902
vt 0.535948 0.058988
vt 0.043856 0.061659
vt 0.043906 0.057006
vt 0.046727 0.057025
vt 0.046674 0.061678
vt 0.043925 0.054799
vt 0.046749 0.054820
vt 0.049582 0.057045
vt 0.049526 0.061699
vt 0.049606 0.054841
vt 0.043929 0.053816
vt 0.046755 0.053839
vt 0.049614 0.053862
vt 0.560340 0.508333
vt 0.563165 0.506502
vt 0.563229 0.510049
vt 0.560398 0.511905
vt 0.565964 0.504671
vt 0.566033 0.508194
vt 0.563261 0.511820
vt 0.560430 0.513677
vt 0.566064 0.509963
vt 0.557832 0.503533
vt 0.560242 0.502063
vt 0.557918 0.509853
vt 0.563053 0.500291
vt 0.565839 0.498519
vt 0.568173 0.497051
vt 0.568307 0.503154
vt 0.568378 0.506657
vt 0.568407 0.508426
vt 0.568416 0.509328
vt 0.566077 0.510857
vt 0.563277 0.512703
vt 0.560447 0.514549
vt 0.558000 0.515218
vt 0.558019 0.516081
vt 0.557970 0.513444
vt 0.057972 0.537811
vt 0.059693 0.537384
vt 0.059832 0.542018
vt 0.058111 0.542461
vt 0.061741 0.536291
vt 0.061879 0.540879
vt 0.059896 0.544211
vt 0.058174 0.544662
vt 0.061943 0.543055
vt 0.055799 0.529585
vt 0.057720 0.529485
vt 0.056048 0.537913
vt 0.059441 0.529089
vt 0.061490 0.528081
vt 0.064396 0.526149
vt 0.064644 0.534191
vt 0.064780 0.538691
vt 0.064842 0.540831
vt 0.064867 0.541790
vt 0.061969 0.544023
vt 0.059923 0.545184
vt 0.058200 0.545637
vt 0.056248 0.544768
vt 0.056273 0.545745
vt 0.056185 0.542566
vt 0.509757 0.529920
vt 0.508727 0.527971
vt 0.527255 0.526554
vt 0.528347 0.528486
vt 0.506172 0.525650
vt 0.524531 0.524269
vt 0.535358 0.525940
vt 0.536480 0.527859
vt 0.532557 0.523678
vt 0.475770 0.534674
vt 0.475485 0.532566
vt 0.510051 0.532030
vt 0.474562 0.530594
vt 0.472314 0.528216
vt 0.468048 0.524893
vt 0.501304 0.522422
vt 0.519332 0.521097
vt 0.527208 0.520536
vt 0.530007 0.520356
vt 0.535416 0.523483
vt 0.538249 0.525727
vt 0.539386 0.527635
vt 0.536792 0.529975
vt 0.539708 0.529756
vt 0.528649 0.530598
vt 0.122676 0.596701
vt 0.122707 0.597106
vt 0.117771 0.597508
vt 0.117742 0.597103
vt 0.122734 0.597452
vt 0.117797 0.597851
vt 0.114927 0.597731
vt 0.114898 0.597326
vt 0.114952 0.598073
vt 0.130710 0.595534
vt 0.130748 0.596029
vt 0.122641 0.596207
vt 0.130781 0.596437
vt 0.130810 0.596786
vt 0.130837 0.597107
vt 0.122759 0.597768
vt 0.117821 0.598165
vt 0.114974 0.598384
vt 0.113175 0.598515
vt 0.113153 0.598206
vt 0.113129 0.597864
vt 0.113100 0.597459
vt 0.114864 0.596828
vt 0.113066 0.596957
vt 0.117707 0.596608
vt 0.101741 0.585627
vt 0.107245 0.587511
vt 0.102399 0.587918
vt 0.096935 0.586034
vt 0.112749 0.589360
vt 0.107863 0.589765
vt 0.099617 0.588138
vt 0.094187 0.586256
vt 0.105047 0.589982
vt 0.105026 0.583281
vt 0.109635 0.584944
vt 0.097171 0.583961
vt 0.115187 0.586824
vt 0.120737 0.588671
vt 0.125340 0.590232
vt 0.117314 0.590921
vt 0.112398 0.591324
vt 0.109555 0.591537
vt 0.107750 0.591654
vt 0.103265 0.590105
vt 0.097866 0.588265
vt 0.092470 0.586386
vt 0.089682 0.584590
vt 0.087992 0.584722
vt 0.092399 0.584367
vt 0.605694 0.452798
vt 0.605787 0.456888
vt 0.588297 0.456743
vt 0.588212 0.452670
vt 0.605814 0.459023
vt 0.588311 0.458856
vt 0.580624 0.456638
vt 0.580565 0.452591
vt 0.580617 0.458721
vt 0.637775 0.445982
vt 0.637925 0.453000
vt 0.605503 0.445776
vt 0.638001 0.457095
vt 0.638029 0.459241
vt 0.638032 0.460412
vt 0.605809 0.460180
vt 0.588291 0.459988
vt 0.580576 0.459823
vt 0.577763 0.459671
vt 0.577826 0.458604
vt 0.577859 0.456553
vt 0.577834 0.452536
vt 0.580406 0.445598
vt 0.577720 0.445568
vt 0.588023 0.445658
vt 0.573950 0.501440
vt 0.574258 0.501433
vt 0.574348 0.504913
vt 0.574040 0.504919
vt 0.574523 0.501427
vt 0.574612 0.504906
vt 0.574394 0.506679
vt 0.574085 0.506686
vt 0.574656 0.506674
vt 0.573424 0.495398
vt 0.573793 0.495391
vt 0.573577 0.501446
vt 0.574102 0.495385
vt 0.574368 0.495378
vt 0.574615 0.495372
vt 0.574767 0.501420
vt 0.574853 0.504900
vt 0.574895 0.506668
vt 0.574916 0.507579
vt 0.574679 0.507584
vt 0.574417 0.507590
vt 0.574109 0.507596
vt 0.573708 0.506693
vt 0.573728 0.507604
vt 0.573665 0.504926
vt 0.459894 0.494026
vt 0.475935 0.493563
vt 0.476891 0.497071
vt 0.460772 0.497593
vt 0.484892 0.494186
vt 0.485898 0.497687
vt 0.479550 0.499769
vt 0.463241 0.500342
vt 0.488679 0.500373
vt 0.431651 0.489768
vt 0.459846 0.488468
vt 0.431713 0.495518
vt 0.475882 0.488094
vt 0.484823 0.488715
vt 0.491734 0.490397
vt 0.491806 0.495946
vt 0.492704 0.499431
vt 0.495308 0.502027
vt 0.501990 0.505508
vt 0.493708 0.503261
vt 0.484584 0.502761
vt 0.468048 0.503441
vt 0.434647 0.502054
vt 0.438861 0.505263
vt 0.432488 0.499210
vt 0.068757 0.530912
vt 0.073743 0.526965
vt 0.073802 0.531282
vt 0.068881 0.535289
vt 0.079093 0.523024
vt 0.079008 0.527416
vt 0.073719 0.533584
vt 0.068923 0.537409
vt 0.078624 0.530270
vt 0.064396 0.526149
vt 0.068521 0.523131
vt 0.064644 0.534191
vt 0.073543 0.519478
vt 0.078974 0.515796
vt 0.084325 0.512689
vt 0.084312 0.519735
vt 0.084078 0.524236
vt 0.083380 0.527766
vt 0.081354 0.532782
vt 0.077969 0.532584
vt 0.073558 0.534896
vt 0.068924 0.538403
vt 0.064842 0.540831
vt 0.064867 0.541790
vt 0.493729 0.517969
vt 0.484625 0.512826
vt 0.501669 0.511724
vt 0.511257 0.516725
vt 0.475556 0.507739
vt 0.492299 0.506856
vt 0.509425 0.511388
vt 0.518946 0.516215
vt 0.500645 0.506907
vt 0.468048 0.524893
vt 0.461416 0.520301
vt 0.501304 0.522422
vt 0.453435 0.514988
vt 0.445464 0.509720
vt 0.438861 0.505263
vt 0.484584 0.502762
vt 0.493708 0.503261
vt 0.505122 0.507560
vt 0.512561 0.511444
vt 0.521719 0.516072
vt 0.527208 0.520536
vt 0.519332 0.521097
vt 0.064309 0.413022
vt 0.069687 0.411366
vt 0.070290 0.427357
vt 0.065001 0.428945
vt 0.075916 0.409645
vt 0.076388 0.425676
vt 0.070960 0.443521
vt 0.065716 0.445097
vt 0.076958 0.441831
vt 0.059316 0.398361
vt 0.063678 0.396978
vt 0.060071 0.414375
vt 0.069218 0.395302
vt 0.075638 0.393588
vt 0.082639 0.392095
vt 0.082711 0.408096
vt 0.082999 0.424112
vt 0.083387 0.440224
vt 0.083760 0.456511
vt 0.077531 0.458257
vt 0.071632 0.460101
vt 0.066419 0.461825
vt 0.061547 0.446364
vt 0.062248 0.463211
vt 0.060817 0.430230
vt 0.478719 0.303509
vt 0.482572 0.303499
vt 0.482613 0.311239
vt 0.478761 0.311227
vt 0.486903 0.303513
vt 0.486942 0.311305
vt 0.482641 0.319863
vt 0.478791 0.319828
vt 0.486967 0.319982
vt 0.474020 0.296272
vt 0.478664 0.296233
vt 0.474075 0.303538
vt 0.482518 0.296200
vt 0.492980 0.303556
vt 0.493018 0.311445
vt 0.493039 0.320223
vt 0.493044 0.330335
vt 0.486978 0.329987
vt 0.482656 0.329811
vt 0.478810 0.329754
vt 0.474151 0.319840
vt 0.474172 0.329760
vt 0.474118 0.311247
vt 0.478816 0.341307
vt 0.482658 0.341390
vt 0.482640 0.354359
vt 0.478803 0.354230
vt 0.486975 0.341626
vt 0.486951 0.354662
vt 0.482597 0.368340
vt 0.478764 0.368127
vt 0.486903 0.368721
vt 0.474182 0.341302
vt 0.493032 0.342088
vt 0.493001 0.355238
vt 0.492947 0.369405
vt 0.492868 0.384207
vt 0.486825 0.383430
vt 0.482520 0.382958
vt 0.478691 0.382602
vt 0.474140 0.367947
vt 0.474075 0.382175
vt 0.474173 0.354177
vt 0.478354 0.397308
vt 0.482332 0.397867
vt 0.481671 0.412859
vt 0.476637 0.412103
vt 0.486703 0.398442
vt 0.486496 0.413518
vt 0.480286 0.427746
vt 0.472493 0.426910
vt 0.486175 0.428445
vt 0.478691 0.382602
vt 0.473565 0.396482
vt 0.482520 0.382958
vt 0.492868 0.384207
vt 0.492762 0.399293
vt 0.492632 0.414434
vt 0.492483 0.429434
vt 0.492320 0.444093
vt 0.485805 0.443006
vt 0.478666 0.442313
vt 0.466854 0.441682
vt 0.462288 0.424899
vt 0.441508 0.440391
vt 0.470578 0.410721
vt 0.012038 0.511381
vt 0.011693 0.511385
vt 0.011528 0.498168
vt 0.011873 0.498162
vt 0.011392 0.511389
vt 0.011224 0.498172
vt 0.011281 0.482965
vt 0.011627 0.482958
vt 0.010975 0.482971
vt 0.012556 0.521681
vt 0.012143 0.521687
vt 0.012449 0.511375
vt 0.011798 0.521690
vt 0.011499 0.521693
vt 0.011223 0.521695
vt 0.011113 0.511391
vt 0.010942 0.498176
vt 0.010690 0.482976
vt 0.010337 0.466720
vt 0.010625 0.466713
vt 0.010933 0.466705
vt 0.011279 0.466696
vt 0.012033 0.482949
vt 0.011683 0.466685
vt 0.012282 0.498155
vt 0.010810 0.450161
vt 0.010464 0.450172
vt 0.009865 0.433573
vt 0.010210 0.433559
vt 0.010156 0.450182
vt 0.009557 0.433585
vt 0.009127 0.416972
vt 0.009471 0.416956
vt 0.008819 0.416986
vt 0.011213 0.450147
vt 0.009866 0.450191
vt 0.009267 0.433597
vt 0.008531 0.417000
vt 0.007650 0.400464
vt 0.007936 0.400448
vt 0.008241 0.400432
vt 0.008584 0.400413
vt 0.009871 0.416936
vt 0.008983 0.400391
vt 0.010612 0.433543
vt 0.007554 0.384051
vt 0.007214 0.384071
vt 0.006105 0.368228
vt 0.006442 0.368206
vt 0.006913 0.384090
vt 0.005808 0.368248
vt 0.004986 0.353294
vt 0.005320 0.353271
vt 0.004694 0.353315
vt 0.007952 0.384026
vt 0.006630 0.384106
vt 0.005530 0.368266
vt 0.004423 0.353334
vt 0.003379 0.339703
vt 0.003645 0.339683
vt 0.003933 0.339662
vt 0.004264 0.339638
vt 0.005716 0.353243
vt 0.004660 0.339609
vt 0.006838 0.368180
vt 0.573873 0.303799
vt 0.574161 0.303799
vt 0.574079 0.312565
vt 0.573790 0.312563
vt 0.574407 0.303799
vt 0.574327 0.312567
vt 0.573920 0.322115
vt 0.573629 0.322111
vt 0.574171 0.322118
vt 0.573505 0.295432
vt 0.573858 0.295429
vt 0.573520 0.303800
vt 0.574146 0.295426
vt 0.574391 0.295424
vt 0.574631 0.303799
vt 0.574554 0.312568
vt 0.574402 0.322121
vt 0.574194 0.332848
vt 0.573958 0.332845
vt 0.573703 0.332841
vt 0.573409 0.332836
vt 0.573277 0.322107
vt 0.573058 0.332831
vt 0.573438 0.312561
vt 0.573153 0.345002
vt 0.573450 0.345007
vt 0.573193 0.358370
vt 0.572893 0.358366
vt 0.573710 0.345011
vt 0.573458 0.358374
vt 0.572966 0.372559
vt 0.572663 0.372555
vt 0.573234 0.372562
vt 0.572801 0.344997
vt 0.573951 0.345015
vt 0.573704 0.358378
vt 0.573486 0.372565
vt 0.573330 0.387207
vt 0.573074 0.387205
vt 0.572802 0.387203
vt 0.572496 0.387201
vt 0.572308 0.372551
vt 0.572140 0.387198
vt 0.572540 0.358360
vt 0.572422 0.401984
vt 0.572730 0.401985
vt 0.572749 0.416801
vt 0.572441 0.416802
vt 0.573004 0.401985
vt 0.573024 0.416801
vt 0.572855 0.431604
vt 0.572546 0.431606
vt 0.573130 0.431602
vt 0.572065 0.401983
vt 0.573262 0.401986
vt 0.573283 0.416800
vt 0.573388 0.431600
vt 0.573572 0.446338
vt 0.573315 0.446341
vt 0.573041 0.446344
vt 0.572732 0.446348
vt 0.572187 0.431609
vt 0.572371 0.446352
vt 0.572082 0.416803
vt 0.602673 0.239268
vt 0.602682 0.247674
vt 0.585017 0.247660
vt 0.585006 0.239261
vt 0.602701 0.257068
vt 0.585038 0.257044
vt 0.577580 0.247656
vt 0.577570 0.239259
vt 0.577602 0.257038
vt 0.635684 0.231354
vt 0.635685 0.239282
vt 0.602671 0.231354
vt 0.635690 0.247705
vt 0.635702 0.257117
vt 0.635723 0.268013
vt 0.602732 0.267941
vt 0.585075 0.267906
vt 0.577639 0.267897
vt 0.575314 0.267900
vt 0.575279 0.257040
vt 0.575258 0.247658
vt 0.575248 0.239260
vt 0.585004 0.231354
vt 0.602780 0.280625
vt 0.602849 0.294808
vt 0.585208 0.294746
vt 0.585130 0.280578
vt 0.602942 0.310015
vt 0.585313 0.309937
vt 0.577773 0.294729
vt 0.577695 0.280565
vt 0.577878 0.309916
vt 0.635754 0.280726
vt 0.635800 0.294940
vt 0.635864 0.310180
vt 0.635949 0.325969
vt 0.603065 0.325772
vt 0.585450 0.325678
vt 0.578015 0.325654
vt 0.575670 0.325664
vt 0.575541 0.309924
vt 0.575442 0.294735
vt 0.575367 0.280569
vt 0.603223 0.341685
vt 0.603426 0.357693
vt 0.585847 0.357574
vt 0.585626 0.341578
vt 0.603684 0.373815
vt 0.586125 0.373689
vt 0.578404 0.357545
vt 0.578188 0.341551
vt 0.578670 0.373658
vt 0.636061 0.341913
vt 0.636207 0.357945
vt 0.636395 0.374083
vt 0.636636 0.390342
vt 0.604007 0.390070
vt 0.586470 0.389942
vt 0.578993 0.389910
vt 0.576548 0.389925
vt 0.576265 0.373675
vt 0.576027 0.357561
vt 0.575830 0.341564
vt 0.033032 0.515329
vt 0.028330 0.514257
vt 0.028017 0.499624
vt 0.032664 0.500181
vt 0.023654 0.513185
vt 0.023395 0.499065
vt 0.027623 0.483126
vt 0.032215 0.483215
vt 0.023055 0.483035
vt 0.037330 0.528543
vt 0.033305 0.527290
vt 0.037018 0.516215
vt 0.028557 0.525777
vt 0.023838 0.524263
vt 0.019898 0.523009
vt 0.019748 0.512298
vt 0.019531 0.498604
vt 0.019232 0.482961
vt 0.018839 0.466406
vt 0.022626 0.466228
vt 0.027150 0.466013
vt 0.031696 0.465798
vt 0.036107 0.483286
vt 0.035548 0.465616
vt 0.036603 0.500641
vt 0.031114 0.449014
vt 0.026598 0.449290
vt 0.025951 0.432975
vt 0.030452 0.432812
vt 0.022103 0.449565
vt 0.021469 0.433137
vt 0.025191 0.416842
vt 0.029690 0.416859
vt 0.020712 0.416824
vt 0.034941 0.448781
vt 0.018338 0.449795
vt 0.017716 0.433273
vt 0.016960 0.416810
vt 0.016059 0.400374
vt 0.019814 0.400504
vt 0.024299 0.400664
vt 0.028805 0.400822
vt 0.033504 0.416869
vt 0.032624 0.400948
vt 0.034268 0.432673
vt 0.027792 0.384520
vt 0.023273 0.384340
vt 0.022175 0.368284
vt 0.026711 0.368393
vt 0.018777 0.384159
vt 0.017664 0.368174
vt 0.021084 0.353035
vt 0.025641 0.353033
vt 0.016552 0.353035
vt 0.031622 0.384664
vt 0.015015 0.384011
vt 0.013892 0.368086
vt 0.012767 0.353038
vt 0.011720 0.339309
vt 0.015522 0.339227
vt 0.020077 0.339130
vt 0.024659 0.339031
vt 0.029505 0.353026
vt 0.028545 0.338945
vt 0.030556 0.368478
vt 0.053351 0.415965
vt 0.055058 0.415733
vt 0.055853 0.431514
vt 0.054149 0.431728
vt 0.057120 0.415251
vt 0.057899 0.431060
vt 0.056588 0.447622
vt 0.054882 0.447827
vt 0.058633 0.447179
vt 0.050578 0.400157
vt 0.052466 0.400008
vt 0.051463 0.416094
vt 0.054187 0.399760
vt 0.056288 0.399260
vt 0.059330 0.464100
vt 0.057280 0.464579
vt 0.055569 0.464793
vt 0.052986 0.447929
vt 0.053667 0.464888
vt 0.052258 0.431841
vt 0.540785 0.495530
vt 0.538667 0.495241
vt 0.538618 0.482736
vt 0.540727 0.482992
vt 0.535256 0.494435
vt 0.535219 0.482024
vt 0.538571 0.468361
vt 0.540671 0.468584
vt 0.535187 0.467741
vt 0.542636 0.505318
vt 0.540835 0.505289
vt 0.542580 0.495556
vt 0.538711 0.504972
vt 0.535289 0.504088
vt 0.529594 0.502359
vt 0.529577 0.492860
vt 0.529561 0.480630
vt 0.529552 0.466530
vt 0.529556 0.451420
vt 0.535168 0.452477
vt 0.538538 0.453018
vt 0.540629 0.453213
vt 0.542450 0.468605
vt 0.542400 0.453233
vt 0.542514 0.483015
vt 0.540609 0.437640
vt 0.538527 0.437463
vt 0.538539 0.421866
vt 0.540614 0.422031
vt 0.535169 0.436975
vt 0.535191 0.421413
vt 0.538577 0.406249
vt 0.540647 0.406407
vt 0.535236 0.405824
vt 0.542371 0.437660
vt 0.529577 0.436024
vt 0.529615 0.420533
vt 0.529671 0.405000
vt 0.529742 0.389479
vt 0.535302 0.390242
vt 0.538640 0.390636
vt 0.540709 0.390785
vt 0.542399 0.406432
vt 0.542459 0.390814
vt 0.542370 0.422053
vt 0.540798 0.375258
vt 0.538728 0.375121
vt 0.538827 0.360089
vt 0.540902 0.360209
vt 0.535388 0.374769
vt 0.535482 0.359788
vt 0.538922 0.345993
vt 0.541004 0.346094
vt 0.535571 0.345749
vt 0.542552 0.375292
vt 0.529826 0.374091
vt 0.529915 0.359212
vt 0.529995 0.345285
vt 0.530056 0.332752
vt 0.535641 0.333104
vt 0.538999 0.333289
vt 0.541089 0.333370
vt 0.542772 0.346132
vt 0.542865 0.333405
vt 0.542661 0.360246
vt 0.521082 0.490388
vt 0.510915 0.487405
vt 0.510971 0.475806
vt 0.521098 0.478445
vt 0.500646 0.484423
vt 0.500745 0.473166
vt 0.511041 0.462337
vt 0.521124 0.464631
vt 0.500862 0.460041
vt 0.521074 0.499646
vt 0.510877 0.496373
vt 0.500574 0.493102
vt 0.491734 0.490397
vt 0.491841 0.481952
vt 0.491984 0.470977
vt 0.492149 0.458136
vt 0.492320 0.444093
vt 0.500989 0.445757
vt 0.511121 0.447760
vt 0.521162 0.449762
vt 0.521212 0.434533
vt 0.511208 0.432733
vt 0.511299 0.417487
vt 0.521275 0.419153
vt 0.501115 0.430931
vt 0.501236 0.415819
vt 0.511390 0.402148
vt 0.521346 0.403708
vt 0.501347 0.400588
vt 0.492483 0.429434
vt 0.492762 0.399293
vt 0.501445 0.385403
vt 0.511478 0.386844
vt 0.521425 0.388285
vt 0.521508 0.373029
vt 0.511559 0.371748
vt 0.511630 0.357225
vt 0.521588 0.358311
vt 0.501525 0.370467
vt 0.501586 0.356139
vt 0.511686 0.343686
vt 0.521657 0.344560
vt 0.501629 0.342812
vt 0.493001 0.355238
vt 0.493044 0.330335
vt 0.501652 0.330882
vt 0.511722 0.331543
vt 0.521706 0.332204
vt 0.560552 0.303919
vt 0.563353 0.303887
vt 0.563293 0.312678
vt 0.560501 0.312727
vt 0.566124 0.303856
vt 0.566056 0.312629
vt 0.563163 0.322312
vt 0.560385 0.322398
vt 0.565913 0.322225
vt 0.558118 0.295562
vt 0.560525 0.295541
vt 0.558148 0.303945
vt 0.568419 0.295475
vt 0.568437 0.303830
vt 0.568364 0.312589
vt 0.568213 0.322154
vt 0.567999 0.332930
vt 0.565711 0.333056
vt 0.562977 0.333209
vt 0.560216 0.333361
vt 0.558001 0.322469
vt 0.557849 0.333487
vt 0.558105 0.312767
vt 0.560012 0.345907
vt 0.562751 0.345652
vt 0.562516 0.359374
vt 0.559799 0.359758
vt 0.565466 0.345397
vt 0.565211 0.358989
vt 0.562304 0.373968
vt 0.559606 0.374496
vt 0.564980 0.373440
vt 0.557664 0.346117
vt 0.567742 0.345186
vt 0.567473 0.358672
vt 0.567231 0.373003
vt 0.567051 0.387795
vt 0.564810 0.388354
vt 0.562147 0.389029
vt 0.559465 0.389704
vt 0.557295 0.374933
vt 0.557166 0.390263
vt 0.557470 0.360075
vt 0.559397 0.405028
vt 0.562071 0.404212
vt 0.562075 0.419420
vt 0.559401 0.420372
vt 0.564728 0.403397
vt 0.564732 0.418468
vt 0.562150 0.434616
vt 0.559466 0.435706
vt 0.564815 0.433526
vt 0.557105 0.405703
vt 0.566965 0.402721
vt 0.566970 0.417679
vt 0.567060 0.432623
vt 0.567225 0.447507
vt 0.564968 0.448530
vt 0.562286 0.449764
vt 0.559585 0.450999
vt 0.557167 0.436610
vt 0.557270 0.452022
vt 0.557109 0.421161
vt 0.075615 0.377469
vt 0.068926 0.379072
vt 0.068750 0.363192
vt 0.075776 0.361692
vt 0.063123 0.380627
vt 0.062577 0.364420
vt 0.068613 0.348435
vt 0.075976 0.346870
vt 0.062002 0.349063
vt 0.082639 0.392095
vt 0.075638 0.393588
vt 0.082858 0.376098
vt 0.069218 0.395302
vt 0.059316 0.398361
vt 0.058548 0.381911
vt 0.057707 0.365386
vt 0.056713 0.349236
vt 0.055385 0.332828
vt 0.061660 0.335875
vt 0.068460 0.336016
vt 0.075797 0.334225
vt 0.083761 0.345228
vt 0.084095 0.329905
vt 0.083278 0.360381
vt 0.047144 0.383914
vt 0.044350 0.384145
vt 0.043320 0.367788
vt 0.046121 0.367517
vt 0.041590 0.384373
vt 0.040554 0.368054
vt 0.042321 0.352161
vt 0.045132 0.351864
vt 0.039545 0.352453
vt 0.050578 0.400157
vt 0.048126 0.400326
vt 0.049597 0.383710
vt 0.045334 0.400518
vt 0.042577 0.400707
vt 0.040230 0.400867
vt 0.039241 0.384565
vt 0.038200 0.368277
vt 0.037182 0.352698
vt 0.036263 0.338526
vt 0.038638 0.338278
vt 0.041427 0.337982
vt 0.044251 0.337681
vt 0.047599 0.351603
vt 0.046731 0.337417
vt 0.048579 0.367280
vt 0.570754 0.401980
vt 0.571202 0.401981
vt 0.571217 0.416806
vt 0.570768 0.416807
vt 0.571650 0.401982
vt 0.571666 0.416804
vt 0.571316 0.431616
vt 0.570865 0.431619
vt 0.571768 0.431612
vt 0.570419 0.387186
vt 0.570831 0.387189
vt 0.570340 0.401979
vt 0.571278 0.387192
vt 0.571726 0.387195
vt 0.571950 0.446357
vt 0.571494 0.446361
vt 0.571040 0.446366
vt 0.570448 0.431622
vt 0.570621 0.446370
vt 0.570352 0.416808
vt 0.571483 0.344975
vt 0.571932 0.344982
vt 0.571674 0.358348
vt 0.571227 0.358341
vt 0.572384 0.344990
vt 0.572124 0.358354
vt 0.571445 0.372542
vt 0.570998 0.372536
vt 0.571893 0.372547
vt 0.571325 0.332804
vt 0.571731 0.332810
vt 0.571076 0.344968
vt 0.572183 0.332817
vt 0.572639 0.332824
vt 0.570588 0.372532
vt 0.570819 0.358335
vt 0.572164 0.303801
vt 0.572626 0.303801
vt 0.572549 0.312555
vt 0.572090 0.312553
vt 0.573093 0.303800
vt 0.573013 0.312558
vt 0.572395 0.322097
vt 0.571940 0.322091
vt 0.572855 0.322102
vt 0.572146 0.295443
vt 0.571754 0.303801
vt 0.572608 0.295439
vt 0.573077 0.295435
vt 0.571533 0.322086
vt 0.571681 0.312550
vt 0.009420 0.383935
vt 0.008919 0.383966
vt 0.007809 0.368114
vt 0.008312 0.368081
vt 0.008417 0.383998
vt 0.007304 0.368148
vt 0.006694 0.353174
vt 0.007199 0.353138
vt 0.006185 0.353210
vt 0.010911 0.400284
vt 0.010449 0.400309
vt 0.009880 0.383907
vt 0.009949 0.400337
vt 0.009447 0.400365
vt 0.005133 0.339575
vt 0.005646 0.339537
vt 0.006155 0.339500
vt 0.007657 0.353106
vt 0.006614 0.339466
vt 0.008770 0.368050
vt 0.012694 0.450097
vt 0.012188 0.450114
vt 0.011581 0.433503
vt 0.012084 0.433483
vt 0.011681 0.450132
vt 0.011078 0.433524
vt 0.010838 0.416889
vt 0.011339 0.416865
vt 0.010336 0.416914
vt 0.013645 0.466631
vt 0.013176 0.466644
vt 0.013161 0.450081
vt 0.012666 0.466658
vt 0.012155 0.466673
vt 0.011803 0.416843
vt 0.012550 0.433464
vt 0.013994 0.511348
vt 0.013467 0.511358
vt 0.013287 0.498136
vt 0.013807 0.498125
vt 0.012937 0.511367
vt 0.012764 0.498146
vt 0.013026 0.482927
vt 0.013541 0.482915
vt 0.012510 0.482939
vt 0.014601 0.521646
vt 0.014120 0.521655
vt 0.014471 0.511339
vt 0.013588 0.521665
vt 0.013050 0.521674
vt 0.014013 0.482904
vt 0.014282 0.498115
vt 0.572160 0.501465
vt 0.572643 0.501459
vt 0.572718 0.504941
vt 0.572229 0.504947
vt 0.573130 0.501453
vt 0.573212 0.504934
vt 0.572748 0.506709
vt 0.572253 0.506717
vt 0.573250 0.506701
vt 0.571596 0.495420
vt 0.572025 0.495415
vt 0.571727 0.501470
vt 0.572501 0.495410
vt 0.572982 0.495404
vt 0.573424 0.495398
vt 0.573665 0.504926
vt 0.573708 0.506693
vt 0.573265 0.507613
vt 0.572757 0.507622
vt 0.572255 0.507630
vt 0.571813 0.506723
vt 0.571811 0.507637
vt 0.571792 0.504953
vt 0.122505 0.594312
vt 0.122552 0.594958
vt 0.117621 0.595350
vt 0.117573 0.594701
vt 0.122598 0.595610
vt 0.117666 0.596008
vt 0.114777 0.595558
vt 0.114727 0.594901
vt 0.114823 0.596222
vt 0.130520 0.593063
vt 0.130565 0.593641
vt 0.122460 0.593735
vt 0.130615 0.594286
vt 0.130664 0.594938
vt 0.130710 0.595534
vt 0.122641 0.596207
vt 0.117707 0.596608
vt 0.114864 0.596828
vt 0.113025 0.596344
vt 0.112977 0.595672
vt 0.112925 0.595008
vt 0.114676 0.594320
vt 0.112869 0.594422
vt 0.117526 0.594123
vt 0.120238 0.592014
vt 0.121757 0.592735
vt 0.116819 0.593128
vt 0.115305 0.592412
vt 0.122341 0.593253
vt 0.117404 0.593642
vt 0.113960 0.593330
vt 0.112450 0.592619
vt 0.114549 0.593840
vt 0.128286 0.591328
vt 0.129815 0.592054
vt 0.130401 0.592577
vt 0.112735 0.593942
vt 0.112142 0.593435
vt 0.110633 0.592730
vt 0.569877 0.502185
vt 0.570807 0.501686
vt 0.570874 0.505171
vt 0.569947 0.505676
vt 0.571342 0.501500
vt 0.571407 0.504983
vt 0.570897 0.506940
vt 0.569973 0.507445
vt 0.571427 0.506753
vt 0.569741 0.496113
vt 0.570672 0.495630
vt 0.571210 0.495449
vt 0.571425 0.507667
vt 0.570897 0.507852
vt 0.569977 0.508353
vt 0.017164 0.511734
vt 0.015692 0.511447
vt 0.015504 0.498164
vt 0.016969 0.498311
vt 0.014928 0.511346
vt 0.014740 0.498115
vt 0.015237 0.482897
vt 0.016694 0.482917
vt 0.014473 0.482896
vt 0.017297 0.522212
vt 0.015819 0.521805
vt 0.015056 0.521660
vt 0.014106 0.466617
vt 0.014870 0.466587
vt 0.016321 0.466523
vt 0.015832 0.449944
vt 0.014386 0.450026
vt 0.013773 0.433416
vt 0.015216 0.433364
vt 0.013622 0.450064
vt 0.013010 0.433445
vt 0.013022 0.416811
vt 0.014462 0.416806
vt 0.012261 0.416824
vt 0.011366 0.400265
vt 0.012123 0.400264
vt 0.013561 0.400296
vt 0.012516 0.383923
vt 0.011082 0.383886
vt 0.009961 0.368018
vt 0.011391 0.368035
vt 0.010330 0.383886
vt 0.009216 0.368026
vt 0.008836 0.353059
vt 0.010263 0.353046
vt 0.008097 0.353079
vt 0.007051 0.339438
vt 0.007785 0.339408
vt 0.009211 0.339368
vt 0.569979 0.303813
vt 0.570883 0.303805
vt 0.570808 0.312552
vt 0.569904 0.312564
vt 0.571392 0.303802
vt 0.571319 0.312548
vt 0.570656 0.322089
vt 0.569750 0.322110
vt 0.571170 0.322084
vt 0.569961 0.295462
vt 0.570864 0.295454
vt 0.571374 0.295450
vt 0.570959 0.332801
vt 0.570441 0.332812
vt 0.569533 0.332851
vt 0.569272 0.345054
vt 0.570182 0.344987
vt 0.569913 0.358369
vt 0.568999 0.358471
vt 0.570705 0.344966
vt 0.570443 0.358335
vt 0.569670 0.372584
vt 0.568754 0.372725
vt 0.570206 0.372535
vt 0.570033 0.387193
vt 0.569492 0.387258
vt 0.568572 0.387439
vt 0.568485 0.402291
vt 0.569406 0.402070
vt 0.569414 0.416918
vt 0.568491 0.417176
vt 0.569951 0.401990
vt 0.569961 0.416822
vt 0.569509 0.431750
vt 0.568585 0.432047
vt 0.570056 0.431640
vt 0.570229 0.446391
vt 0.569683 0.446517
vt 0.568757 0.446854
vt 0.555646 0.375210
vt 0.554417 0.375349
vt 0.554572 0.360374
vt 0.555809 0.360276
vt 0.553236 0.375393
vt 0.553385 0.360399
vt 0.554743 0.346311
vt 0.555989 0.346249
vt 0.553549 0.346321
vt 0.557166 0.390263
vt 0.555526 0.390619
vt 0.554302 0.390799
vt 0.553125 0.390862
vt 0.551623 0.390864
vt 0.551731 0.375386
vt 0.551875 0.360383
vt 0.552030 0.346299
vt 0.552176 0.333575
vt 0.553704 0.333599
vt 0.554906 0.333599
vt 0.556161 0.333565
vt 0.557664 0.346117
vt 0.557849 0.333487
vt 0.557470 0.360075
vt 0.555524 0.437187
vt 0.554297 0.437485
vt 0.554249 0.421924
vt 0.555472 0.421665
vt 0.553113 0.437598
vt 0.553069 0.422021
vt 0.554247 0.406355
vt 0.555469 0.406134
vt 0.553070 0.406435
vt 0.557270 0.452022
vt 0.555617 0.452676
vt 0.557167 0.436609
vt 0.554382 0.453015
vt 0.553192 0.453145
vt 0.551672 0.453173
vt 0.551601 0.437620
vt 0.551563 0.422037
vt 0.551568 0.406445
vt 0.557105 0.405703
vt 0.556005 0.494764
vt 0.554738 0.495225
vt 0.554617 0.482717
vt 0.555874 0.482293
vt 0.553525 0.495405
vt 0.553412 0.482882
vt 0.554494 0.468345
vt 0.555738 0.467963
vt 0.553296 0.468493
vt 0.557832 0.503533
vt 0.556115 0.504474
vt 0.557708 0.493877
vt 0.554839 0.504964
vt 0.553620 0.505154
vt 0.552072 0.505201
vt 0.551983 0.495448
vt 0.551877 0.482920
vt 0.551769 0.468526
vt 0.557407 0.467228
vt 0.557560 0.481477
vt 0.036132 0.416865
vt 0.037913 0.416840
vt 0.038680 0.432504
vt 0.036898 0.432575
vt 0.039389 0.416784
vt 0.040159 0.432437
vt 0.039368 0.448526
vt 0.037580 0.448624
vt 0.040852 0.448454
vt 0.032624 0.400948
vt 0.035256 0.401018
vt 0.033504 0.416869
vt 0.037038 0.401026
vt 0.038514 0.400976
vt 0.040230 0.400867
vt 0.041106 0.416691
vt 0.041880 0.432354
vt 0.042578 0.448379
vt 0.043226 0.465288
vt 0.041493 0.465354
vt 0.040003 0.465414
vt 0.038204 0.465493
vt 0.034941 0.448781
vt 0.034268 0.432673
vt 0.032167 0.353007
vt 0.033966 0.352960
vt 0.034997 0.368504
vt 0.033205 0.368519
vt 0.035454 0.352864
vt 0.036479 0.368427
vt 0.036046 0.384754
vt 0.034261 0.384744
vt 0.037524 0.384694
vt 0.028545 0.338945
vt 0.031222 0.338875
vt 0.029505 0.353026
vt 0.033031 0.338801
vt 0.034527 0.338694
vt 0.036263 0.338526
vt 0.037182 0.352698
vt 0.038200 0.368277
vt 0.039241 0.384565
vt 0.031622 0.384664
vt 0.030556 0.368478
vt 0.029181 0.306115
vt 0.031026 0.306061
vt 0.031594 0.315769
vt 0.029762 0.315842
vt 0.032551 0.305997
vt 0.033109 0.315681
vt 0.032248 0.326510
vt 0.030428 0.326592
vt 0.033753 0.326407
vt 0.025892 0.296923
vt 0.028643 0.296899
vt 0.026450 0.306174
vt 0.030501 0.296871
vt 0.032037 0.296834
vt 0.033820 0.296786
vt 0.034322 0.305907
vt 0.034867 0.315554
vt 0.035499 0.326251
vt 0.027734 0.326682
vt 0.027050 0.315926
vt 0.510291 0.547638
vt 0.510862 0.546389
vt 0.529396 0.545073
vt 0.528663 0.546322
vt 0.511007 0.544989
vt 0.529602 0.543675
vt 0.537554 0.544573
vt 0.536743 0.545815
vt 0.537790 0.543179
vt 0.475846 0.551556
vt 0.476480 0.550168
vt 0.509112 0.549051
vt 0.476767 0.548927
vt 0.476801 0.547531
vt 0.476675 0.545676
vt 0.510907 0.543126
vt 0.529513 0.541804
vt 0.537700 0.541300
vt 0.540680 0.541206
vt 0.540773 0.543092
vt 0.540525 0.544481
vt 0.539677 0.545712
vt 0.535106 0.547237
vt 0.537969 0.547128
vt 0.527176 0.547744
vt 0.040313 0.537545
vt 0.042186 0.538021
vt 0.042305 0.542657
vt 0.040426 0.542144
vt 0.043716 0.538177
vt 0.043839 0.542827
vt 0.042354 0.544862
vt 0.040473 0.544338
vt 0.043891 0.545035
vt 0.037330 0.528543
vt 0.040099 0.529338
vt 0.037527 0.536602
vt 0.041962 0.529737
vt 0.043487 0.529865
vt 0.045243 0.529847
vt 0.045476 0.538165
vt 0.045601 0.542817
vt 0.045656 0.545024
vt 0.045675 0.546009
vt 0.043908 0.546022
vt 0.042369 0.545850
vt 0.040486 0.545329
vt 0.037674 0.543299
vt 0.037687 0.544292
vt 0.037631 0.541128
vt 0.086791 0.583292
vt 0.085275 0.582111
vt 0.087962 0.581890
vt 0.089489 0.583069
vt 0.084662 0.580697
vt 0.087344 0.580480
vt 0.092700 0.581487
vt 0.094239 0.582664
vt 0.092074 0.580081
vt 0.085119 0.583423
vt 0.089682 0.584590
vt 0.083612 0.582241
vt 0.083003 0.580823
vt 0.082824 0.578819
vt 0.084481 0.578700
vt 0.087160 0.578489
vt 0.091884 0.578097
vt 0.099674 0.577432
vt 0.099875 0.579409
vt 0.100511 0.580811
vt 0.102067 0.581986
vt 0.097171 0.583961
vt 0.105026 0.583281
vt 0.092399 0.584367
vt 0.169640 0.587456
vt 0.171244 0.588189
vt 0.155936 0.589702
vt 0.154367 0.588969
vt 0.171864 0.588733
vt 0.156539 0.590238
vt 0.141594 0.591022
vt 0.140049 0.590292
vt 0.142186 0.591551
vt 0.181093 0.584787
vt 0.184270 0.585849
vt 0.166555 0.586374
vt 0.185922 0.586579
vt 0.186564 0.587131
vt 0.186708 0.587665
vt 0.171999 0.589248
vt 0.156667 0.590739
vt 0.142308 0.592043
vt 0.137073 0.589195
vt 0.151346 0.587876
vt 0.172063 0.589858
vt 0.172135 0.590536
vt 0.156786 0.591992
vt 0.156723 0.591332
vt 0.172206 0.591221
vt 0.156848 0.592658
vt 0.142413 0.593275
vt 0.142358 0.592626
vt 0.142468 0.593930
vt 0.186780 0.588300
vt 0.186860 0.589007
vt 0.186940 0.589720
vt 0.187013 0.590375
vt 0.172271 0.591848
vt 0.156906 0.593268
vt 0.142518 0.594531
vt 0.996759 0.344507
vt 0.996977 0.360942
vt 0.994837 0.360950
vt 0.994634 0.344516
vt 0.997209 0.377411
vt 0.995054 0.377418
vt 0.990987 0.360948
vt 0.990811 0.344517
vt 0.991175 0.377413
vt 0.997828 0.328126
vt 0.998035 0.344494
vt 0.996561 0.328138
vt 0.998261 0.360928
vt 0.998503 0.377397
vt 0.998755 0.393868
vt 0.997452 0.393882
vt 0.995281 0.393888
vt 0.991372 0.393880
vt 0.984856 0.393850
vt 0.984709 0.377388
vt 0.984570 0.360931
vt 0.984440 0.344508
vt 0.990650 0.328152
vt 0.984320 0.328150
vt 0.994449 0.328147
vt 0.996110 0.281780
vt 0.996234 0.296329
vt 0.994144 0.296337
vt 0.994028 0.281787
vt 0.996385 0.311942
vt 0.994285 0.311952
vt 0.990383 0.296344
vt 0.990281 0.281793
vt 0.990507 0.311958
vt 0.997262 0.268774
vt 0.997361 0.281773
vt 0.996015 0.268780
vt 0.997490 0.296320
vt 0.997646 0.311932
vt 0.984212 0.311960
vt 0.984118 0.296348
vt 0.984039 0.281798
vt 0.990202 0.268790
vt 0.983977 0.268794
vt 0.993938 0.268785
vt 0.995886 0.239441
vt 0.995907 0.248035
vt 0.993837 0.248038
vt 0.993817 0.239442
vt 0.995948 0.257646
vt 0.993876 0.257650
vt 0.990113 0.248041
vt 0.990095 0.239443
vt 0.990147 0.257654
vt 0.997128 0.239439
vt 0.995880 0.231354
vt 0.997150 0.248032
vt 0.997193 0.257641
vt 0.983934 0.257657
vt 0.983908 0.248043
vt 0.983894 0.239445
vt 0.983890 0.231354
vt 0.993811 0.231354
vt 0.089897 0.406898
vt 0.097753 0.405983
vt 0.097559 0.421759
vt 0.089949 0.422824
vt 0.106667 0.405226
vt 0.106275 0.420813
vt 0.097372 0.437660
vt 0.090065 0.438848
vt 0.105831 0.436567
vt 0.090034 0.391012
vt 0.098073 0.390262
vt 0.107117 0.389704
vt 0.117528 0.389193
vt 0.117029 0.404501
vt 0.116541 0.419882
vt 0.115961 0.435479
vt 0.115185 0.451435
vt 0.105223 0.452593
vt 0.097073 0.453756
vt 0.090124 0.455027
vt 0.091672 0.344929
vt 0.099939 0.345120
vt 0.099256 0.359404
vt 0.091019 0.359682
vt 0.109021 0.345224
vt 0.108369 0.359248
vt 0.098599 0.374614
vt 0.090437 0.375177
vt 0.107704 0.374244
vt 0.092479 0.331668
vt 0.100597 0.332388
vt 0.109578 0.332696
vt 0.119830 0.332810
vt 0.119333 0.345223
vt 0.118737 0.359098
vt 0.118111 0.373925
vt 0.090034 0.391012
vt 0.082858 0.376098
vt 0.083278 0.360381
vt 0.094823 0.304089
vt 0.101796 0.304436
vt 0.101598 0.312538
vt 0.094476 0.311972
vt 0.110362 0.304694
vt 0.110225 0.312856
vt 0.101179 0.321659
vt 0.093629 0.320879
vt 0.109976 0.322020
vt 0.089532 0.296580
vt 0.094888 0.296685
vt 0.089466 0.303582
vt 0.101863 0.296834
vt 0.110440 0.297032
vt 0.120604 0.297281
vt 0.120518 0.304930
vt 0.120388 0.313073
vt 0.120173 0.322202
vt 0.087576 0.319107
vt 0.088975 0.310937
vt 0.085583 0.548819
vt 0.086466 0.541884
vt 0.090222 0.541537
vt 0.088838 0.548639
vt 0.087030 0.535314
vt 0.091524 0.534553
vt 0.095788 0.541136
vt 0.094035 0.548303
vt 0.097542 0.534004
vt 0.082738 0.554955
vt 0.083299 0.548922
vt 0.084697 0.554888
vt 0.083604 0.542216
vt 0.083131 0.536336
vt 0.087439 0.529913
vt 0.092622 0.528679
vt 0.099012 0.527989
vt 0.107884 0.527394
vt 0.106189 0.533415
vt 0.104166 0.540555
vt 0.102159 0.547718
vt 0.092588 0.554402
vt 0.100509 0.553809
vt 0.087649 0.554732
vt 0.089163 0.517568
vt 0.094418 0.516309
vt 0.094028 0.520835
vt 0.088840 0.522100
vt 0.101106 0.515567
vt 0.100627 0.520112
vt 0.093451 0.524462
vt 0.088209 0.525753
vt 0.099999 0.523732
vt 0.089354 0.510602
vt 0.094803 0.509335
vt 0.101661 0.508528
vt 0.110919 0.507822
vt 0.110267 0.514944
vt 0.109715 0.519522
vt 0.109007 0.523143
vt 0.099012 0.527989
vt 0.092622 0.528679
vt 0.087439 0.529913
vt 0.998407 0.455896
vt 0.998464 0.459733
vt 0.996228 0.459739
vt 0.996175 0.455902
vt 0.998489 0.461612
vt 0.996250 0.461619
vt 0.992198 0.459738
vt 0.992153 0.455898
vt 0.992217 0.461620
vt 0.999635 0.449111
vt 0.999743 0.455885
vt 0.998303 0.449122
vt 0.999803 0.459722
vt 0.999830 0.461600
vt 0.999841 0.462500
vt 0.998498 0.462511
vt 0.996258 0.462520
vt 0.992223 0.462523
vt 0.985495 0.462517
vt 0.985492 0.461609
vt 0.985479 0.459723
vt 0.985447 0.455879
vt 0.992069 0.449122
vt 0.985383 0.449098
vt 0.996078 0.449128
vt 0.150112 0.581223
vt 0.155926 0.583052
vt 0.140937 0.584505
vt 0.135242 0.582648
vt 0.161737 0.584849
vt 0.146627 0.586329
vt 0.126813 0.585798
vt 0.121202 0.583925
vt 0.132422 0.587638
vt 0.159196 0.578171
vt 0.164167 0.579761
vt 0.145283 0.579600
vt 0.170152 0.581546
vt 0.176133 0.583297
vt 0.116543 0.582268
vt 0.130514 0.581004
vt 0.172325 0.592372
vt 0.172369 0.592806
vt 0.156994 0.594198
vt 0.156954 0.593777
vt 0.172407 0.593180
vt 0.157029 0.594560
vt 0.142597 0.595443
vt 0.142561 0.595030
vt 0.142629 0.595798
vt 0.187072 0.590921
vt 0.187120 0.591374
vt 0.187160 0.591764
vt 0.187197 0.592123
vt 0.172441 0.593525
vt 0.157060 0.594894
vt 0.142658 0.596124
vt 0.130810 0.596786
vt 0.130781 0.596437
vt 0.130748 0.596029
vt 0.083806 0.564113
vt 0.083855 0.561949
vt 0.086543 0.561791
vt 0.086465 0.563951
vt 0.084123 0.559127
vt 0.086899 0.558971
vt 0.091250 0.561455
vt 0.091148 0.563610
vt 0.091683 0.558637
vt 0.082242 0.566455
vt 0.082159 0.564186
vt 0.083888 0.566375
vt 0.082177 0.562018
vt 0.082351 0.559194
vt 0.082738 0.554955
vt 0.084697 0.554888
vt 0.087649 0.554732
vt 0.092588 0.554402
vt 0.100509 0.553809
vt 0.099477 0.558038
vt 0.098984 0.560851
vt 0.098866 0.563001
vt 0.091233 0.565858
vt 0.098961 0.565242
vt 0.086547 0.566206
vt 0.540003 0.567490
vt 0.540034 0.568831
vt 0.527681 0.569044
vt 0.527649 0.567753
vt 0.540044 0.570004
vt 0.527696 0.570202
vt 0.507327 0.569822
vt 0.507293 0.568597
vt 0.507347 0.570945
vt 0.548283 0.565818
vt 0.548356 0.567516
vt 0.539938 0.565895
vt 0.548387 0.568901
vt 0.548391 0.570077
vt 0.548381 0.571149
vt 0.540042 0.571092
vt 0.527702 0.571294
vt 0.507361 0.572017
vt 0.475016 0.573521
vt 0.474996 0.572504
vt 0.474970 0.571448
vt 0.474933 0.570310
vt 0.507238 0.567219
vt 0.474880 0.569051
vt 0.527590 0.566264
vt 0.532497 0.549093
vt 0.529183 0.551326
vt 0.522756 0.551716
vt 0.524922 0.549578
vt 0.525503 0.553800
vt 0.521475 0.553987
vt 0.507872 0.552777
vt 0.507602 0.550836
vt 0.512254 0.554579
vt 0.535233 0.548991
vt 0.531658 0.551249
vt 0.527524 0.553769
vt 0.523111 0.556421
vt 0.521657 0.556394
vt 0.520774 0.556314
vt 0.521031 0.556125
vt 0.523000 0.555774
vt 0.487578 0.556371
vt 0.477800 0.555041
vt 0.475351 0.553276
vt 0.475846 0.551556
vt 0.527176 0.547744
vt 0.539554 0.559950
vt 0.539699 0.561963
vt 0.527386 0.562707
vt 0.527261 0.560898
vt 0.539833 0.564006
vt 0.527500 0.564545
vt 0.507062 0.564021
vt 0.506954 0.562404
vt 0.507159 0.565664
vt 0.547677 0.557314
vt 0.547838 0.559281
vt 0.539412 0.558151
vt 0.548007 0.561503
vt 0.548162 0.563757
vt 0.548283 0.565818
vt 0.539938 0.565895
vt 0.527590 0.566264
vt 0.507238 0.567219
vt 0.474808 0.567654
vt 0.474720 0.566188
vt 0.474623 0.564746
vt 0.506845 0.560930
vt 0.474525 0.563422
vt 0.527138 0.559265
vt 0.539474 0.554573
vt 0.539304 0.555545
vt 0.527937 0.556727
vt 0.530001 0.555610
vt 0.539303 0.556702
vt 0.527151 0.557905
vt 0.509564 0.558396
vt 0.516189 0.556940
vt 0.507107 0.559654
vt 0.547227 0.552821
vt 0.547322 0.553644
vt 0.539744 0.553694
vt 0.547424 0.554587
vt 0.547540 0.555771
vt 0.527138 0.559265
vt 0.506845 0.560930
vt 0.474525 0.563422
vt 0.474934 0.562242
vt 0.478369 0.560964
vt 0.488770 0.559219
vt 0.527060 0.555225
vt 0.532832 0.554514
vt 0.298837 0.563949
vt 0.297709 0.562779
vt 0.361429 0.557769
vt 0.362071 0.558965
vt 0.297185 0.561411
vt 0.361097 0.556391
vt 0.424458 0.552904
vt 0.424598 0.554125
vt 0.424324 0.551516
vt 0.247649 0.569556
vt 0.244834 0.568341
vt 0.300920 0.565196
vt 0.243326 0.567190
vt 0.242654 0.565828
vt 0.242349 0.563980
vt 0.296917 0.559570
vt 0.360878 0.554550
vt 0.424156 0.549669
vt 0.424784 0.555471
vt 0.363220 0.560259
vt 0.809326 0.343210
vt 0.809127 0.359389
vt 0.747701 0.358863
vt 0.747780 0.342739
vt 0.808886 0.375623
vt 0.747609 0.375060
vt 0.686764 0.358355
vt 0.686719 0.342282
vt 0.686827 0.374518
vt 0.861674 0.327446
vt 0.861440 0.343624
vt 0.809488 0.327090
vt 0.861153 0.359853
vt 0.860804 0.376123
vt 0.860383 0.392424
vt 0.808597 0.391907
vt 0.747503 0.391332
vt 0.686913 0.390783
vt 0.686688 0.326288
vt 0.747847 0.326683
vt 0.809809 0.281294
vt 0.809727 0.295685
vt 0.747951 0.295415
vt 0.747988 0.281087
vt 0.809621 0.311113
vt 0.747904 0.310775
vt 0.686652 0.295152
vt 0.686644 0.280887
vt 0.686666 0.310446
vt 0.862214 0.268556
vt 0.862129 0.281475
vt 0.809870 0.268424
vt 0.862014 0.295922
vt 0.861864 0.311409
vt 0.686640 0.268130
vt 0.748017 0.268275
vt 0.809953 0.239366
vt 0.809939 0.247880
vt 0.748052 0.247816
vt 0.748059 0.239335
vt 0.809912 0.257399
vt 0.748038 0.257296
vt 0.686638 0.247755
vt 0.686639 0.239306
vt 0.686639 0.257197
vt 0.862333 0.231354
vt 0.862328 0.239393
vt 0.862309 0.247937
vt 0.862273 0.257490
vt 0.748062 0.231354
vt 0.179914 0.306088
vt 0.181931 0.306075
vt 0.182141 0.313921
vt 0.179969 0.313954
vt 0.183934 0.306062
vt 0.184507 0.313886
vt 0.182226 0.322680
vt 0.179985 0.322730
vt 0.184728 0.322628
vt 0.177983 0.298671
vt 0.179840 0.298677
vt 0.178020 0.306099
vt 0.181648 0.298685
vt 0.183018 0.298700
vt 0.186297 0.306045
vt 0.187172 0.313850
vt 0.187475 0.322579
vt 0.187498 0.332687
vt 0.184738 0.332743
vt 0.182214 0.332807
vt 0.179956 0.332871
vt 0.178040 0.322772
vt 0.177995 0.332926
vt 0.178044 0.313981
vt 0.179237 0.398498
vt 0.181207 0.397224
vt 0.181041 0.408835
vt 0.179220 0.411198
vt 0.183410 0.395997
vt 0.183050 0.406709
vt 0.181293 0.418807
vt 0.179588 0.422955
vt 0.183070 0.415414
vt 0.177531 0.385727
vt 0.179416 0.385150
vt 0.177468 0.399575
vt 0.181530 0.384474
vt 0.183885 0.383814
vt 0.186490 0.383283
vt 0.185876 0.395030
vt 0.185304 0.405190
vt 0.184981 0.413271
vt 0.184946 0.418327
vt 0.183760 0.421584
vt 0.182290 0.426330
vt 0.180757 0.432537
vt 0.177887 0.426733
vt 0.178833 0.441997
vt 0.177546 0.413179
vt 0.291498 0.532707
vt 0.289476 0.526505
vt 0.347823 0.522386
vt 0.351961 0.528266
vt 0.287469 0.520344
vt 0.343699 0.516549
vt 0.405548 0.518336
vt 0.411783 0.523903
vt 0.399324 0.512812
vt 0.240149 0.542111
vt 0.239942 0.536546
vt 0.293197 0.538039
vt 0.239721 0.530059
vt 0.239516 0.523611
vt 0.239356 0.518164
vt 0.285814 0.515136
vt 0.340287 0.511612
vt 0.394170 0.508139
vt 0.438861 0.505263
vt 0.445464 0.509720
vt 0.453435 0.514988
vt 0.461416 0.520301
vt 0.416970 0.528709
vt 0.355412 0.533331
vt 0.283951 0.503793
vt 0.336535 0.500827
vt 0.336982 0.504919
vt 0.284204 0.508097
vt 0.388563 0.497916
vt 0.389191 0.501792
vt 0.338111 0.508063
vt 0.284761 0.511401
vt 0.390882 0.504775
vt 0.239031 0.499329
vt 0.283809 0.497053
vt 0.239135 0.506355
vt 0.336403 0.494434
vt 0.388466 0.491872
vt 0.431651 0.489768
vt 0.431713 0.495518
vt 0.434647 0.502054
vt 0.394171 0.508139
vt 0.239259 0.514269
vt 0.239356 0.518164
vt 0.239198 0.510834
vt 0.807144 0.454028
vt 0.807052 0.458061
vt 0.746973 0.457707
vt 0.747004 0.453645
vt 0.807012 0.460166
vt 0.746959 0.459836
vt 0.687442 0.457375
vt 0.687411 0.453291
vt 0.687453 0.459518
vt 0.858520 0.447519
vt 0.858272 0.454407
vt 0.807314 0.447104
vt 0.858137 0.458408
vt 0.858078 0.460483
vt 0.858057 0.461595
vt 0.806999 0.461308
vt 0.746955 0.460998
vt 0.687455 0.460691
vt 0.638032 0.460412
vt 0.638029 0.459241
vt 0.638001 0.457095
vt 0.637925 0.453000
vt 0.687351 0.446294
vt 0.637775 0.445982
vt 0.747061 0.446682
vt 0.295340 0.546544
vt 0.294975 0.544474
vt 0.358873 0.539509
vt 0.359437 0.541547
vt 0.294323 0.541842
vt 0.357653 0.536965
vt 0.422098 0.534629
vt 0.422858 0.536632
vt 0.420317 0.532174
vt 0.240938 0.552990
vt 0.240684 0.550860
vt 0.295605 0.548663
vt 0.240491 0.548762
vt 0.240324 0.546059
vt 0.423137 0.538741
vt 0.359710 0.543659
vt 0.170219 0.306024
vt 0.173980 0.306085
vt 0.173980 0.313992
vt 0.170203 0.313949
vt 0.176280 0.306104
vt 0.176293 0.313998
vt 0.173941 0.322809
vt 0.170138 0.322789
vt 0.176273 0.322801
vt 0.164107 0.298409
vt 0.170212 0.298557
vt 0.164096 0.305901
vt 0.173960 0.298634
vt 0.176251 0.298664
vt 0.178020 0.306099
vt 0.178044 0.313981
vt 0.178040 0.322772
vt 0.177995 0.332926
vt 0.176205 0.332966
vt 0.173841 0.332991
vt 0.170001 0.333000
vt 0.163964 0.322732
vt 0.163786 0.332994
vt 0.164058 0.313855
vt 0.169783 0.344884
vt 0.173673 0.344837
vt 0.173481 0.358013
vt 0.169532 0.358113
vt 0.176081 0.344789
vt 0.175932 0.357926
vt 0.173316 0.372033
vt 0.169314 0.372200
vt 0.175797 0.371872
vt 0.163512 0.344943
vt 0.177902 0.344732
vt 0.177778 0.357823
vt 0.177646 0.371666
vt 0.177531 0.385727
vt 0.175717 0.386126
vt 0.173234 0.386406
vt 0.169194 0.386662
vt 0.162904 0.372429
vt 0.162709 0.386989
vt 0.163195 0.358251
vt 0.169211 0.401098
vt 0.173271 0.400724
vt 0.173387 0.414899
vt 0.169300 0.415446
vt 0.175727 0.400278
vt 0.175844 0.414300
vt 0.173512 0.428926
vt 0.169373 0.429728
vt 0.176054 0.428309
vt 0.162709 0.386989
vt 0.169194 0.386662
vt 0.162652 0.401544
vt 0.173234 0.386406
vt 0.175717 0.386126
vt 0.176185 0.442586
vt 0.173516 0.442817
vt 0.169330 0.443970
vt 0.162649 0.430777
vt 0.162512 0.445676
vt 0.162664 0.416103
vt 0.238768 0.585887
vt 0.238822 0.586463
vt 0.216403 0.588387
vt 0.216350 0.587869
vt 0.238866 0.586967
vt 0.216447 0.588835
vt 0.200652 0.589954
vt 0.200601 0.589475
vt 0.200694 0.590366
vt 0.272235 0.582544
vt 0.272303 0.583313
vt 0.238700 0.585203
vt 0.272355 0.583972
vt 0.272398 0.584558
vt 0.272435 0.585108
vt 0.238904 0.587434
vt 0.216486 0.589248
vt 0.200732 0.590746
vt 0.200537 0.588897
vt 0.216283 0.587246
vt 0.215654 0.574264
vt 0.221666 0.575891
vt 0.198597 0.578241
vt 0.192339 0.576576
vt 0.227673 0.577483
vt 0.204851 0.579871
vt 0.183084 0.580022
vt 0.176899 0.578298
vt 0.189266 0.581712
vt 0.247649 0.569556
vt 0.252014 0.571031
vt 0.210660 0.572793
vt 0.257265 0.572660
vt 0.262514 0.574261
vt 0.266870 0.575649
vt 0.232656 0.578852
vt 0.210039 0.581263
vt 0.194392 0.583152
vt 0.171760 0.576753
vt 0.187139 0.575076
vt 0.238419 0.582648
vt 0.238516 0.583514
vt 0.216105 0.585693
vt 0.216011 0.584893
vt 0.238613 0.584392
vt 0.216199 0.586502
vt 0.200369 0.587449
vt 0.200282 0.586702
vt 0.200457 0.588204
vt 0.271864 0.578890
vt 0.271954 0.579743
vt 0.238330 0.581873
vt 0.272053 0.580689
vt 0.272149 0.581650
vt 0.200202 0.586033
vt 0.215927 0.584178
vt 0.235852 0.579863
vt 0.237519 0.580607
vt 0.215094 0.583000
vt 0.213363 0.582276
vt 0.238173 0.581228
vt 0.215769 0.583584
vt 0.199386 0.584910
vt 0.197676 0.584187
vt 0.200051 0.585474
vt 0.269667 0.576697
vt 0.271132 0.577491
vt 0.271714 0.578175
vt 0.274516 0.392789
vt 0.320171 0.392094
vt 0.319366 0.402021
vt 0.273949 0.402774
vt 0.366504 0.391628
vt 0.364727 0.401540
vt 0.318412 0.410683
vt 0.273644 0.411566
vt 0.361345 0.409922
vt 0.237091 0.382138
vt 0.275089 0.381541
vt 0.236395 0.393441
vt 0.320653 0.380868
vt 0.367000 0.380317
vt 0.407348 0.380088
vt 0.406772 0.391687
vt 0.403737 0.401839
vt 0.396531 0.410116
vt 0.387616 0.415449
vt 0.360127 0.416822
vt 0.318831 0.418207
vt 0.274023 0.419251
vt 0.235082 0.412291
vt 0.234872 0.419955
vt 0.235657 0.403473
vt 0.275863 0.343400
vt 0.321216 0.342857
vt 0.321132 0.355531
vt 0.275742 0.356126
vt 0.367355 0.342312
vt 0.367308 0.354947
vt 0.320955 0.368463
vt 0.275498 0.369104
vt 0.367196 0.367869
vt 0.238093 0.332132
vt 0.275903 0.331720
vt 0.238036 0.343850
vt 0.321237 0.331225
vt 0.367359 0.330727
vt 0.407530 0.330308
vt 0.407539 0.341855
vt 0.407520 0.354482
vt 0.407461 0.367466
vt 0.407348 0.380088
vt 0.367000 0.380317
vt 0.275089 0.381541
vt 0.237585 0.369647
vt 0.237091 0.382138
vt 0.237883 0.356620
vt 0.275815 0.305240
vt 0.321139 0.304837
vt 0.321190 0.312567
vt 0.275866 0.312995
vt 0.367252 0.304429
vt 0.367302 0.312138
vt 0.321225 0.321211
vt 0.275899 0.321668
vt 0.367339 0.320753
vt 0.237953 0.298264
vt 0.275755 0.297945
vt 0.238014 0.305578
vt 0.321080 0.297562
vt 0.367194 0.297173
vt 0.407361 0.296834
vt 0.407418 0.304078
vt 0.407466 0.311772
vt 0.407505 0.320365
vt 0.238097 0.322051
vt 0.238066 0.313353
vt 0.451436 0.420634
vt 0.438554 0.416021
vt 0.450477 0.405648
vt 0.462561 0.408374
vt 0.421216 0.412307
vt 0.431830 0.403301
vt 0.454849 0.393752
vt 0.466535 0.395210
vt 0.435835 0.392468
vt 0.426756 0.430634
vt 0.462288 0.424899
vt 0.414293 0.423994
vt 0.400415 0.418883
vt 0.396531 0.410116
vt 0.403737 0.401839
vt 0.407348 0.380089
vt 0.436493 0.380315
vt 0.455541 0.380869
vt 0.467174 0.381554
vt 0.473565 0.396482
vt 0.470578 0.410721
vt 0.279533 0.440444
vt 0.277394 0.432806
vt 0.326499 0.431558
vt 0.331068 0.439195
vt 0.275390 0.426060
vt 0.321892 0.424883
vt 0.374904 0.428939
vt 0.383465 0.436405
vt 0.365946 0.422752
vt 0.237475 0.450521
vt 0.236662 0.440942
vt 0.281358 0.449918
vt 0.235826 0.433338
vt 0.235163 0.426683
vt 0.234872 0.419955
vt 0.318831 0.418207
vt 0.360127 0.416822
vt 0.389536 0.446102
vt 0.334422 0.448665
vt 0.179879 0.344658
vt 0.182142 0.344576
vt 0.182010 0.357533
vt 0.179759 0.357687
vt 0.184664 0.344496
vt 0.184512 0.357385
vt 0.181809 0.371044
vt 0.179602 0.371377
vt 0.184260 0.370722
vt 0.179956 0.332870
vt 0.182214 0.332807
vt 0.187498 0.332687
vt 0.187420 0.344429
vt 0.187250 0.357268
vt 0.186952 0.370465
vt 0.186490 0.383283
vt 0.183885 0.383814
vt 0.181530 0.384474
vt 0.179416 0.385150
vt 0.467228 0.367706
vt 0.455592 0.367473
vt 0.455614 0.354122
vt 0.467254 0.354129
vt 0.436560 0.367357
vt 0.436591 0.354218
vt 0.455614 0.341393
vt 0.467257 0.341323
vt 0.436595 0.341556
vt 0.474075 0.382175
vt 0.467174 0.381554
vt 0.474140 0.367947
vt 0.436493 0.380315
vt 0.407348 0.380088
vt 0.407461 0.367466
vt 0.407520 0.354482
vt 0.407539 0.341855
vt 0.407530 0.330308
vt 0.436579 0.330027
vt 0.455598 0.329867
vt 0.467243 0.329790
vt 0.474172 0.329760
vt 0.474173 0.354177
vt 0.183809 0.438013
vt 0.184925 0.430820
vt 0.192288 0.432920
vt 0.191682 0.440428
vt 0.186053 0.425006
vt 0.192998 0.426553
vt 0.208027 0.433525
vt 0.208029 0.441116
vt 0.208182 0.426952
vt 0.182824 0.447945
vt 0.187047 0.419405
vt 0.193787 0.420179
vt 0.208571 0.420318
vt 0.208112 0.450807
vt 0.191205 0.450232
vt 0.190278 0.306009
vt 0.198033 0.305937
vt 0.198234 0.313733
vt 0.190814 0.313808
vt 0.212736 0.305804
vt 0.212807 0.313593
vt 0.198332 0.322453
vt 0.191040 0.322531
vt 0.212845 0.322305
vt 0.197881 0.298602
vt 0.212663 0.298477
vt 0.238014 0.305578
vt 0.238093 0.332132
vt 0.212837 0.332404
vt 0.198328 0.332557
vt 0.191053 0.332637
vt 0.190974 0.344377
vt 0.198252 0.344299
vt 0.198069 0.357100
vt 0.190793 0.357190
vt 0.212768 0.344140
vt 0.212594 0.356932
vt 0.197729 0.370176
vt 0.190464 0.370305
vt 0.212263 0.369987
vt 0.191053 0.332637
vt 0.198328 0.332557
vt 0.212837 0.332404
vt 0.211723 0.382513
vt 0.197181 0.382743
vt 0.189944 0.382956
vt 0.189225 0.394456
vt 0.196406 0.394134
vt 0.195516 0.404169
vt 0.188455 0.404457
vt 0.210954 0.393856
vt 0.210076 0.403910
vt 0.194631 0.412818
vt 0.187768 0.412746
vt 0.209236 0.412713
vt 0.189944 0.382956
vt 0.197181 0.382743
vt 0.211723 0.382513
vt 0.208571 0.420318
vt 0.193787 0.420179
vt 0.187047 0.419405
vt 0.436599 0.563247
vt 0.430780 0.564693
vt 0.374242 0.569096
vt 0.375451 0.567997
vt 0.428416 0.565832
vt 0.373661 0.570031
vt 0.318459 0.573533
vt 0.317591 0.572638
vt 0.318801 0.574315
vt 0.441416 0.561616
vt 0.428154 0.566889
vt 0.373650 0.570957
vt 0.318919 0.575125
vt 0.271864 0.578890
vt 0.271714 0.578175
vt 0.271132 0.577491
vt 0.315647 0.571501
vt 0.375334 0.566702
vt 0.428246 0.568073
vt 0.428339 0.569361
vt 0.373834 0.573171
vt 0.373741 0.572015
vt 0.428424 0.570672
vt 0.373923 0.574346
vt 0.319106 0.577114
vt 0.319010 0.576072
vt 0.319199 0.578174
vt 0.428154 0.566889
vt 0.428497 0.571922
vt 0.373999 0.575463
vt 0.319281 0.579171
vt 0.318919 0.575125
vt 0.373651 0.570957
vt 0.425425 0.557125
vt 0.428408 0.558843
vt 0.368165 0.563567
vt 0.365115 0.561846
vt 0.435229 0.560320
vt 0.372294 0.565212
vt 0.308147 0.568395
vt 0.304157 0.566716
vt 0.312270 0.570047
vt 0.424784 0.555471
vt 0.262514 0.574261
vt 0.252014 0.571031
vt 0.300920 0.565196
vt 0.247649 0.569556
vt 0.428552 0.573052
vt 0.428593 0.574077
vt 0.374104 0.577358
vt 0.374058 0.576462
vt 0.428624 0.575031
vt 0.374139 0.578187
vt 0.319394 0.580816
vt 0.319345 0.580046
vt 0.319434 0.581515
vt 0.474933 0.570310
vt 0.474996 0.572504
vt 0.475016 0.573521
vt 0.428650 0.575949
vt 0.374170 0.578981
vt 0.319468 0.582179
vt 0.164132 0.557313
vt 0.164189 0.555185
vt 0.179314 0.553814
vt 0.179305 0.555938
vt 0.164666 0.552402
vt 0.179685 0.551041
vt 0.202909 0.551807
vt 0.202979 0.553921
vt 0.203078 0.549058
vt 0.152106 0.560650
vt 0.151931 0.558451
vt 0.164329 0.559495
vt 0.152018 0.556320
vt 0.152544 0.553533
vt 0.153688 0.549365
vt 0.165727 0.548256
vt 0.180549 0.546931
vt 0.203555 0.545010
vt 0.203217 0.556066
vt 0.179524 0.558101
vt 0.928488 0.455311
vt 0.928383 0.459225
vt 0.914823 0.458995
vt 0.914956 0.455055
vt 0.928334 0.461197
vt 0.914762 0.461001
vt 0.893144 0.458722
vt 0.893290 0.454753
vt 0.893078 0.460762
vt 0.939228 0.448697
vt 0.939105 0.455515
vt 0.928676 0.448481
vt 0.939036 0.459408
vt 0.939001 0.461350
vt 0.938985 0.462317
vt 0.928313 0.462196
vt 0.914738 0.462038
vt 0.893054 0.461839
vt 0.893560 0.447891
vt 0.915199 0.448212
vt 0.176171 0.509811
vt 0.188834 0.509247
vt 0.188449 0.513993
vt 0.175404 0.514810
vt 0.208251 0.508157
vt 0.208129 0.512758
vt 0.187881 0.517604
vt 0.174613 0.518522
vt 0.207830 0.516285
vt 0.166996 0.500241
vt 0.177401 0.501862
vt 0.165139 0.510348
vt 0.189253 0.501800
vt 0.208284 0.500929
vt 0.239031 0.499329
vt 0.239135 0.506355
vt 0.239198 0.510834
vt 0.239259 0.514269
vt 0.239356 0.518164
vt 0.207270 0.520293
vt 0.186925 0.521689
vt 0.173444 0.522664
vt 0.163213 0.519347
vt 0.161950 0.523526
vt 0.164129 0.515579
vt 0.167450 0.542333
vt 0.169554 0.535391
vt 0.183705 0.534238
vt 0.181966 0.541082
vt 0.171675 0.528484
vt 0.185459 0.527430
vt 0.205380 0.532576
vt 0.204369 0.539274
vt 0.206408 0.525915
vt 0.155535 0.543391
vt 0.157788 0.536381
vt 0.160056 0.529403
vt 0.161950 0.523526
vt 0.173444 0.522663
vt 0.186925 0.521689
vt 0.931876 0.239437
vt 0.931859 0.248027
vt 0.919111 0.248008
vt 0.919131 0.239428
vt 0.931826 0.257631
vt 0.919072 0.257602
vt 0.897743 0.247980
vt 0.897763 0.239414
vt 0.897702 0.257557
vt 0.941446 0.231354
vt 0.941443 0.239442
vt 0.931881 0.231354
vt 0.941432 0.248037
vt 0.941409 0.257647
vt 0.941370 0.268779
vt 0.931772 0.268756
vt 0.919008 0.268717
vt 0.897636 0.268653
vt 0.897769 0.231354
vt 0.919136 0.231354
vt 0.931693 0.281744
vt 0.931583 0.296270
vt 0.918788 0.296203
vt 0.918915 0.281692
vt 0.931440 0.311843
vt 0.918622 0.311759
vt 0.897411 0.296093
vt 0.897541 0.281606
vt 0.897241 0.311621
vt 0.941313 0.281773
vt 0.941234 0.296308
vt 0.941129 0.311892
vt 0.940996 0.328037
vt 0.931259 0.327973
vt 0.918412 0.327870
vt 0.897026 0.327702
vt 0.931036 0.344249
vt 0.930771 0.360575
vt 0.917841 0.360423
vt 0.918153 0.344122
vt 0.930462 0.376935
vt 0.917470 0.376756
vt 0.896438 0.360193
vt 0.896761 0.343924
vt 0.896048 0.376496
vt 0.940831 0.344332
vt 0.940637 0.360681
vt 0.940416 0.377065
vt 0.940172 0.393468
vt 0.930110 0.393312
vt 0.917037 0.393106
vt 0.895584 0.392820
vt 0.168453 0.575517
vt 0.166695 0.574367
vt 0.182009 0.572717
vt 0.183791 0.573861
vt 0.165939 0.572993
vt 0.181237 0.571350
vt 0.205725 0.570444
vt 0.207442 0.571587
vt 0.204974 0.569082
vt 0.159196 0.578171
vt 0.155998 0.576913
vt 0.171760 0.576753
vt 0.154300 0.575755
vt 0.153575 0.574373
vt 0.153293 0.572443
vt 0.165635 0.571084
vt 0.180919 0.569465
vt 0.204654 0.567219
vt 0.210660 0.572793
vt 0.187139 0.575076
vt 0.113550 0.580977
vt 0.111974 0.579805
vt 0.125870 0.578550
vt 0.127475 0.579719
vt 0.111322 0.578407
vt 0.125199 0.577156
vt 0.140534 0.577162
vt 0.142178 0.578326
vt 0.139838 0.575773
vt 0.116543 0.582268
vt 0.111106 0.576437
vt 0.124962 0.575196
vt 0.139579 0.573826
vt 0.145283 0.579600
vt 0.975053 0.344485
vt 0.975115 0.360895
vt 0.963680 0.360840
vt 0.963701 0.344448
vt 0.975182 0.377339
vt 0.963656 0.377267
vt 0.951707 0.360768
vt 0.951816 0.344397
vt 0.951584 0.377175
vt 0.974994 0.328138
vt 0.975253 0.393792
vt 0.963633 0.393708
vt 0.951453 0.393599
vt 0.951908 0.328083
vt 0.963715 0.328117
vt 0.974842 0.281800
vt 0.974886 0.296348
vt 0.963723 0.296344
vt 0.963720 0.281798
vt 0.974938 0.311956
vt 0.963722 0.311945
vt 0.952036 0.296331
vt 0.952076 0.281790
vt 0.951981 0.311924
vt 0.974806 0.268797
vt 0.952104 0.268791
vt 0.963716 0.268797
vt 0.974757 0.239446
vt 0.974765 0.248045
vt 0.963709 0.248045
vt 0.963707 0.239446
vt 0.974781 0.257659
vt 0.963712 0.257660
vt 0.952133 0.248043
vt 0.952138 0.239445
vt 0.952122 0.257656
vt 0.974755 0.231354
vt 0.952140 0.231354
vt 0.963707 0.231354
vt 0.128947 0.403715
vt 0.141396 0.402910
vt 0.141087 0.417884
vt 0.128501 0.418892
vt 0.153067 0.402161
vt 0.152931 0.416930
vt 0.140699 0.433129
vt 0.127956 0.434326
vt 0.152745 0.431931
vt 0.129395 0.388622
vt 0.117029 0.404501
vt 0.141724 0.388021
vt 0.153250 0.387455
vt 0.152414 0.447331
vt 0.140137 0.448830
vt 0.127215 0.450192
vt 0.115961 0.435479
vt 0.115185 0.451435
vt 0.116541 0.419882
vt 0.131002 0.345174
vt 0.143072 0.345101
vt 0.142612 0.358673
vt 0.130472 0.358901
vt 0.154317 0.345019
vt 0.153929 0.358445
vt 0.142142 0.373147
vt 0.129915 0.373553
vt 0.153551 0.372755
vt 0.131444 0.332879
vt 0.119333 0.345223
vt 0.143458 0.332933
vt 0.154648 0.332971
vt 0.153250 0.387455
vt 0.141724 0.388021
vt 0.129395 0.388622
vt 0.118111 0.373925
vt 0.118737 0.359098
vt 0.132061 0.305190
vt 0.143980 0.305458
vt 0.143886 0.313506
vt 0.131944 0.313289
vt 0.155063 0.305705
vt 0.154998 0.313702
vt 0.143724 0.322505
vt 0.131751 0.322357
vt 0.154870 0.322634
vt 0.120604 0.297281
vt 0.132140 0.297576
vt 0.120518 0.304930
vt 0.144040 0.297887
vt 0.155097 0.298177
vt 0.120173 0.322202
vt 0.120388 0.313073
vt 0.113756 0.546829
vt 0.115937 0.539688
vt 0.129896 0.538618
vt 0.127617 0.545726
vt 0.118134 0.532573
vt 0.132192 0.531538
vt 0.144396 0.537473
vt 0.142092 0.544537
vt 0.146716 0.530439
vt 0.102159 0.547718
vt 0.111964 0.552902
vt 0.104166 0.540555
vt 0.106189 0.533414
vt 0.119974 0.526576
vt 0.134113 0.525574
vt 0.148653 0.524515
vt 0.140203 0.550551
vt 0.125745 0.551773
vt 0.122525 0.514103
vt 0.136826 0.512982
vt 0.136196 0.517705
vt 0.121950 0.518720
vt 0.151648 0.511616
vt 0.150837 0.516587
vt 0.135382 0.521359
vt 0.121190 0.522344
vt 0.149942 0.520315
vt 0.123164 0.506901
vt 0.137374 0.505625
vt 0.152172 0.503795
vt 0.148653 0.524515
vt 0.134113 0.525574
vt 0.119974 0.526576
vt 0.975554 0.455840
vt 0.975569 0.459691
vt 0.963543 0.459633
vt 0.963552 0.455772
vt 0.975573 0.461584
vt 0.963536 0.461537
vt 0.950875 0.459542
vt 0.950912 0.455667
vt 0.950855 0.461462
vt 0.985383 0.449099
vt 0.985446 0.455879
vt 0.975522 0.449052
vt 0.985479 0.459723
vt 0.985492 0.461609
vt 0.985495 0.462517
vt 0.975571 0.462498
vt 0.963530 0.462463
vt 0.950844 0.462404
vt 0.950974 0.448859
vt 0.963562 0.448975
vt 0.110188 0.562072
vt 0.110312 0.559927
vt 0.124026 0.558777
vt 0.123907 0.560917
vt 0.110845 0.557121
vt 0.124578 0.555978
vt 0.138478 0.557532
vt 0.138372 0.559667
vt 0.139027 0.554739
vt 0.110297 0.564305
vt 0.138522 0.561879
vt 0.124035 0.563141
vt 0.051440 0.303478
vt 0.052553 0.302546
vt 0.053311 0.308558
vt 0.052203 0.310658
vt 0.053586 0.301636
vt 0.054296 0.306689
vt 0.054920 0.313948
vt 0.053786 0.317711
vt 0.055836 0.311022
vt 0.049952 0.296345
vt 0.051062 0.296305
vt 0.050354 0.304266
vt 0.052212 0.296264
vt 0.053288 0.296227
vt 0.054434 0.300871
vt 0.056526 0.308927
vt 0.059148 0.311660
vt 0.058628 0.314228
vt 0.057887 0.318034
vt 0.056871 0.323595
vt 0.052439 0.321469
vt 0.051064 0.312504
vt 0.061990 0.326504
vt 0.062499 0.320220
vt 0.068083 0.320591
vt 0.068265 0.326896
vt 0.062886 0.315980
vt 0.067974 0.316309
vt 0.073707 0.319364
vt 0.074762 0.325319
vt 0.073041 0.315335
vt 0.061661 0.335875
vt 0.063146 0.313167
vt 0.067919 0.313467
vt 0.072665 0.312651
vt 0.076582 0.310806
vt 0.077222 0.313158
vt 0.078357 0.316622
vt 0.080335 0.321655
vt 0.075797 0.334225
vt 0.068460 0.336016
vt 0.089401 0.628092
vt 0.083762 0.623078
vt 0.123987 0.621589
vt 0.125488 0.626334
vt 0.076922 0.618226
vt 0.123480 0.617733
vt 0.164212 0.624792
vt 0.161574 0.629589
vt 0.170044 0.620341
vt 0.068955 0.641149
vt 0.059601 0.635188
vt 0.095932 0.634603
vt 0.051267 0.630230
vt 0.039782 0.624214
vt 0.010877 0.610437
vt 0.069856 0.613698
vt 0.123460 0.614826
vt 0.177079 0.616289
vt 0.236137 0.615969
vt 0.207189 0.627747
vt 0.196702 0.633082
vt 0.191368 0.637705
vt 0.161040 0.635956
vt 0.188012 0.643429
vt 0.128487 0.632944
vt 0.602768 0.587140
vt 0.600848 0.587399
vt 0.599449 0.581041
vt 0.601403 0.580938
vt 0.598691 0.587692
vt 0.597254 0.581160
vt 0.598050 0.574683
vt 0.600038 0.574736
vt 0.595816 0.574629
vt 0.605667 0.593004
vt 0.604132 0.593342
vt 0.604330 0.586932
vt 0.602247 0.593757
vt 0.600128 0.594223
vt 0.597892 0.594715
vt 0.596415 0.588002
vt 0.594937 0.581288
vt 0.593460 0.574575
vt 0.591982 0.567862
vt 0.594379 0.568098
vt 0.596650 0.568325
vt 0.598673 0.568534
vt 0.601658 0.574788
vt 0.600321 0.568716
vt 0.602994 0.580860
vt 0.600160 0.576869
vt 0.598602 0.578073
vt 0.592363 0.565996
vt 0.594075 0.565088
vt 0.596847 0.579423
vt 0.590439 0.567016
vt 0.586125 0.553919
vt 0.587990 0.553307
vt 0.584031 0.554610
vt 0.607382 0.587418
vt 0.606245 0.588650
vt 0.601425 0.575884
vt 0.604840 0.590150
vt 0.603255 0.591829
vt 0.601582 0.593598
vt 0.594995 0.580845
vt 0.588408 0.568093
vt 0.581821 0.555340
vt 0.575234 0.542587
vt 0.577623 0.542203
vt 0.579887 0.541842
vt 0.581905 0.541527
vt 0.589509 0.552815
vt 0.583552 0.541281
vt 0.595467 0.564350
vt 0.604326 0.573046
vt 0.604005 0.573519
vt 0.598444 0.562752
vt 0.598883 0.562509
vt 0.603774 0.573833
vt 0.598138 0.562922
vt 0.592883 0.551986
vt 0.593441 0.551972
vt 0.592502 0.552010
vt 0.610061 0.582510
vt 0.609768 0.583583
vt 0.604801 0.572327
vt 0.609567 0.584286
vt 0.609410 0.584745
vt 0.609254 0.585088
vt 0.603566 0.574076
vt 0.597878 0.563064
vt 0.592190 0.552052
vt 0.586502 0.541040
vt 0.586866 0.541099
vt 0.587322 0.541219
vt 0.587998 0.541435
vt 0.594282 0.551962
vt 0.589023 0.541779
vt 0.599542 0.562144
vt 0.608101 0.586609
vt 0.607607 0.586602
vt 0.606353 0.580903
vt 0.606871 0.581020
vt 0.607284 0.586605
vt 0.606016 0.580841
vt 0.605099 0.575204
vt 0.605642 0.575431
vt 0.604747 0.575077
vt 0.610072 0.592035
vt 0.609331 0.592197
vt 0.608881 0.586625
vt 0.608862 0.592301
vt 0.608553 0.592369
vt 0.608295 0.592425
vt 0.607017 0.586618
vt 0.605739 0.580810
vt 0.604461 0.575003
vt 0.603183 0.569195
vt 0.603478 0.569312
vt 0.603845 0.569505
vt 0.604412 0.569843
vt 0.606500 0.575805
vt 0.605309 0.570395
vt 0.607690 0.581215
vt 0.027749 0.683800
vt 0.020206 0.682673
vt 0.023300 0.661941
vt 0.031247 0.664371
vt 0.015671 0.681964
vt 0.017486 0.659995
vt 0.032096 0.643752
vt 0.040783 0.647676
vt 0.023138 0.639667
vt 0.039173 0.704584
vt 0.039640 0.685538
vt 0.019762 0.704584
vt 0.015410 0.704584
vt 0.012883 0.704584
vt 0.012956 0.681551
vt 0.013457 0.658645
vt 0.014503 0.635835
vt 0.051743 0.652546
vt 0.042900 0.667767
vt 0.095335 0.693639
vt 0.076100 0.690839
vt 0.078508 0.678086
vt 0.097419 0.683623
vt 0.056522 0.687993
vt 0.059349 0.672521
vt 0.084984 0.667269
vt 0.102996 0.675404
vt 0.067011 0.659282
vt 0.110911 0.704583
vt 0.095037 0.704584
vt 0.111147 0.695923
vt 0.075755 0.704583
vt 0.056116 0.704584
vt 0.081889 0.649367
vt 0.097300 0.659146
vt 0.113153 0.669330
vt 0.117392 0.681878
vt 0.128324 0.679709
vt 0.112801 0.688058
vt 0.127630 0.665126
vt 0.116283 0.654330
vt 0.139207 0.653046
vt 0.145381 0.663875
vt 0.105168 0.643653
vt 0.133263 0.642196
vt 0.162350 0.655328
vt 0.163915 0.665976
vt 0.161383 0.644834
vt 0.136546 0.673818
vt 0.184685 0.651356
vt 0.181550 0.660822
vt 0.179475 0.670758
vt 0.165774 0.674589
vt 0.181276 0.681185
vt 0.150405 0.672600
vt 0.141410 0.681109
vt 0.141195 0.679995
vt 0.154343 0.680107
vt 0.154703 0.681447
vt 0.140236 0.678142
vt 0.153202 0.677666
vt 0.167766 0.680733
vt 0.168031 0.681848
vt 0.167066 0.678884
vt 0.127982 0.681830
vt 0.128136 0.680811
vt 0.141349 0.682201
vt 0.128211 0.680192
vt 0.128257 0.679861
vt 0.181332 0.681337
vt 0.181353 0.681667
vt 0.181380 0.682288
vt 0.168084 0.682942
vt 0.181452 0.683312
vt 0.154717 0.682571
vt 0.129151 0.698269
vt 0.126669 0.698035
vt 0.126986 0.691648
vt 0.129191 0.691974
vt 0.121263 0.697340
vt 0.122224 0.690578
vt 0.127757 0.685529
vt 0.129287 0.685713
vt 0.124683 0.684701
vt 0.130432 0.704583
vt 0.129145 0.704583
vt 0.130432 0.698258
vt 0.126624 0.704584
vt 0.128472 0.679633
vt 0.128800 0.679572
vt 0.129417 0.679472
vt 0.130432 0.685607
vt 0.130432 0.679281
vt 0.130432 0.691932
vt 0.400941 0.719158
vt 0.402718 0.739698
vt 0.361851 0.739886
vt 0.361849 0.719359
vt 0.407216 0.758716
vt 0.361856 0.758439
vt 0.320984 0.740744
vt 0.322757 0.719644
vt 0.316496 0.760443
vt 0.433317 0.719028
vt 0.400687 0.697993
vt 0.435900 0.739832
vt 0.443602 0.760280
vt 0.468367 0.782036
vt 0.412950 0.773576
vt 0.361867 0.772685
vt 0.310783 0.775938
vt 0.255366 0.787234
vt 0.280108 0.763397
vt 0.287801 0.741709
vt 0.290381 0.719912
vt 0.323010 0.697993
vt 0.290750 0.697993
vt 0.254456 0.720150
vt 0.258924 0.720128
vt 0.258279 0.742285
vt 0.254375 0.742309
vt 0.269723 0.720065
vt 0.267869 0.742176
vt 0.256713 0.764481
vt 0.254180 0.764473
vt 0.262997 0.764406
vt 0.252975 0.697993
vt 0.254468 0.697993
vt 0.252975 0.720155
vt 0.259016 0.697993
vt 0.269988 0.697993
vt 0.290381 0.719912
vt 0.287801 0.741709
vt 0.255061 0.786880
vt 0.254593 0.786701
vt 0.253915 0.786640
vt 0.252975 0.764479
vt 0.252975 0.786640
vt 0.252975 0.742317
vt 0.308822 0.788220
vt 0.308783 0.786488
vt 0.361906 0.784815
vt 0.361934 0.786874
vt 0.308908 0.783390
vt 0.361883 0.780879
vt 0.415029 0.783889
vt 0.415046 0.785621
vt 0.414858 0.780814
vt 0.255732 0.790841
vt 0.255709 0.789623
vt 0.308849 0.789541
vt 0.255660 0.788609
vt 0.255555 0.787810
vt 0.310783 0.775938
vt 0.361867 0.772685
vt 0.412950 0.773576
vt 0.468212 0.782612
vt 0.468152 0.783411
vt 0.468158 0.784424
vt 0.415084 0.786941
vt 0.468201 0.785642
vt 0.361966 0.788241
vt 0.603312 0.574332
vt 0.602929 0.574672
vt 0.597138 0.563461
vt 0.597576 0.563227
vt 0.602329 0.575167
vt 0.596467 0.563819
vt 0.591348 0.552250
vt 0.591841 0.552122
vt 0.590606 0.552470
vt 0.609048 0.585436
vt 0.608720 0.585883
vt 0.608191 0.586515
vt 0.584744 0.541122
vt 0.585557 0.541039
vt 0.586105 0.541017
vt 0.606694 0.586644
vt 0.606208 0.586696
vt 0.604908 0.580793
vt 0.605406 0.580794
vt 0.605455 0.586787
vt 0.604140 0.580813
vt 0.603609 0.574890
vt 0.604119 0.574944
vt 0.602825 0.574839
vt 0.607981 0.592495
vt 0.607507 0.592599
vt 0.606769 0.592761
vt 0.601510 0.568864
vt 0.602310 0.568987
vt 0.602831 0.569093
vt 0.612855 0.586664
vt 0.611392 0.586665
vt 0.610307 0.581847
vt 0.611797 0.582197
vt 0.610015 0.586647
vt 0.608879 0.581500
vt 0.609195 0.577072
vt 0.610652 0.577867
vt 0.607740 0.576358
vt 0.613863 0.591200
vt 0.612461 0.591509
vt 0.611149 0.591797
vt 0.610071 0.592035
vt 0.607690 0.581215
vt 0.606500 0.575805
vt 0.605309 0.570395
vt 0.606599 0.571219
vt 0.608068 0.572321
vt 0.609437 0.573697
vt 0.611949 0.578355
vt 0.613195 0.582396
vt 0.606828 0.568835
vt 0.606177 0.570100
vt 0.601526 0.561044
vt 0.602602 0.560463
vt 0.605459 0.571312
vt 0.600464 0.561634
vt 0.596779 0.551996
vt 0.598062 0.552119
vt 0.595456 0.551957
vt 0.610828 0.577215
vt 0.607475 0.567653
vt 0.610770 0.579162
vt 0.610447 0.580990
vt 0.610061 0.582510
vt 0.599542 0.562144
vt 0.594282 0.551962
vt 0.589023 0.541779
vt 0.590442 0.542280
vt 0.591973 0.542954
vt 0.593256 0.543810
vt 0.599465 0.552324
vt 0.603728 0.559964
vt 0.135891 0.697946
vt 0.133776 0.698071
vt 0.133776 0.691558
vt 0.135891 0.691309
vt 0.131914 0.698178
vt 0.131914 0.691772
vt 0.133776 0.685046
vt 0.135890 0.684671
vt 0.131914 0.685367
vt 0.138132 0.704583
vt 0.138132 0.697812
vt 0.133776 0.704583
vt 0.131914 0.704583
vt 0.130432 0.704583
vt 0.130432 0.698258
vt 0.130432 0.691932
vt 0.130432 0.685606
vt 0.130432 0.679281
vt 0.131914 0.678961
vt 0.133776 0.678533
vt 0.135890 0.678034
vt 0.138132 0.684270
vt 0.138132 0.677499
vt 0.138132 0.691041
vt 0.140697 0.687703
vt 0.140959 0.685570
vt 0.154576 0.685947
vt 0.154487 0.688084
vt 0.141183 0.683693
vt 0.154655 0.684066
vt 0.168194 0.686323
vt 0.168277 0.688464
vt 0.168127 0.684439
vt 0.126440 0.689578
vt 0.126907 0.687322
vt 0.140416 0.689964
vt 0.127341 0.685193
vt 0.127710 0.683320
vt 0.141349 0.682201
vt 0.154717 0.682571
vt 0.168084 0.682942
vt 0.181452 0.683312
vt 0.181599 0.684813
vt 0.181811 0.686700
vt 0.182067 0.688845
vt 0.168367 0.690734
vt 0.182343 0.691120
vt 0.154392 0.690349
vt 0.067636 0.611559
vt 0.067563 0.610467
vt 0.123539 0.611881
vt 0.123505 0.613028
vt 0.067735 0.609484
vt 0.123572 0.610867
vt 0.179518 0.613230
vt 0.179383 0.614309
vt 0.179410 0.612242
vt 0.011291 0.609818
vt 0.011589 0.609016
vt 0.011898 0.608097
vt 0.012348 0.607129
vt 0.067979 0.608502
vt 0.123610 0.609876
vt 0.179241 0.611249
vt 0.234873 0.612623
vt 0.235248 0.613611
vt 0.235498 0.614542
vt 0.235752 0.615349
vt 0.011078 0.681339
vt 0.009700 0.681256
vt 0.009671 0.657897
vt 0.011059 0.658039
vt 0.008664 0.681241
vt 0.008668 0.657894
vt 0.009593 0.634488
vt 0.010893 0.634584
vt 0.008670 0.634541
vt 0.009702 0.704584
vt 0.008661 0.704584
vt 0.007868 0.681266
vt 0.007877 0.657949
vt 0.007890 0.634631
vt 0.007905 0.611313
vt 0.008669 0.611184
vt 0.009485 0.611050
vt 0.010254 0.610828
vt 0.070653 0.603482
vt 0.071324 0.602377
vt 0.123933 0.603678
vt 0.123877 0.604797
vt 0.072010 0.601248
vt 0.123990 0.602534
vt 0.176543 0.604979
vt 0.177101 0.606112
vt 0.175970 0.603821
vt 0.016187 0.603220
vt 0.017429 0.602166
vt 0.070003 0.604549
vt 0.018715 0.601076
vt 0.020029 0.599961
vt 0.021358 0.598834
vt 0.072702 0.600106
vt 0.124046 0.601377
vt 0.175390 0.602649
vt 0.226734 0.603921
vt 0.227950 0.605107
vt 0.229152 0.606280
vt 0.230324 0.607427
vt 0.177636 0.607207
vt 0.231453 0.608537
vt 0.123820 0.605878
vt 0.004151 0.681852
vt 0.002934 0.682087
vt 0.002944 0.659590
vt 0.004160 0.659121
vt 0.001590 0.682346
vt 0.001600 0.660107
vt 0.002957 0.637093
vt 0.004174 0.636390
vt 0.001613 0.637869
vt 0.005174 0.704584
vt 0.004147 0.704584
vt 0.005177 0.681655
vt 0.002931 0.704584
vt 0.001587 0.704584
vt 0.000183 0.682617
vt 0.000193 0.660650
vt 0.000206 0.638682
vt 0.000221 0.616715
vt 0.001628 0.615631
vt 0.002972 0.614596
vt 0.004189 0.613659
vt 0.005200 0.635797
vt 0.005216 0.612868
vt 0.005187 0.658726
vt 0.007221 0.681316
vt 0.006625 0.681392
vt 0.006634 0.658201
vt 0.007230 0.658048
vt 0.005977 0.681503
vt 0.005987 0.658422
vt 0.006648 0.635009
vt 0.007244 0.634780
vt 0.006000 0.635341
vt 0.007864 0.704584
vt 0.007218 0.704584
vt 0.007868 0.681266
vt 0.006621 0.704584
vt 0.005974 0.704584
vt 0.006016 0.612260
vt 0.006663 0.611818
vt 0.007259 0.611512
vt 0.007877 0.657949
vt 0.068346 0.607531
vt 0.068824 0.606560
vt 0.123707 0.607915
vt 0.123655 0.608897
vt 0.069385 0.605571
vt 0.123762 0.606914
vt 0.178590 0.609269
vt 0.178965 0.610262
vt 0.178139 0.608256
vt 0.012348 0.607129
vt 0.013036 0.606166
vt 0.067979 0.608502
vt 0.013941 0.605205
vt 0.015008 0.604228
vt 0.232516 0.609599
vt 0.233473 0.610624
vt 0.234275 0.611628
vt 0.179241 0.611249
vt 0.234873 0.612623
vt 0.123610 0.609876
vt 0.308937 0.794152
vt 0.308906 0.792501
vt 0.362042 0.791201
vt 0.362083 0.792851
vt 0.308877 0.790948
vt 0.362003 0.789648
vt 0.415177 0.789900
vt 0.415228 0.791551
vt 0.415129 0.788348
vt 0.255812 0.797153
vt 0.255791 0.795453
vt 0.308968 0.795852
vt 0.255771 0.793802
vt 0.255751 0.792248
vt 0.308849 0.789541
vt 0.361966 0.788241
vt 0.415084 0.786941
vt 0.468201 0.785642
vt 0.468254 0.787048
vt 0.468313 0.788600
vt 0.468374 0.790250
vt 0.415281 0.793250
vt 0.468437 0.791949
vt 0.362125 0.794551
vt 0.248667 0.720166
vt 0.250284 0.720162
vt 0.250284 0.742330
vt 0.248667 0.742339
vt 0.251746 0.720158
vt 0.251746 0.742323
vt 0.250284 0.764499
vt 0.248667 0.764512
vt 0.251746 0.764488
vt 0.246972 0.697993
vt 0.246972 0.720170
vt 0.250284 0.697993
vt 0.251746 0.697993
vt 0.252975 0.720155
vt 0.252975 0.764478
vt 0.252975 0.786640
vt 0.251746 0.786653
vt 0.250284 0.786668
vt 0.248667 0.786685
vt 0.246972 0.764525
vt 0.246972 0.786702
vt 0.246972 0.742347
vt 0.475030 0.760611
vt 0.473413 0.760599
vt 0.473413 0.739730
vt 0.475030 0.739738
vt 0.471951 0.760588
vt 0.471951 0.739723
vt 0.473413 0.718862
vt 0.475030 0.718866
vt 0.471951 0.718858
vt 0.476725 0.781500
vt 0.475030 0.781483
vt 0.476725 0.760623
vt 0.473413 0.781468
vt 0.471951 0.781453
vt 0.470722 0.781442
vt 0.470722 0.760579
vt 0.470722 0.739717
vt 0.470722 0.718855
vt 0.471951 0.697993
vt 0.473413 0.697993
vt 0.475030 0.697993
vt 0.476725 0.718870
vt 0.476725 0.697993
vt 0.476725 0.739746
vt 0.239694 0.638903
vt 0.240273 0.639110
vt 0.240269 0.660941
vt 0.239690 0.660802
vt 0.240902 0.639413
vt 0.240899 0.661143
vt 0.240266 0.682770
vt 0.239687 0.682701
vt 0.240896 0.682872
vt 0.239065 0.616826
vt 0.239698 0.617003
vt 0.239061 0.638770
vt 0.240277 0.617279
vt 0.240907 0.617683
vt 0.241691 0.618245
vt 0.241687 0.639835
vt 0.241683 0.661425
vt 0.241680 0.683013
vt 0.241679 0.704599
vt 0.240895 0.704598
vt 0.240265 0.704597
vt 0.239686 0.704597
vt 0.239054 0.682656
vt 0.239057 0.660713
vt 0.242701 0.640388
vt 0.243909 0.641046
vt 0.243906 0.662232
vt 0.242697 0.661793
vt 0.245247 0.641774
vt 0.245243 0.662718
vt 0.243903 0.683417
vt 0.242695 0.683197
vt 0.245241 0.683660
vt 0.242705 0.618982
vt 0.243914 0.619859
vt 0.245251 0.620830
vt 0.246653 0.621848
vt 0.246649 0.642538
vt 0.246646 0.663227
vt 0.246643 0.683914
vt 0.245240 0.704600
vt 0.243902 0.704599
vt 0.236052 0.638714
vt 0.237365 0.638639
vt 0.237264 0.660668
vt 0.235851 0.660795
vt 0.238289 0.638689
vt 0.238273 0.660664
vt 0.237222 0.682647
vt 0.235814 0.682725
vt 0.238265 0.682633
vt 0.236741 0.616361
vt 0.232392 0.639789
vt 0.237500 0.616581
vt 0.238310 0.616709
vt 0.239065 0.616826
vt 0.239061 0.638770
vt 0.239057 0.660713
vt 0.239054 0.682656
vt 0.238264 0.704596
vt 0.237215 0.704596
vt 0.235808 0.704595
vt 0.233872 0.682920
vt 0.233940 0.704595
vt 0.233392 0.661332
vt 0.173735 0.685848
vt 0.175844 0.686201
vt 0.175843 0.692330
vt 0.173734 0.692094
vt 0.177700 0.686503
vt 0.177699 0.692531
vt 0.175842 0.698459
vt 0.173733 0.698341
vt 0.177699 0.698560
vt 0.171501 0.679096
vt 0.173736 0.679601
vt 0.171500 0.685469
vt 0.175845 0.680071
vt 0.177702 0.680474
vt 0.179180 0.680775
vt 0.179179 0.686729
vt 0.179178 0.692682
vt 0.179177 0.698635
vt 0.179177 0.704588
vt 0.173733 0.704587
vt 0.171498 0.698215
vt 0.171499 0.691842
vt 0.594222 0.541829
vt 0.593043 0.542741
vt 0.593141 0.538100
vt 0.594506 0.537512
vt 0.591817 0.543641
vt 0.591835 0.538690
vt 0.593183 0.533447
vt 0.594613 0.533158
vt 0.591844 0.533738
vt 0.593736 0.546085
vt 0.595549 0.541200
vt 0.592912 0.547376
vt 0.591795 0.548592
vt 0.590725 0.549593
vt 0.590732 0.544391
vt 0.590738 0.539188
vt 0.590743 0.533986
vt 0.590744 0.528785
vt 0.591846 0.528786
vt 0.593190 0.528787
vt 0.594629 0.528789
vt 0.596002 0.532923
vt 0.596018 0.528790
vt 0.595894 0.537066
vt 0.588595 0.545658
vt 0.588111 0.545810
vt 0.588118 0.540133
vt 0.588602 0.540032
vt 0.587358 0.546014
vt 0.587365 0.540269
vt 0.588123 0.534457
vt 0.588607 0.534407
vt 0.587370 0.534525
vt 0.588908 0.551120
vt 0.588587 0.551284
vt 0.588916 0.545535
vt 0.588103 0.551487
vt 0.587350 0.551759
vt 0.586224 0.552133
vt 0.586233 0.546294
vt 0.586240 0.540455
vt 0.586245 0.534617
vt 0.587372 0.528782
vt 0.588125 0.528783
vt 0.588609 0.528783
vt 0.588928 0.534366
vt 0.588923 0.539951
vt 0.469518 0.760581
vt 0.466987 0.760633
vt 0.465419 0.739758
vt 0.469322 0.739719
vt 0.460708 0.760713
vt 0.455831 0.739839
vt 0.464773 0.718878
vt 0.469241 0.718856
vt 0.453974 0.718935
vt 0.469783 0.781442
vt 0.470722 0.760580
vt 0.469108 0.781503
vt 0.468652 0.781682
vt 0.443602 0.760281
vt 0.435900 0.739832
vt 0.433317 0.719028
vt 0.453709 0.697993
vt 0.469230 0.697993
vt 0.470722 0.718855
vt 0.470722 0.739717
vt 0.180243 0.686829
vt 0.181218 0.686657
vt 0.181521 0.692416
vt 0.180280 0.692722
vt 0.182556 0.685873
vt 0.183563 0.691406
vt 0.181646 0.698426
vt 0.180295 0.698646
vt 0.183970 0.697772
vt 0.179180 0.680775
vt 0.180193 0.680955
vt 0.179179 0.686729
vt 0.180808 0.681050
vt 0.181133 0.681110
vt 0.184822 0.683160
vt 0.187132 0.689017
vt 0.188015 0.696437
vt 0.188140 0.704589
vt 0.180297 0.704588
vt 0.179177 0.698635
vt 0.179178 0.692682
vt 0.188466 0.676894
vt 0.193614 0.669067
vt 0.199672 0.679537
vt 0.192704 0.684799
vt 0.199526 0.661427
vt 0.207129 0.674263
vt 0.201885 0.691643
vt 0.194233 0.694283
vt 0.209927 0.688961
vt 0.205216 0.655005
vt 0.214050 0.669766
vt 0.217303 0.686650
vt 0.217767 0.704593
vt 0.194451 0.704590
vt 0.210177 0.650381
vt 0.215860 0.646745
vt 0.224638 0.664295
vt 0.219702 0.666560
vt 0.223804 0.643111
vt 0.229425 0.662532
vt 0.227721 0.683957
vt 0.223191 0.685014
vt 0.231223 0.683298
vt 0.231479 0.704595
vt 0.228161 0.704594
vt 0.589975 0.544905
vt 0.589495 0.545223
vt 0.589501 0.539742
vt 0.589982 0.539531
vt 0.589179 0.545410
vt 0.589186 0.539867
vt 0.589506 0.534263
vt 0.589986 0.534157
vt 0.589190 0.534325
vt 0.589967 0.550280
vt 0.590732 0.544391
vt 0.589487 0.550703
vt 0.589171 0.550953
vt 0.589508 0.528784
vt 0.590743 0.533986
vt 0.590738 0.539188
vt 0.584667 0.546667
vt 0.582742 0.547114
vt 0.582750 0.541000
vt 0.584674 0.540703
vt 0.580579 0.547611
vt 0.580587 0.541331
vt 0.582755 0.534888
vt 0.584679 0.534740
vt 0.580592 0.535052
vt 0.584658 0.552631
vt 0.582734 0.553228
vt 0.580570 0.553892
vt 0.578287 0.554589
vt 0.578296 0.548133
vt 0.578304 0.541678
vt 0.578310 0.535225
vt 0.083629 0.315825
vt 0.081263 0.312500
vt 0.082707 0.307481
vt 0.085159 0.309316
vt 0.079873 0.309909
vt 0.081217 0.305856
vt 0.083217 0.302066
vt 0.085693 0.302873
vt 0.081696 0.301293
vt 0.087576 0.319107
vt 0.079072 0.308046
vt 0.080791 0.300648
vt 0.080835 0.296479
vt 0.081743 0.296478
vt 0.083269 0.296487
vt 0.085753 0.296518
vt 0.089466 0.303582
vt 0.089532 0.296580
vt 0.467219 0.319873
vt 0.455571 0.319950
vt 0.455535 0.311368
vt 0.467184 0.311287
vt 0.436552 0.320103
vt 0.436514 0.311520
vt 0.455489 0.303676
vt 0.467139 0.303587
vt 0.436467 0.303831
vt 0.474151 0.319840
vt 0.407505 0.320365
vt 0.407466 0.311772
vt 0.407418 0.304078
vt 0.455433 0.296429
vt 0.467084 0.296330
vt 0.474075 0.303538
vt 0.474020 0.296272
vt 0.474118 0.311247
vt 0.556301 0.322512
vt 0.555037 0.322530
vt 0.555124 0.312803
vt 0.556395 0.312792
vt 0.553827 0.322526
vt 0.553908 0.312800
vt 0.555156 0.303971
vt 0.556432 0.303962
vt 0.553935 0.303974
vt 0.558001 0.322469
vt 0.552290 0.322505
vt 0.552362 0.312789
vt 0.552384 0.303974
vt 0.552347 0.295611
vt 0.553900 0.295597
vt 0.556400 0.295576
vt 0.558148 0.303945
vt 0.558105 0.312767
vt 0.008291 0.327275
vt 0.006865 0.327325
vt 0.006058 0.316522
vt 0.007487 0.316475
vt 0.006134 0.327359
vt 0.005327 0.316555
vt 0.005325 0.306573
vt 0.006758 0.306537
vt 0.004595 0.306600
vt 0.010810 0.327195
vt 0.005699 0.327388
vt 0.004893 0.316584
vt 0.004160 0.306628
vt 0.003463 0.297097
vt 0.003900 0.297070
vt 0.004631 0.297049
vt 0.006068 0.297031
vt 0.009301 0.306487
vt 0.008624 0.297013
vt 0.010016 0.316400
vt 0.005237 0.327423
vt 0.004723 0.327461
vt 0.003906 0.316657
vt 0.004428 0.316618
vt 0.004203 0.327499
vt 0.003379 0.316696
vt 0.003160 0.306701
vt 0.003690 0.306662
vt 0.002625 0.306740
vt 0.003726 0.327534
vt 0.002896 0.316731
vt 0.002137 0.306776
vt 0.001412 0.297244
vt 0.001907 0.297208
vt 0.002450 0.297169
vt 0.002988 0.297131
vt 0.043535 0.325483
vt 0.040694 0.325757
vt 0.040096 0.315154
vt 0.042957 0.314933
vt 0.037888 0.326026
vt 0.037271 0.315371
vt 0.039589 0.305632
vt 0.042470 0.305481
vt 0.036744 0.305781
vt 0.046029 0.325242
vt 0.034867 0.315554
vt 0.034322 0.305907
vt 0.033820 0.296786
vt 0.036261 0.296723
vt 0.039128 0.296651
vt 0.042029 0.296579
vt 0.044998 0.305347
vt 0.044575 0.296514
vt 0.045467 0.314738
vt 0.521729 0.321524
vt 0.511735 0.321063
vt 0.511725 0.311940
vt 0.521726 0.312213
vt 0.501655 0.320603
vt 0.501639 0.311669
vt 0.511693 0.303721
vt 0.521696 0.303813
vt 0.501604 0.303630
vt 0.530088 0.321906
vt 0.493039 0.320223
vt 0.493018 0.311445
vt 0.492980 0.303556
vt 0.492926 0.296112
vt 0.501550 0.296039
vt 0.511639 0.295954
vt 0.521642 0.295870
vt 0.530064 0.303889
vt 0.530010 0.295799
vt 0.530090 0.312438
vt 0.541141 0.322338
vt 0.539045 0.322281
vt 0.539057 0.312658
vt 0.541160 0.312691
vt 0.535680 0.322151
vt 0.535687 0.312583
vt 0.539037 0.303960
vt 0.541143 0.303968
vt 0.535664 0.303937
vt 0.542927 0.322365
vt 0.535610 0.295752
vt 0.538984 0.295723
vt 0.542943 0.303968
vt 0.542893 0.295690
vt 0.542953 0.312706
vt 0.023824 0.326802
vt 0.019213 0.326941
vt 0.018471 0.316166
vt 0.023113 0.316037
vt 0.014631 0.327079
vt 0.013860 0.316293
vt 0.017811 0.306333
vt 0.022485 0.306248
vt 0.013168 0.306416
vt 0.027734 0.326682
vt 0.012517 0.296993
vt 0.017191 0.296971
vt 0.021899 0.296947
vt 0.027050 0.315926
vt 0.003328 0.327564
vt 0.002999 0.327589
vt 0.002169 0.316786
vt 0.002497 0.316761
vt 0.002716 0.327610
vt 0.001889 0.316807
vt 0.001408 0.306830
vt 0.001735 0.306805
vt 0.001131 0.306851
vt 0.002455 0.327630
vt 0.001633 0.316826
vt 0.000879 0.306870
vt 0.000159 0.297336
vt 0.000408 0.297318
vt 0.000682 0.297297
vt 0.001008 0.297273
vt 0.975329 0.410070
vt 0.975404 0.425356
vt 0.963592 0.425266
vt 0.963611 0.409980
vt 0.975470 0.438675
vt 0.963576 0.438590
vt 0.951185 0.425143
vt 0.951317 0.409861
vt 0.951068 0.438468
vt 0.985008 0.410131
vt 0.985154 0.425414
vt 0.985283 0.438728
vt 0.939415 0.438302
vt 0.939650 0.424983
vt 0.939910 0.409713
vt 0.126226 0.466435
vt 0.139359 0.464952
vt 0.138557 0.480581
vt 0.125115 0.482096
vt 0.151928 0.463105
vt 0.151629 0.478455
vt 0.137915 0.494556
vt 0.124049 0.495985
vt 0.151837 0.492388
vt 0.114156 0.467675
vt 0.162271 0.460731
vt 0.162410 0.475156
vt 0.163562 0.488167
vt 0.111859 0.497026
vt 0.112992 0.483258
vt 0.182120 0.461454
vt 0.190844 0.462953
vt 0.190434 0.477094
vt 0.181140 0.476207
vt 0.208206 0.463189
vt 0.208274 0.476898
vt 0.189844 0.490662
vt 0.179436 0.490185
vt 0.208294 0.490089
vt 0.182824 0.447945
vt 0.178207 0.458999
vt 0.191205 0.450232
vt 0.208112 0.450807
vt 0.237475 0.450521
vt 0.238106 0.462632
vt 0.238552 0.475978
vt 0.238849 0.488798
vt 0.173734 0.487300
vt 0.176791 0.473827
vt 0.929720 0.409532
vt 0.929326 0.424782
vt 0.916040 0.424527
vt 0.916545 0.409300
vt 0.928965 0.438089
vt 0.915573 0.437821
vt 0.894492 0.424206
vt 0.895048 0.408992
vt 0.893975 0.437494
vt 0.858904 0.437102
vt 0.859381 0.423801
vt 0.859894 0.408586
vt 0.169169 0.457934
vt 0.173239 0.456123
vt 0.172639 0.465785
vt 0.169363 0.470382
vt 0.175797 0.456941
vt 0.174300 0.469822
vt 0.170726 0.480299
vt 0.169363 0.470382
vt 0.174300 0.469823
vt 0.162512 0.445676
vt 0.169330 0.443970
vt 0.162271 0.460731
vt 0.178207 0.458999
vt 0.176185 0.442586
vt 0.176791 0.473827
vt 0.173516 0.442817
vt 0.163562 0.488167
vt 0.173734 0.487300
vt 0.176791 0.473827
vt 0.808259 0.408075
vt 0.807906 0.423314
vt 0.747262 0.422795
vt 0.747384 0.407517
vt 0.807578 0.436649
vt 0.747150 0.436179
vt 0.687143 0.422310
vt 0.687023 0.406990
vt 0.687258 0.435744
vt 0.637538 0.435397
vt 0.637243 0.421922
vt 0.636929 0.406568
vt 0.282544 0.461731
vt 0.335857 0.460380
vt 0.336160 0.473009
vt 0.283219 0.474637
vt 0.390152 0.458446
vt 0.389066 0.471254
vt 0.336288 0.484848
vt 0.283602 0.486959
vt 0.388533 0.482769
vt 0.334422 0.448665
vt 0.389536 0.446102
vt 0.435577 0.456549
vt 0.432906 0.469796
vt 0.431870 0.481066
vt 0.388466 0.491872
vt 0.336403 0.494434
vt 0.283809 0.497053
vt 0.997699 0.410166
vt 0.997935 0.425448
vt 0.995733 0.425453
vt 0.995512 0.410172
vt 0.998141 0.438757
vt 0.995927 0.438763
vt 0.991767 0.425445
vt 0.991573 0.410162
vt 0.991937 0.438755
vt 0.999010 0.410152
vt 0.999254 0.425436
vt 0.999468 0.438746
vt 0.999635 0.449111
vt 0.998303 0.449122
vt 0.996078 0.449128
vt 0.992069 0.449122
vt 0.090034 0.471234
vt 0.096581 0.469927
vt 0.095966 0.485294
vt 0.089832 0.486600
vt 0.104383 0.468791
vt 0.103413 0.484253
vt 0.095337 0.498786
vt 0.089583 0.500074
vt 0.102458 0.497868
vt 0.084027 0.472861
vt 0.114156 0.467675
vt 0.112992 0.483258
vt 0.101661 0.508528
vt 0.094803 0.509335
vt 0.089354 0.510602
vt 0.084282 0.502027
vt 0.084325 0.512690
vt 0.084191 0.488392
vt 0.038789 0.483326
vt 0.040602 0.483332
vt 0.041148 0.501065
vt 0.039317 0.500929
vt 0.042101 0.483307
vt 0.042656 0.501091
vt 0.041610 0.517053
vt 0.039762 0.516775
vt 0.043128 0.517134
vt 0.036107 0.483286
vt 0.043840 0.483253
vt 0.044401 0.501050
vt 0.044878 0.517106
vt 0.037018 0.516214
vt 0.036603 0.500641
vt 0.556268 0.516204
vt 0.554981 0.516716
vt 0.554954 0.514942
vt 0.556239 0.514430
vt 0.553753 0.516915
vt 0.553728 0.515142
vt 0.554910 0.511331
vt 0.556191 0.510825
vt 0.553686 0.511528
vt 0.556287 0.517062
vt 0.558000 0.515218
vt 0.555000 0.517571
vt 0.553770 0.517768
vt 0.552210 0.517814
vt 0.552195 0.516962
vt 0.552172 0.515190
vt 0.552134 0.511576
vt 0.557918 0.509853
vt 0.557970 0.513444
vt 0.017468 0.535035
vt 0.015993 0.534505
vt 0.015958 0.532527
vt 0.017437 0.533046
vt 0.015236 0.534315
vt 0.015199 0.532340
vt 0.015904 0.528616
vt 0.017383 0.529098
vt 0.015143 0.528443
vt 0.020097 0.537084
vt 0.017489 0.536046
vt 0.020081 0.536077
vt 0.016017 0.535517
vt 0.015263 0.535327
vt 0.014809 0.535310
vt 0.014782 0.534296
vt 0.014745 0.532321
vt 0.014688 0.528425
vt 0.019994 0.530043
vt 0.020051 0.534064
vt 0.568995 0.461419
vt 0.569923 0.461040
vt 0.570195 0.474618
vt 0.569265 0.475038
vt 0.570468 0.460898
vt 0.570738 0.474461
vt 0.570458 0.486425
vt 0.569527 0.486881
vt 0.570998 0.486254
vt 0.567455 0.462153
vt 0.570858 0.460874
vt 0.571127 0.474435
vt 0.571386 0.486226
vt 0.567967 0.487765
vt 0.567714 0.475852
vt 0.571279 0.460869
vt 0.571739 0.460864
vt 0.572014 0.474424
vt 0.571550 0.474430
vt 0.572199 0.460858
vt 0.572481 0.474419
vt 0.572282 0.486216
vt 0.571812 0.486221
vt 0.572756 0.486210
vt 0.572625 0.460853
vt 0.572912 0.474413
vt 0.573192 0.486204
vt 0.014291 0.534307
vt 0.013740 0.534318
vt 0.013713 0.532342
vt 0.014258 0.532331
vt 0.013182 0.534329
vt 0.013161 0.532351
vt 0.013665 0.528444
vt 0.014205 0.528434
vt 0.013121 0.528453
vt 0.014314 0.535321
vt 0.013757 0.535334
vt 0.013192 0.535345
vt 0.012677 0.535355
vt 0.012672 0.534337
vt 0.012657 0.532359
vt 0.012622 0.528461
vt 0.521171 0.510790
vt 0.511537 0.507391
vt 0.511072 0.505601
vt 0.521106 0.509106
vt 0.502621 0.504352
vt 0.501166 0.502204
vt 0.510886 0.502226
vt 0.521077 0.505685
vt 0.500616 0.498784
vt 0.529633 0.514594
vt 0.521258 0.511607
vt 0.529626 0.513780
vt 0.512168 0.508400
vt 0.504900 0.506018
vt 0.495308 0.502028
vt 0.492704 0.499431
vt 0.491806 0.495946
vt 0.491734 0.490397
vt 0.500574 0.493102
vt 0.510877 0.496373
vt 0.521074 0.499646
vt 0.529607 0.508559
vt 0.529594 0.502359
vt 0.529618 0.512067
vt 0.540900 0.517047
vt 0.538767 0.516693
vt 0.538758 0.514930
vt 0.540889 0.515278
vt 0.535335 0.515708
vt 0.535327 0.513962
vt 0.538740 0.511330
vt 0.540869 0.511666
vt 0.535312 0.510393
vt 0.542718 0.517928
vt 0.540906 0.517894
vt 0.542711 0.517080
vt 0.538773 0.517536
vt 0.535340 0.516541
vt 0.529633 0.514594
vt 0.529626 0.513780
vt 0.529618 0.512067
vt 0.529607 0.508559
vt 0.542675 0.511697
vt 0.542698 0.515311
vt 0.033608 0.541664
vt 0.028813 0.539688
vt 0.028779 0.537596
vt 0.033570 0.539528
vt 0.024051 0.537713
vt 0.024020 0.535664
vt 0.028701 0.533323
vt 0.033478 0.535117
vt 0.023954 0.531529
vt 0.037687 0.544292
vt 0.033620 0.542661
vt 0.037674 0.543299
vt 0.028826 0.540689
vt 0.024064 0.538717
vt 0.037527 0.536602
vt 0.012250 0.534343
vt 0.011906 0.534347
vt 0.011893 0.532368
vt 0.012238 0.532365
vt 0.011612 0.534349
vt 0.011598 0.532371
vt 0.011861 0.528470
vt 0.012205 0.528466
vt 0.011564 0.528472
vt 0.012677 0.535355
vt 0.012253 0.535361
vt 0.012672 0.534337
vt 0.011908 0.535366
vt 0.011616 0.535368
vt 0.011351 0.535370
vt 0.011344 0.534351
vt 0.011328 0.532372
vt 0.011291 0.528473
vt 0.011798 0.521690
vt 0.012143 0.521687
vt 0.067076 0.479191
vt 0.072246 0.477093
vt 0.072779 0.493490
vt 0.067661 0.496110
vt 0.078028 0.474886
vt 0.078433 0.490786
vt 0.073217 0.508037
vt 0.068150 0.511213
vt 0.078748 0.504806
vt 0.062910 0.480890
vt 0.078974 0.515796
vt 0.073543 0.519478
vt 0.068521 0.523131
vt 0.064012 0.513827
vt 0.063507 0.498252
vt 0.463028 0.456029
vt 0.477372 0.456260
vt 0.476516 0.468979
vt 0.460965 0.469032
vt 0.485463 0.456914
vt 0.485178 0.469594
vt 0.476071 0.479796
vt 0.460087 0.480038
vt 0.484965 0.480406
vt 0.492149 0.458136
vt 0.491984 0.470977
vt 0.491841 0.481952
vt 0.572987 0.460848
vt 0.573296 0.460843
vt 0.573585 0.474402
vt 0.573277 0.474407
vt 0.573569 0.460839
vt 0.573856 0.474396
vt 0.573867 0.486192
vt 0.573559 0.486198
vt 0.574136 0.486186
vt 0.573824 0.460834
vt 0.574108 0.474391
vt 0.574385 0.486179
vt 0.574615 0.495372
vt 0.574369 0.495378
vt 0.573794 0.495391
vt 0.604396 0.406306
vt 0.604809 0.421680
vt 0.587310 0.421560
vt 0.586879 0.406181
vt 0.605196 0.435175
vt 0.587710 0.435059
vt 0.579767 0.421522
vt 0.579373 0.406147
vt 0.580128 0.435013
vt 0.605503 0.445776
vt 0.588024 0.445658
vt 0.580406 0.445598
vt 0.577499 0.435002
vt 0.577203 0.421524
vt 0.576872 0.406158
vt 0.056223 0.482806
vt 0.057938 0.482559
vt 0.058538 0.500345
vt 0.056820 0.500642
vt 0.059990 0.481980
vt 0.060590 0.499623
vt 0.059049 0.516376
vt 0.057330 0.516726
vt 0.061100 0.515501
vt 0.054315 0.482898
vt 0.055412 0.516823
vt 0.054907 0.500735
vt 0.559745 0.466077
vt 0.562472 0.464690
vt 0.562681 0.478664
vt 0.559923 0.480202
vt 0.565179 0.463303
vt 0.565417 0.477127
vt 0.562885 0.490820
vt 0.560097 0.492491
vt 0.565648 0.489149
vt 0.557407 0.467228
vt 0.557708 0.493877
vt 0.046217 0.483173
vt 0.049008 0.483079
vt 0.049584 0.500896
vt 0.046785 0.500980
vt 0.051834 0.482983
vt 0.052418 0.500811
vt 0.050076 0.516968
vt 0.047269 0.517043
vt 0.052917 0.516891
vt 0.045595 0.465198
vt 0.048377 0.465091
vt 0.051194 0.464983
vt 0.053299 0.529648
vt 0.050452 0.529719
vt 0.047639 0.529789
vt 0.550042 0.516990
vt 0.547515 0.517022
vt 0.547497 0.515251
vt 0.550022 0.515218
vt 0.544957 0.517053
vt 0.544942 0.515283
vt 0.547466 0.511638
vt 0.549987 0.511605
vt 0.544915 0.511670
vt 0.550055 0.517841
vt 0.547526 0.517871
vt 0.544966 0.517902
vt 0.544871 0.505292
vt 0.547416 0.505261
vt 0.549931 0.505229
vt 0.550165 0.322473
vt 0.547670 0.322435
vt 0.547719 0.312747
vt 0.550226 0.312770
vt 0.545144 0.322397
vt 0.545181 0.312725
vt 0.547725 0.303971
vt 0.550240 0.303972
vt 0.545178 0.303969
vt 0.550062 0.333535
vt 0.547581 0.333489
vt 0.545070 0.333443
vt 0.545131 0.295671
vt 0.547681 0.295650
vt 0.550200 0.295629
vt 0.050912 0.323606
vt 0.049437 0.324584
vt 0.048764 0.314272
vt 0.049950 0.313668
vt 0.047918 0.325019
vt 0.047351 0.314565
vt 0.048262 0.305073
vt 0.049347 0.304781
vt 0.046887 0.305234
vt 0.052166 0.335524
vt 0.052439 0.321469
vt 0.050268 0.336665
vt 0.048628 0.337169
vt 0.046731 0.337417
vt 0.046029 0.325242
vt 0.045467 0.314738
vt 0.044998 0.305348
vt 0.044575 0.296514
vt 0.046477 0.296461
vt 0.047857 0.296419
vt 0.048940 0.296382
vt 0.049952 0.296345
vt 0.051064 0.312504
vt 0.110919 0.573683
vt 0.110703 0.570450
vt 0.124501 0.569247
vt 0.124748 0.572459
vt 0.110486 0.567178
vt 0.124253 0.565997
vt 0.139054 0.567932
vt 0.139336 0.571112
vt 0.138770 0.564712
vt 0.099508 0.574664
vt 0.099318 0.571415
vt 0.099127 0.568127
vt 0.152385 0.563451
vt 0.152704 0.566627
vt 0.153020 0.569763
vt 0.165336 0.568450
vt 0.164987 0.565373
vt 0.180228 0.563868
vt 0.180600 0.566880
vt 0.164636 0.562254
vt 0.179853 0.560813
vt 0.203943 0.561730
vt 0.204326 0.564681
vt 0.203557 0.558735
vt 0.241272 0.555625
vt 0.241652 0.558573
vt 0.242027 0.561478
vt 0.296618 0.557085
vt 0.296270 0.554205
vt 0.360304 0.549192
vt 0.360613 0.552068
vt 0.295917 0.551281
vt 0.359989 0.546272
vt 0.423658 0.544291
vt 0.423926 0.547179
vt 0.423383 0.541361
vt 0.475991 0.537309
vt 0.476235 0.540260
vt 0.476473 0.543169
vt 0.084341 0.575901
vt 0.084181 0.572616
vt 0.086852 0.572426
vt 0.087016 0.575700
vt 0.084023 0.569292
vt 0.086688 0.569113
vt 0.091558 0.572056
vt 0.091732 0.575318
vt 0.091384 0.568755
vt 0.082686 0.576012
vt 0.082529 0.572716
vt 0.082374 0.569381
vt 0.055394 0.382772
vt 0.053233 0.383273
vt 0.052228 0.366758
vt 0.054419 0.366181
vt 0.051490 0.383537
vt 0.050478 0.367077
vt 0.051219 0.350934
vt 0.053348 0.350107
vt 0.049499 0.351368
vt 0.056288 0.399260
vt 0.054187 0.399760
vt 0.052466 0.400008
vt 0.050578 0.400157
vt 0.049597 0.383710
vt 0.048579 0.367280
vt 0.047599 0.351603
vt 0.549648 0.375364
vt 0.547202 0.375339
vt 0.547329 0.360315
vt 0.549784 0.360352
vt 0.544726 0.375313
vt 0.544843 0.360277
vt 0.547462 0.346215
vt 0.549929 0.346260
vt 0.544964 0.346170
vt 0.549544 0.390853
vt 0.547102 0.390839
vt 0.544630 0.390826
vt 0.549507 0.437630
vt 0.547047 0.437640
vt 0.547028 0.422046
vt 0.549477 0.422041
vt 0.544558 0.437651
vt 0.544548 0.422050
vt 0.547044 0.406439
vt 0.549488 0.406442
vt 0.544571 0.406435
vt 0.549568 0.453187
vt 0.547097 0.453203
vt 0.544596 0.453219
vt 0.549849 0.495474
vt 0.547343 0.495503
vt 0.547258 0.482969
vt 0.549753 0.482943
vt 0.544807 0.495532
vt 0.544732 0.482994
vt 0.547171 0.468566
vt 0.549654 0.468545
vt 0.544657 0.468587
vt 0.043456 0.416556
vt 0.046215 0.416397
vt 0.047000 0.432101
vt 0.044235 0.432238
vt 0.049010 0.416236
vt 0.049800 0.431963
vt 0.047712 0.448157
vt 0.044939 0.448277
vt 0.050520 0.448036
vt 0.045334 0.400518
vt 0.048126 0.400326
vt 0.510717 0.540599
vt 0.510492 0.537662
vt 0.529095 0.536284
vt 0.529322 0.539254
vt 0.510260 0.534683
vt 0.528860 0.533273
vt 0.537261 0.535719
vt 0.537501 0.538724
vt 0.537014 0.532673
vt 0.539944 0.532478
vt 0.540210 0.535561
vt 0.540467 0.538603
vt 0.047876 0.538109
vt 0.050693 0.538042
vt 0.050825 0.542694
vt 0.048005 0.542761
vt 0.053545 0.537974
vt 0.053680 0.542626
vt 0.050884 0.544899
vt 0.048061 0.544967
vt 0.053741 0.544829
vt 0.053765 0.545808
vt 0.050907 0.545880
vt 0.048082 0.545950
s 1
usemtl screen
f 3348/126/2213 3349/127/2214 3352/128/2217 3351/129/2216
f 3349/127/2214 3350/130/2215 3353/131/2218 3352/128/2217
f 3351/129/2216 3352/128/2217 3355/132/2220 3354/133/2219
f 3352/128/2217 3353/131/2218 3356/134/2221 3355/132/2220
f 188/135/146 1817/136/1295 3348/126/2213 1011/137/659
f 1817/136/1295 1816/138/1294 3349/127/2214 3348/126/2213
f 1816/138/1294 1815/139/1293 3350/130/2215 3349/127/2214
f 1815/139/1293 177/140/135 1709/141/1216 3350/130/2215
f 3350/130/2215 1709/141/1216 1708/142/1215 3353/131/2218
f 3353/131/2218 1708/142/1215 1707/143/1214 3356/134/2221
f 3356/134/2221 1707/143/1214 8/144/8 509/145/378
f 3355/132/2220 3356/134/2221 509/145/378 508/146/377
f 3354/133/2219 3355/132/2220 508/146/377 507/147/376
f 1013/148/661 3354/133/2219 507/147/376 82/149/61
f 1012/150/660 3351/129/2216 3354/133/2219 1013/148/661
f 1011/137/659 3348/126/2213 3351/129/2216 1012/150/660
f 3483/467/632 3484/468/631 3487/469/631 3486/470/632
f 3484/468/631 3485/471/630 3488/472/630 3487/469/631
f 3486/470/632 3487/469/631 3490/473/631 3489/474/632
f 3487/469/631 3488/472/630 3491/475/630 3490/473/631
f 386/476/68 1673/477/632 3483/467/632 996/478/68
f 1673/477/632 1672/479/631 3484/468/631 3483/467/632
f 1672/479/631 1671/480/630 3485/471/630 3484/468/631
f 1671/480/630 374/481/22 1409/482/22 3485/471/630
f 3485/471/630 1409/482/22 1408/483/22 3488/472/630
f 3488/472/630 1408/483/22 1407/484/22 3491/475/630
f 3491/475/630 1407/484/22 33/485/22 963/486/630
f 3490/473/631 3491/475/630 963/486/630 964/487/631
f 3489/474/632 3490/473/631 964/487/631 965/488/632
f 998/489/68 3489/474/632 965/488/632 89/490/68
f 997/491/68 3486/470/632 3489/474/632 998/489/68
f 996/478/68 3483/467/632 3486/470/632 997/491/68
f 3492/492/632 3493/493/631 3496/494/631 3495/495/632
f 3493/493/631 3494/496/630 3497/497/630 3496/494/631
f 3495/495/632 3496/494/631 3499/498/631 3498/499/632
f 3496/494/631 3497/497/630 3500/500/630 3499/498/631
f 89/490/68 965/488/632 3492/492/632 993/501/68
f 965/488/632 964/487/631 3493/493/631 3492/492/632
f 964/487/631 963/486/630 3494/496/630 3493/493/631
f 963/486/630 33/485/22 593/502/22 3494/496/630
f 3494/496/630 593/502/22 592/503/22 3497/497/630
f 3497/497/630 592/503/22 591/504/22 3500/500/630
f 3500/500/630 591/504/22 32/505/22 966/506/630
f 3499/498/631 3500/500/630 966/506/630 967/507/631
f 3498/499/632 3499/498/631 967/507/631 968/508/632
f 995/509/68 3498/499/632 968/508/632 90/510/68
f 994/511/68 3495/495/632 3498/499/632 995/509/68
f 993/501/68 3492/492/632 3495/495/632 994/511/68
f 3501/512/632 3502/513/631 3505/514/631 3504/515/632
f 3502/513/631 3503/516/630 3506/517/630 3505/514/631
f 3504/515/632 3505/514/631 3508/518/631 3507/519/632
f 3505/514/631 3506/517/630 3509/520/630 3508/518/631
f 90/510/68 968/508/632 3501/512/632 990/521/68
f 968/508/632 967/507/631 3502/513/631 3501/512/632
f 967/507/631 966/506/630 3503/516/630 3502/513/631
f 966/506/630 32/505/22 590/522/22 3503/516/630
f 3503/516/630 590/522/22 589/523/22 3506/517/630
f 3506/517/630 589/523/22 588/524/22 3509/520/630
f 3509/520/630 588/524/22 31/525/22 969/526/630
f 3508/518/631 3509/520/630 969/526/630 970/527/631
f 3507/519/632 3508/518/631 970/527/631 971/528/632
f 992/529/68 3507/519/632 971/528/632 91/530/68
f 991/531/68 3504/515/632 3507/519/632 992/529/68
f 990/521/68 3501/512/632 3504/515/632 991/531/68
f 3897/1362/453 3898/1363/452 3901/1364/452 3900/1365/453
f 3898/1363/452 3899/1366/451 3902/1367/451 3901/1364/452
f 3900/1365/453 3901/1364/452 3904/1368/452 3903/1369/453
f 3901/1364/452 3902/1367/451 3905/1370/451 3904/1368/452
f 29/1371/21 650/1372/453 3897/1362/453 582/1373/21
f 650/1372/453 649/1374/452 3898/1363/452 3897/1362/453
f 649/1374/452 648/1375/451 3899/1366/451 3898/1363/452
f 648/1375/451 74/1376/54 900/1377/54 3899/1366/451
f 3899/1366/451 900/1377/54 901/1378/54 3902/1367/451
f 3902/1367/451 901/1378/54 902/1379/54 3905/1370/451
f 3905/1370/451 902/1379/54 75/1380/54 651/1381/451
f 3904/1368/452 3905/1370/451 651/1381/451 652/1382/452
f 3903/1369/453 3904/1368/452 652/1382/452 653/1383/453
f 584/1384/21 3903/1369/453 653/1383/453 30/1385/21
f 583/1386/21 3900/1365/453 3903/1369/453 584/1384/21
f 582/1373/21 3897/1362/453 3900/1365/453 583/1386/21
f 3906/1387/453 3907/1388/452 3910/1389/452 3909/1390/453
f 3907/1388/452 3908/1391/451 3911/1392/451 3910/1389/452
f 3909/1390/453 3910/1389/452 3913/1393/452 3912/1394/453
f 3910/1389/452 3911/1392/451 3914/1395/451 3913/1393/452
f 28/1396/21 647/1397/453 3906/1387/453 579/1398/21
f 647/1397/453 646/1399/452 3907/1388/452 3906/1387/453
f 646/1399/452 645/1400/451 3908/1391/451 3907/1388/452
f 645/1400/451 73/1401/54 903/1402/54 3908/1391/451
f 3908/1391/451 903/1402/54 904/1403/54 3911/1392/451
f 3911/1392/451 904/1403/54 905/1404/54 3914/1395/451
f 3914/1395/451 905/1404/54 74/1376/54 648/1375/451
f 3913/1393/452 3914/1395/451 648/1375/451 649/1374/452
f 3912/1394/453 3913/1393/452 649/1374/452 650/1372/453
f 581/1405/21 3912/1394/453 650/1372/453 29/1371/21
f 580/1406/21 3909/1390/453 3912/1394/453 581/1405/21
f 579/1398/21 3906/1387/453 3909/1390/453 580/1406/21
f 3915/1407/453 3916/1408/452 3919/1409/452 3918/1410/453
f 3916/1408/452 3917/1411/451 3920/1412/451 3919/1409/452
f 3918/1410/453 3919/1409/452 3922/1413/452 3921/1414/453
f 3919/1409/452 3920/1412/451 3923/1415/451 3922/1413/452
f 373/1416/21 1637/1417/453 3915/1407/453 576/1418/21
f 1637/1417/453 1636/1419/452 3916/1408/452 3915/1407/453
f 1636/1419/452 1635/1420/451 3917/1411/451 3916/1408/452
f 1635/1420/451 384/1421/54 906/1422/54 3917/1411/451
f 3917/1411/451 906/1422/54 907/1423/54 3920/1412/451
f 3920/1412/451 907/1423/54 908/1424/54 3923/1415/451
f 3923/1415/451 908/1424/54 73/1401/54 645/1400/451
f 3922/1413/452 3923/1415/451 645/1400/451 646/1399/452
f 3921/1414/453 3922/1413/452 646/1399/452 647/1397/453
f 578/1425/21 3921/1414/453 647/1397/453 28/1396/21
f 577/1426/21 3918/1410/453 3921/1414/453 578/1425/21
f 576/1418/21 3915/1407/453 3918/1410/453 577/1426/21
f 3969/1534/2511 3970/1535/2512 3973/1536/2515 3972/1537/2514
f 3970/1535/2512 3971/1538/2513 3974/1539/2516 3973/1536/2515
f 3972/1537/2514 3973/1536/2515 3976/1540/2518 3975/1541/2517
f 3973/1536/2515 3974/1539/2516 3977/1542/2519 3976/1540/2518
f 172/1543/131 1772/1544/1255 3969/1534/2511 504/1545/373
f 1772/1544/1255 1771/1546/1254 3970/1535/2512 3969/1534/2511
f 1771/1546/1254 1770/1547/1253 3971/1538/2513 3970/1535/2512
f 1770/1547/1253 186/1548/144 921/1549/606 3971/1538/2513
f 3971/1538/2513 921/1549/606 922/1550/607 3974/1539/2516
f 3974/1539/2516 922/1550/607 923/1551/608 3977/1542/2519
f 3977/1542/2519 923/1551/608 68/1552/49 863/1553/568
f 3976/1540/2518 3977/1542/2519 863/1553/568 862/1554/567
f 3975/1541/2517 3976/1540/2518 862/1554/567 861/1555/566
f 506/1556/375 3975/1541/2517 861/1555/566 7/1557/7
f 505/1558/374 3972/1537/2514 3975/1541/2517 506/1556/375
f 504/1545/373 3969/1534/2511 3972/1537/2514 505/1558/374
f 4050/1730/68 4051/1731/68 4054/1732/68 4053/1733/68
f 4051/1731/68 4052/1734/68 4055/1735/68 4054/1732/68
f 4053/1733/68 4054/1732/68 4057/1736/68 4056/1737/68
f 4054/1732/68 4055/1735/68 4058/1738/68 4057/1736/68
f 127/1739/68 1148/1740/68 4050/1730/68 1203/1741/68
f 1148/1740/68 1147/1742/68 4051/1731/68 4050/1730/68
f 1147/1742/68 1146/1743/68 4052/1734/68 4051/1731/68
f 1146/1743/68 90/510/68 990/521/68 4052/1734/68
f 4052/1734/68 990/521/68 991/531/68 4055/1735/68
f 4055/1735/68 991/531/68 992/529/68 4058/1738/68
f 4058/1738/68 992/529/68 91/530/68 1149/1744/68
f 4057/1736/68 4058/1738/68 1149/1744/68 1150/1745/68
f 4056/1737/68 4057/1736/68 1150/1745/68 1151/1746/68
f 1205/1747/68 4056/1737/68 1151/1746/68 128/1748/68
f 1204/1749/68 4053/1733/68 4056/1737/68 1205/1747/68
f 1203/1741/68 4050/1730/68 4053/1733/68 1204/1749/68
f 4059/1750/68 4060/1751/68 4063/1752/68 4062/1753/68
f 4060/1751/68 4061/1754/68 4064/1755/68 4063/1752/68
f 4062/1753/68 4063/1752/68 4066/1756/68 4065/1757/68
f 4063/1752/68 4064/1755/68 4067/1758/68 4066/1756/68
f 126/1759/68 1145/1760/68 4059/1750/68 1200/1761/68
f 1145/1760/68 1144/1762/68 4060/1751/68 4059/1750/68
f 1144/1762/68 1143/1763/68 4061/1754/68 4060/1751/68
f 1143/1763/68 89/490/68 993/501/68 4061/1754/68
f 4061/1754/68 993/501/68 994/511/68 4064/1755/68
f 4064/1755/68 994/511/68 995/509/68 4067/1758/68
f 4067/1758/68 995/509/68 90/510/68 1146/1743/68
f 4066/1756/68 4067/1758/68 1146/1743/68 1147/1742/68
f 4065/1757/68 4066/1756/68 1147/1742/68 1148/1740/68
f 1202/1764/68 4065/1757/68 1148/1740/68 127/1739/68
f 1201/1765/68 4062/1753/68 4065/1757/68 1202/1764/68
f 1200/1761/68 4059/1750/68 4062/1753/68 1201/1765/68
f 4068/1766/68 4069/1767/68 4072/1768/68 4071/1769/68
f 4069/1767/68 4070/1770/68 4073/1771/68 4072/1768/68
f 4071/1769/68 4072/1768/68 4075/1772/68 4074/1773/68
f 4072/1768/68 4073/1771/68 4076/1774/68 4075/1772/68
f 400/1775/68 1631/1776/68 4068/1766/68 1197/1777/68
f 1631/1776/68 1630/1778/68 4069/1767/68 4068/1766/68
f 1630/1778/68 1629/1779/68 4070/1770/68 4069/1767/68
f 1629/1779/68 386/476/68 996/478/68 4070/1770/68
f 4070/1770/68 996/478/68 997/491/68 4073/1771/68
f 4073/1771/68 997/491/68 998/489/68 4076/1774/68
f 4076/1774/68 998/489/68 89/490/68 1143/1763/68
f 4075/1772/68 4076/1774/68 1143/1763/68 1144/1762/68
f 4074/1773/68 4075/1772/68 1144/1762/68 1145/1760/68
f 1199/1780/68 4074/1773/68 1145/1760/68 126/1759/68
f 1198/1781/68 4071/1769/68 4074/1773/68 1199/1780/68
f 1197/1777/68 4068/1766/68 4071/1769/68 1198/1781/68
f 4113/1879/803 4114/1880/803 4117/1881/660 4116/1882/660
f 4114/1880/803 4115/1883/803 4118/1884/660 4117/1881/660
f 4116/1882/660 4117/1881/660 4120/1885/661 4119/1886/661
f 4117/1881/660 4118/1884/660 4121/1887/661 4120/1885/661
f 190/1888/146 1766/1889/146 4113/1879/803 1188/1890/803
f 1766/1889/146 1765/1891/146 4114/1880/803 4113/1879/803
f 1765/1891/146 1764/1892/146 4115/1883/803 4114/1880/803
f 1764/1892/146 188/1893/146 1011/1894/659 4115/1883/803
f 4115/1883/803 1011/1894/659 1012/1895/660 4118/1884/660
f 4118/1884/660 1012/1895/660 1013/1896/661 4121/1887/661
f 4121/1887/661 1013/1896/661 82/1897/61 944/1898/61
f 4120/1885/661 4121/1887/661 944/1898/61 943/1899/61
f 4119/1886/661 4120/1885/661 943/1899/61 942/1900/61
f 1190/1901/661 4119/1886/661 942/1900/61 121/1902/61
f 1189/1903/660 4116/1882/660 4119/1886/661 1190/1901/661
f 1188/1890/803 4113/1879/803 4116/1882/660 1189/1903/660
f 4473/2663/803 4474/2664/803 4477/2665/660 4476/2666/660
f 4474/2664/803 4475/2667/803 4478/2668/660 4477/2665/660
f 4476/2666/660 4477/2665/660 4480/2669/661 4479/2670/661
f 4477/2665/660 4478/2668/660 4481/2671/661 4480/2669/661
f 192/2672/146 1883/2673/146 4473/2663/803 1239/2674/803
f 1883/2673/146 1882/2675/146 4474/2664/803 4473/2663/803
f 1882/2675/146 1881/2676/146 4475/2667/803 4474/2664/803
f 1881/2676/146 190/1888/146 1188/1890/803 4475/2667/803
f 4475/2667/803 1188/1890/803 1189/1903/660 4478/2668/660
f 4478/2668/660 1189/1903/660 1190/1901/661 4481/2671/661
f 4481/2671/661 1190/1901/661 121/1902/61 1862/2677/61
f 4480/2669/661 4481/2671/661 1862/2677/61 1861/2678/61
f 4479/2670/661 4480/2669/661 1861/2678/61 1860/2679/61
f 1241/2680/661 4479/2670/661 1860/2679/61 138/2681/61
f 1240/2682/660 4476/2666/660 4479/2670/661 1241/2680/661
f 1239/2674/803 4473/2663/803 4476/2666/660 1240/2682/660
f 4500/2723/68 4501/2724/68 4504/2725/68 4503/2726/68
f 4501/2724/68 4502/2727/68 4505/2728/68 4504/2725/68
f 4503/2726/68 4504/2725/68 4507/2729/68 4506/2730/68
f 4504/2725/68 4505/2728/68 4508/2731/68 4507/2729/68
f 401/2732/68 1877/2733/68 4500/2723/68 1230/2734/68
f 1877/2733/68 1876/2735/68 4501/2724/68 4500/2723/68
f 1876/2735/68 1875/2736/68 4502/2727/68 4501/2724/68
f 1875/2736/68 400/1775/68 1197/1777/68 4502/2727/68
f 4502/2727/68 1197/1777/68 1198/1781/68 4505/2728/68
f 4505/2728/68 1198/1781/68 1199/1780/68 4508/2731/68
f 4508/2731/68 1199/1780/68 126/1759/68 1827/2737/68
f 4507/2729/68 4508/2731/68 1827/2737/68 1828/2738/68
f 4506/2730/68 4507/2729/68 1828/2738/68 1829/2739/68
f 1232/2740/68 4506/2730/68 1829/2739/68 133/2741/68
f 1231/2742/68 4503/2726/68 4506/2730/68 1232/2740/68
f 1230/2734/68 4500/2723/68 4503/2726/68 1231/2742/68
f 4509/2743/68 4510/2744/68 4513/2745/68 4512/2746/68
f 4510/2744/68 4511/2747/68 4514/2748/68 4513/2745/68
f 4512/2746/68 4513/2745/68 4516/2749/68 4515/2750/68
f 4513/2745/68 4514/2748/68 4517/2751/68 4516/2749/68
f 133/2741/68 1829/2739/68 4509/2743/68 1227/2752/68
f 1829/2739/68 1828/2738/68 4510/2744/68 4509/2743/68
f 1828/2738/68 1827/2737/68 4511/2747/68 4510/2744/68
f 1827/2737/68 126/1759/68 1200/1761/68 4511/2747/68
f 4511/2747/68 1200/1761/68 1201/1765/68 4514/2748/68
f 4514/2748/68 1201/1765/68 1202/1764/68 4517/2751/68
f 4517/2751/68 1202/1764/68 127/1739/68 1830/2753/68
f 4516/2749/68 4517/2751/68 1830/2753/68 1831/2754/68
f 4515/2750/68 4516/2749/68 1831/2754/68 1832/2755/68
f 1229/2756/68 4515/2750/68 1832/2755/68 134/2757/68
f 1228/2758/68 4512/2746/68 4515/2750/68 1229/2756/68
f 1227/2752/68 4509/2743/68 4512/2746/68 1228/2758/68
f 4518/2759/68 4519/2760/68 4522/2761/68 4521/2762/68
f 4519/2760/68 4520/2763/68 4523/2764/68 4522/2761/68
f 4521/2762/68 4522/2761/68 4525/2765/68 4524/2766/68
f 4522/2761/68 4523/2764/68 4526/2767/68 4525/2765/68
f 134/2757/68 1832/2755/68 4518/2759/68 1839/2768/68
f 1832/2755/68 1831/2754/68 4519/2760/68 4518/2759/68
f 1831/2754/68 1830/2753/68 4520/2763/68 4519/2760/68
f 1830/2753/68 127/1739/68 1203/1741/68 4520/2763/68
f 4520/2763/68 1203/1741/68 1204/1749/68 4523/2764/68
f 4523/2764/68 1204/1749/68 1205/1747/68 4526/2767/68
f 4526/2767/68 1205/1747/68 128/1748/68 1071/2769/68
f 4525/2765/68 4526/2767/68 1071/2769/68 1072/2770/68
f 4524/2766/68 4525/2765/68 1072/2770/68 1073/2771/68
f 1841/2772/68 4524/2766/68 1073/2771/68 104/2773/68
f 1840/2774/68 4521/2762/68 4524/2766/68 1841/2772/68
f 1839/2768/68 4518/2759/68 4521/2762/68 1840/2774/68
f 4545/2810/68 4546/2811/68 4549/2812/68 4548/2813/68
f 4546/2811/68 4547/2814/68 4550/2815/68 4549/2812/68
f 4548/2813/68 4549/2812/68 4552/2816/68 4551/2817/68
f 4549/2812/68 4550/2815/68 4553/2818/68 4552/2816/68
f 74/1376/54 881/2819/68 4545/2810/68 900/1377/54
f 881/2819/68 880/2820/68 4546/2811/68 4545/2810/68
f 880/2820/68 879/2821/68 4547/2814/68 4546/2811/68
f 879/2821/68 134/2757/68 1839/2768/68 4547/2814/68
f 4547/2814/68 1839/2768/68 1840/2774/68 4550/2815/68
f 4550/2815/68 1840/2774/68 1841/2772/68 4553/2818/68
f 4553/2818/68 1841/2772/68 104/2773/68 1824/2822/68
f 4552/2816/68 4553/2818/68 1824/2822/68 1825/2823/68
f 4551/2817/68 4552/2816/68 1825/2823/68 1826/2824/68
f 902/1379/54 4551/2817/68 1826/2824/68 75/1380/54
f 901/1378/54 4548/2813/68 4551/2817/68 902/1379/54
f 900/1377/54 4545/2810/68 4548/2813/68 901/1378/54
f 4554/2825/68 4555/2826/68 4558/2827/68 4557/2828/68
f 4555/2826/68 4556/2829/68 4559/2830/68 4558/2827/68
f 4557/2828/68 4558/2827/68 4561/2831/68 4560/2832/68
f 4558/2827/68 4559/2830/68 4562/2833/68 4561/2831/68
f 73/1401/54 878/2834/68 4554/2825/68 903/1402/54
f 878/2834/68 877/2835/68 4555/2826/68 4554/2825/68
f 877/2835/68 876/2836/68 4556/2829/68 4555/2826/68
f 876/2836/68 133/2741/68 1227/2752/68 4556/2829/68
f 4556/2829/68 1227/2752/68 1228/2758/68 4559/2830/68
f 4559/2830/68 1228/2758/68 1229/2756/68 4562/2833/68
f 4562/2833/68 1229/2756/68 134/2757/68 879/2821/68
f 4561/2831/68 4562/2833/68 879/2821/68 880/2820/68
f 4560/2832/68 4561/2831/68 880/2820/68 881/2819/68
f 905/1404/54 4560/2832/68 881/2819/68 74/1376/54
f 904/1403/54 4557/2828/68 4560/2832/68 905/1404/54
f 903/1402/54 4554/2825/68 4557/2828/68 904/1403/54
f 4563/2837/68 4564/2838/68 4567/2839/68 4566/2840/68
f 4564/2838/68 4565/2841/68 4568/2842/68 4567/2839/68
f 4566/2840/68 4567/2839/68 4570/2843/68 4569/2844/68
f 4567/2839/68 4568/2842/68 4571/2845/68 4570/2843/68
f 384/1421/54 1589/2846/68 4563/2837/68 906/1422/54
f 1589/2846/68 1588/2847/68 4564/2838/68 4563/2837/68
f 1588/2847/68 1587/2848/68 4565/2841/68 4564/2838/68
f 1587/2848/68 401/2732/68 1230/2734/68 4565/2841/68
f 4565/2841/68 1230/2734/68 1231/2742/68 4568/2842/68
f 4568/2842/68 1231/2742/68 1232/2740/68 4571/2845/68
f 4571/2845/68 1232/2740/68 133/2741/68 876/2836/68
f 4570/2843/68 4571/2845/68 876/2836/68 877/2835/68
f 4569/2844/68 4570/2843/68 877/2835/68 878/2834/68
f 908/1424/54 4569/2844/68 878/2834/68 73/1401/54
f 907/1423/54 4566/2840/68 4569/2844/68 908/1424/54
f 906/1422/54 4563/2837/68 4566/2840/68 907/1423/54
f 4617/2936/803 4618/2937/803 4621/2938/660 4620/2939/660
f 4618/2937/803 4619/2940/803 4622/2941/660 4621/2938/660
f 4620/2939/660 4621/2938/660 4624/2942/661 4623/2943/661
f 4621/2938/660 4622/2941/660 4625/2944/661 4624/2942/661
f 186/1548/144 1754/2945/146 4617/2936/803 921/2946/606
f 1754/2945/146 1753/2947/146 4618/2937/803 4617/2936/803
f 1753/2947/146 1752/2948/146 4619/2940/803 4618/2937/803
f 1752/2948/146 192/2672/146 1239/2674/803 4619/2940/803
f 4619/2940/803 1239/2674/803 1240/2682/660 4622/2941/660
f 4622/2941/660 1240/2682/660 1241/2680/661 4625/2944/661
f 4625/2944/661 1241/2680/661 138/2681/61 1217/2949/61
f 4624/2942/661 4625/2944/661 1217/2949/61 1216/2950/61
f 4623/2943/661 4624/2942/661 1216/2950/61 1215/2951/61
f 923/1551/608 4623/2943/661 1215/2951/61 68/2952/49
f 922/2953/607 4620/2939/660 4623/2943/661 923/1551/608
f 921/2946/606 4617/2936/803 4620/2939/660 922/2953/607
f 5175/4175/68 5176/4176/68 5179/4177/68 5178/4178/68
f 5176/4176/68 5177/4179/68 5180/4180/68 5179/4177/68
f 5178/4178/68 5179/4177/68 5182/4181/68 5181/4182/68
f 5179/4177/68 5180/4180/68 5183/4183/68 5182/4181/68
f 75/1380/54 1826/2824/68 5175/4175/68 1734/4184/54
f 1826/2824/68 1825/2823/68 5176/4176/68 5175/4175/68
f 1825/2823/68 1824/2822/68 5177/4179/68 5176/4176/68
f 1824/2822/68 104/2773/68 1878/4185/68 5177/4179/68
f 5177/4179/68 1878/4185/68 1879/4186/68 5180/4180/68
f 5180/4180/68 1879/4186/68 1880/4187/68 5183/4183/68
f 5183/4183/68 1880/4187/68 192/2672/146 1752/2948/146
f 5182/4181/68 5183/4183/68 1752/2948/146 1753/2947/146
f 5181/4182/68 5182/4181/68 1753/2947/146 1754/2945/146
f 1736/4188/54 5181/4182/68 1754/2945/146 186/1548/144
f 1735/4189/54 5178/4178/68 5181/4182/68 1736/4188/54
f 1734/4184/54 5175/4175/68 5178/4178/68 1735/4189/54
f 5202/4224/68 5203/4225/68 5206/4226/68 5205/4227/68
f 5203/4225/68 5204/4228/68 5207/4229/68 5206/4226/68
f 5205/4227/68 5206/4226/68 5209/4230/68 5208/4231/68
f 5206/4226/68 5207/4229/68 5210/4232/68 5209/4230/68
f 104/2773/68 1073/2771/68 5202/4224/68 1878/4185/68
f 1073/2771/68 1072/2770/68 5203/4225/68 5202/4224/68
f 1072/2770/68 1071/2769/68 5204/4228/68 5203/4225/68
f 1071/2769/68 128/1748/68 1746/4233/68 5204/4228/68
f 5204/4228/68 1746/4233/68 1747/4234/68 5207/4229/68
f 5207/4229/68 1747/4234/68 1748/4235/68 5210/4232/68
f 5210/4232/68 1748/4235/68 190/1888/146 1881/2676/146
f 5209/4230/68 5210/4232/68 1881/2676/146 1882/2675/146
f 5208/4231/68 5209/4230/68 1882/2675/146 1883/2673/146
f 1880/4187/68 5208/4231/68 1883/2673/146 192/2672/146
f 1879/4186/68 5205/4227/68 5208/4231/68 1880/4187/68
f 1878/4185/68 5202/4224/68 5205/4227/68 1879/4186/68
f 5218/4253/68 5219/4254/68 5222/4255/68 5221/4256/68
f 5219/4254/68 5220/4257/68 5223/4258/68 5222/4255/68
f 5221/4256/68 5222/4255/68 5225/4259/68 5224/4260/68
f 5222/4255/68 5223/4258/68 5226/4261/68 5225/4259/68
f 128/1748/68 1151/1746/68 5218/4253/68 1746/4233/68
f 1151/1746/68 1150/1745/68 5219/4254/68 5218/4253/68
f 1150/1745/68 1149/1744/68 5220/4257/68 5219/4254/68
f 1149/1744/68 91/530/68 1740/4262/68 5220/4257/68
f 5220/4257/68 1740/4262/68 1741/4263/68 5223/4258/68
f 5223/4258/68 1741/4263/68 1742/4264/68 5226/4261/68
f 5226/4261/68 1742/4264/68 188/1893/146 1764/1892/146
f 5225/4259/68 5226/4261/68 1764/1892/146 1765/1891/146
f 5224/4260/68 5225/4259/68 1765/1891/146 1766/1889/146
f 1748/4235/68 5224/4260/68 1766/1889/146 190/1888/146
f 1747/4234/68 5221/4256/68 5224/4260/68 1748/4235/68
f 1746/4233/68 5218/4253/68 5221/4256/68 1747/4234/68
f 5236/4282/453 5237/4283/452 5240/4284/452 5239/4285/453
f 5237/4283/452 5238/4286/451 5241/4287/451 5240/4284/452
f 5239/4285/453 5240/4284/452 5243/4288/452 5242/4289/453
f 5240/4284/452 5241/4287/451 5244/4290/451 5243/4288/452
f 30/1385/21 653/1383/453 5236/4282/453 1692/4291/21
f 653/1383/453 652/1382/452 5237/4283/452 5236/4282/453
f 652/1382/452 651/1381/451 5238/4286/451 5237/4283/452
f 651/1381/451 75/1380/54 1734/4184/54 5238/4286/451
f 5238/4286/451 1734/4184/54 1735/4189/54 5241/4287/451
f 5241/4287/451 1735/4189/54 1736/4188/54 5244/4290/451
f 5244/4290/451 1736/4188/54 186/1548/144 1770/4292/1253
f 5243/4288/452 5244/4290/451 1770/4292/1253 1771/4293/1254
f 5242/4289/453 5243/4288/452 1771/4293/1254 1772/1544/1255
f 1694/4294/21 5242/4289/453 1772/1544/1255 172/4295/131
f 1693/4296/21 5239/4285/453 5242/4289/453 1694/4294/21
f 1692/4291/21 5236/4282/453 5239/4285/453 1693/4296/21
f 5371/4530/632 5372/4531/631 5375/4532/631 5374/4533/632
f 5372/4531/631 5373/4534/630 5376/4535/630 5375/4532/631
f 5374/4533/632 5375/4532/631 5378/4536/631 5377/4537/632
f 5375/4532/631 5376/4535/630 5379/4538/630 5378/4536/631
f 91/530/68 971/528/632 5371/4530/632 1740/4262/68
f 971/528/632 970/527/631 5372/4531/631 5371/4530/632
f 970/527/631 969/526/630 5373/4534/630 5372/4531/631
f 969/526/630 31/525/22 587/4539/22 5373/4534/630
f 5373/4534/630 587/4539/22 586/4540/22 5376/4535/630
f 5376/4535/630 586/4540/22 585/4541/22 5379/4538/630
f 5379/4538/630 585/4541/22 177/4542/135 1815/4543/1293
f 5378/4536/631 5379/4538/630 1815/4543/1293 1816/4544/1294
f 5377/4537/632 5378/4536/631 1816/4544/1294 1817/4545/1295
f 1742/4264/68 5377/4537/632 1817/4545/1295 188/1893/146
f 1741/4263/68 5374/4533/632 5377/4537/632 1742/4264/68
f 1740/4262/68 5371/4530/632 5374/4533/632 1741/4263/68
f 5578/4895/3602 5579/4896/3603 5582/4897/3606 5581/4898/3605
f 5579/4896/3603 5580/4899/3604 5583/4900/3607 5582/4897/3606
f 5581/4898/3605 5582/4897/3606 5585/4901/3609 5584/4902/3608
f 5582/4897/3606 5583/4900/3607 5586/4903/3610 5585/4901/3609
f 450/4904/327 2514/4905/1612 5578/4895/3602 3080/4906/2051
f 2514/4905/1612 2515/4907/1613 5579/4896/3603 5578/4895/3602
f 2515/4907/1613 2516/4908/1614 5580/4899/3604 5579/4896/3603
f 2516/4908/1614 288/4909/203 2010/4910/1377 5580/4899/3604
f 5580/4899/3604 2010/4910/1377 2011/4911/1378 5583/4900/3607
f 5583/4900/3607 2011/4911/1378 2012/4912/1379 5586/4903/3610
f 5586/4903/3610 2012/4912/1379 214/4913/167 2970/4914/1970
f 5585/4901/3609 5586/4903/3610 2970/4914/1970 2971/4915/1971
f 5584/4902/3608 5585/4901/3609 2971/4915/1971 2972/4916/1972
f 3078/4917/2049 5584/4902/3608 2972/4916/1972 439/4918/316
f 3079/4919/2050 5581/4898/3605 5584/4902/3608 3078/4917/2049
f 3080/4906/2051 5578/4895/3602 5581/4898/3605 3079/4919/2050
f 5713/5236/632 5714/5237/632 5717/5238/631 5716/5239/631
f 5714/5237/632 5715/5240/632 5718/5241/631 5717/5238/631
f 5716/5239/631 5717/5238/631 5720/5242/630 5719/5243/630
f 5717/5238/631 5718/5241/631 5721/5244/630 5720/5242/630
f 386/5245/68 2499/5246/68 5713/5236/632 1673/5247/632
f 2499/5246/68 2500/5248/68 5714/5237/632 5713/5236/632
f 2500/5248/68 2501/5249/68 5715/5240/632 5714/5237/632
f 2501/5249/68 295/5250/68 2468/5251/632 5715/5240/632
f 5715/5240/632 2468/5251/632 2467/5252/631 5718/5241/631
f 5718/5241/631 2467/5252/631 2466/5253/630 5721/5244/630
f 5721/5244/630 2466/5253/630 239/5254/22 2868/5255/22
f 5720/5242/630 5721/5244/630 2868/5255/22 2869/5256/22
f 5719/5243/630 5720/5242/630 2869/5256/22 2870/5257/22
f 1671/480/630 5719/5243/630 2870/5257/22 374/481/22
f 1672/5258/631 5716/5239/631 5719/5243/630 1671/480/630
f 1673/5247/632 5713/5236/632 5716/5239/631 1672/5258/631
f 5722/5259/632 5723/5260/632 5726/5261/631 5725/5262/631
f 5723/5260/632 5724/5263/632 5727/5264/631 5726/5261/631
f 5725/5262/631 5726/5261/631 5729/5265/630 5728/5266/630
f 5726/5261/631 5727/5264/631 5730/5267/630 5729/5265/630
f 295/5250/68 2496/5268/68 5722/5259/632 2468/5251/632
f 2496/5268/68 2497/5269/68 5723/5260/632 5722/5259/632
f 2497/5269/68 2498/5270/68 5724/5263/632 5723/5260/632
f 2498/5270/68 296/5271/68 2471/5272/632 5724/5263/632
f 5724/5263/632 2471/5272/632 2470/5273/631 5727/5264/631
f 5727/5264/631 2470/5273/631 2469/5274/630 5730/5267/630
f 5730/5267/630 2469/5274/630 238/5275/22 2094/5276/22
f 5729/5265/630 5730/5267/630 2094/5276/22 2095/5277/22
f 5728/5266/630 5729/5265/630 2095/5277/22 2096/5278/22
f 2466/5253/630 5728/5266/630 2096/5278/22 239/5254/22
f 2467/5252/631 5725/5262/631 5728/5266/630 2466/5253/630
f 2468/5251/632 5722/5259/632 5725/5262/631 2467/5252/631
f 5731/5279/632 5732/5280/632 5735/5281/631 5734/5282/631
f 5732/5280/632 5733/5283/632 5736/5284/631 5735/5281/631
f 5734/5282/631 5735/5281/631 5738/5285/630 5737/5286/630
f 5735/5281/631 5736/5284/631 5739/5287/630 5738/5285/630
f 296/5271/68 2493/5288/68 5731/5279/632 2471/5272/632
f 2493/5288/68 2494/5289/68 5732/5280/632 5731/5279/632
f 2494/5289/68 2495/5290/68 5733/5283/632 5732/5280/632
f 2495/5290/68 297/5291/68 2474/5292/632 5733/5283/632
f 5733/5283/632 2474/5292/632 2473/5293/631 5736/5284/631
f 5736/5284/631 2473/5293/631 2472/5294/630 5739/5287/630
f 5739/5287/630 2472/5294/630 237/5295/22 2091/5296/22
f 5738/5285/630 5739/5287/630 2091/5296/22 2092/5297/22
f 5737/5286/630 5738/5285/630 2092/5297/22 2093/5298/22
f 2469/5274/630 5737/5286/630 2093/5298/22 238/5275/22
f 2470/5273/631 5734/5282/631 5737/5286/630 2469/5274/630
f 2471/5272/632 5731/5279/632 5734/5282/631 2470/5273/631
f 6118/6104/453 6119/6105/453 6122/6106/452 6121/6107/452
f 6119/6105/453 6120/6108/453 6123/6109/452 6122/6106/452
f 6121/6107/452 6122/6106/452 6125/6110/451 6124/6111/451
f 6122/6106/452 6123/6109/452 6126/6112/451 6125/6110/451
f 235/6113/21 2085/6114/21 6118/6104/453 2153/6115/453
f 2085/6114/21 2086/6116/21 6119/6105/453 6118/6104/453
f 2086/6116/21 2087/6117/21 6120/6108/453 6119/6105/453
f 2087/6117/21 236/6118/21 2156/6119/453 6120/6108/453
f 6120/6108/453 2156/6119/453 2155/6120/452 6123/6109/452
f 6123/6109/452 2155/6120/452 2154/6121/451 6126/6112/451
f 6126/6112/451 2154/6121/451 281/6122/54 2405/6123/54
f 6125/6110/451 6126/6112/451 2405/6123/54 2404/6124/54
f 6124/6111/451 6125/6110/451 2404/6124/54 2403/6125/54
f 2151/6126/451 6124/6111/451 2403/6125/54 280/6127/54
f 2152/6128/452 6121/6107/452 6124/6111/451 2151/6126/451
f 2153/6115/453 6118/6104/453 6121/6107/452 2152/6128/452
f 6127/6129/453 6128/6130/453 6131/6131/452 6130/6132/452
f 6128/6130/453 6129/6133/453 6132/6134/452 6131/6131/452
f 6130/6132/452 6131/6131/452 6134/6135/451 6133/6136/451
f 6131/6131/452 6132/6134/452 6135/6137/451 6134/6135/451
f 234/6138/21 2082/6139/21 6127/6129/453 2150/6140/453
f 2082/6139/21 2083/6141/21 6128/6130/453 6127/6129/453
f 2083/6141/21 2084/6142/21 6129/6133/453 6128/6130/453
f 2084/6142/21 235/6113/21 2153/6115/453 6129/6133/453
f 6129/6133/453 2153/6115/453 2152/6128/452 6132/6134/452
f 6132/6134/452 2152/6128/452 2151/6126/451 6135/6137/451
f 6135/6137/451 2151/6126/451 280/6127/54 2408/6143/54
f 6134/6135/451 6135/6137/451 2408/6143/54 2407/6144/54
f 6133/6136/451 6134/6135/451 2407/6144/54 2406/6145/54
f 2148/6146/451 6133/6136/451 2406/6145/54 279/6147/54
f 2149/6148/452 6130/6132/452 6133/6136/451 2148/6146/451
f 2150/6140/453 6127/6129/453 6130/6132/452 2149/6148/452
f 6136/6149/453 6137/6150/453 6140/6151/452 6139/6152/452
f 6137/6150/453 6138/6153/453 6141/6154/452 6140/6151/452
f 6139/6152/452 6140/6151/452 6143/6155/451 6142/6156/451
f 6140/6151/452 6141/6154/452 6144/6157/451 6143/6155/451
f 373/1416/21 2079/6158/21 6136/6149/453 1637/6159/453
f 2079/6158/21 2080/6160/21 6137/6150/453 6136/6149/453
f 2080/6160/21 2081/6161/21 6138/6153/453 6137/6150/453
f 2081/6161/21 234/6138/21 2150/6140/453 6138/6153/453
f 6138/6153/453 2150/6140/453 2149/6148/452 6141/6154/452
f 6141/6154/452 2149/6148/452 2148/6146/451 6144/6157/451
f 6144/6157/451 2148/6146/451 279/6147/54 2411/6162/54
f 6143/6155/451 6144/6157/451 2411/6162/54 2410/6163/54
f 6142/6156/451 6143/6155/451 2410/6163/54 2409/6164/54
f 1635/1420/451 6142/6156/451 2409/6164/54 384/6165/54
f 1636/6166/452 6139/6152/452 6142/6156/451 1635/1420/451
f 1637/6159/453 6136/6149/453 6139/6152/452 1636/6166/452
f 6190/6269/3867 6191/6270/3868 6194/6271/3871 6193/6272/3870
f 6191/6270/3868 6192/6273/3869 6195/6274/3872 6194/6271/3871
f 6193/6272/3870 6194/6271/3871 6197/6275/3874 6196/6276/3873
f 6194/6271/3871 6195/6274/3872 6198/6277/3875 6197/6275/3874
f 434/6278/312 2007/6279/1374 6190/6269/3867 3035/6280/2011
f 2007/6279/1374 2008/6281/1375 6191/6270/3868 6190/6269/3867
f 2008/6281/1375 2009/6282/1376 6192/6273/3869 6191/6270/3868
f 2009/6282/1376 213/6283/166 2364/6284/1522 6192/6273/3869
f 6192/6273/3869 2364/6284/1522 2365/6285/1523 6195/6274/3872
f 6195/6274/3872 2365/6285/1523 2366/6286/1524 6198/6277/3875
f 6198/6277/3875 2366/6286/1524 274/6287/192 2426/6288/1564
f 6197/6275/3874 6198/6277/3875 2426/6288/1564 2425/6289/1563
f 6196/6276/3873 6197/6275/3874 2425/6289/1563 2424/6290/1562
f 3033/6291/2009 6196/6276/3873 2424/6290/1562 448/6292/325
f 3034/6293/2010 6193/6272/3870 6196/6276/3873 3033/6291/2009
f 3035/6280/2011 6190/6269/3867 6193/6272/3870 3034/6293/2010
f 6271/6467/68 6272/6468/68 6275/6469/68 6274/6470/68
f 6272/6468/68 6273/6471/68 6276/6472/68 6275/6469/68
f 6274/6470/68 6275/6469/68 6278/6473/68 6277/6474/68
f 6275/6469/68 6276/6472/68 6279/6475/68 6278/6473/68
f 325/6476/68 2658/6477/68 6271/6467/68 2603/6478/68
f 2658/6477/68 2659/6479/68 6272/6468/68 6271/6467/68
f 2659/6479/68 2660/6480/68 6273/6471/68 6272/6468/68
f 2660/6480/68 326/6481/68 2606/6482/68 6273/6471/68
f 6273/6471/68 2606/6482/68 2605/6483/68 6276/6472/68
f 6276/6472/68 2605/6483/68 2604/6484/68 6279/6475/68
f 6279/6475/68 2604/6484/68 297/5291/68 2495/5290/68
f 6278/6473/68 6279/6475/68 2495/5290/68 2494/5289/68
f 6277/6474/68 6278/6473/68 2494/5289/68 2493/5288/68
f 2601/6485/68 6277/6474/68 2493/5288/68 296/5271/68
f 2602/6486/68 6274/6470/68 6277/6474/68 2601/6485/68
f 2603/6478/68 6271/6467/68 6274/6470/68 2602/6486/68
f 6280/6487/68 6281/6488/68 6284/6489/68 6283/6490/68
f 6281/6488/68 6282/6491/68 6285/6492/68 6284/6489/68
f 6283/6490/68 6284/6489/68 6287/6493/68 6286/6494/68
f 6284/6489/68 6285/6492/68 6288/6495/68 6287/6493/68
f 324/6496/68 2655/6497/68 6280/6487/68 2600/6498/68
f 2655/6497/68 2656/6499/68 6281/6488/68 6280/6487/68
f 2656/6499/68 2657/6500/68 6282/6491/68 6281/6488/68
f 2657/6500/68 325/6476/68 2603/6478/68 6282/6491/68
f 6282/6491/68 2603/6478/68 2602/6486/68 6285/6492/68
f 6285/6492/68 2602/6486/68 2601/6485/68 6288/6495/68
f 6288/6495/68 2601/6485/68 296/5271/68 2498/5270/68
f 6287/6493/68 6288/6495/68 2498/5270/68 2497/5269/68
f 6286/6494/68 6287/6493/68 2497/5269/68 2496/5268/68
f 2598/6501/68 6286/6494/68 2496/5268/68 295/5250/68
f 2599/6502/68 6283/6490/68 6286/6494/68 2598/6501/68
f 2600/6498/68 6280/6487/68 6283/6490/68 2599/6502/68
f 6289/6503/68 6290/6504/68 6293/6505/68 6292/6506/68
f 6290/6504/68 6291/6507/68 6294/6508/68 6293/6505/68
f 6292/6506/68 6293/6505/68 6296/6509/68 6295/6510/68
f 6293/6505/68 6294/6508/68 6297/6511/68 6296/6509/68
f 400/6512/68 2652/6513/68 6289/6503/68 1631/1776/68
f 2652/6513/68 2653/6514/68 6290/6504/68 6289/6503/68
f 2653/6514/68 2654/6515/68 6291/6507/68 6290/6504/68
f 2654/6515/68 324/6496/68 2600/6498/68 6291/6507/68
f 6291/6507/68 2600/6498/68 2599/6502/68 6294/6508/68
f 6294/6508/68 2599/6502/68 2598/6501/68 6297/6511/68
f 6297/6511/68 2598/6501/68 295/5250/68 2501/5249/68
f 6296/6509/68 6297/6511/68 2501/5249/68 2500/5248/68
f 6295/6510/68 6296/6509/68 2500/5248/68 2499/5246/68
f 1629/1779/68 6295/6510/68 2499/5246/68 386/5245/68
f 1630/6516/68 6292/6506/68 6295/6510/68 1629/1779/68
f 1631/1776/68 6289/6503/68 6292/6506/68 1630/6516/68
f 6334/6611/1707 6335/6612/1613 6338/6613/1613 6337/6614/1707
f 6335/6612/1613 6336/6615/1614 6339/6616/1614 6338/6613/1613
f 6337/6614/1707 6338/6613/1613 6341/6617/1613 6340/6618/1707
f 6338/6613/1613 6339/6616/1614 6342/6619/1614 6341/6617/1613
f 452/6620/327 2643/6621/1707 6334/6611/1707 3029/6622/327
f 2643/6621/1707 2644/6623/1613 6335/6612/1613 6334/6611/1707
f 2644/6623/1613 2645/6624/1614 6336/6615/1614 6335/6612/1613
f 2645/6624/1614 319/6625/203 2445/6626/203 6336/6615/1614
f 6336/6615/1614 2445/6626/203 2446/6627/203 6339/6616/1614
f 6339/6616/1614 2446/6627/203 2447/6628/203 6342/6619/1614
f 6342/6619/1614 2447/6628/203 288/6629/203 2516/6630/1614
f 6341/6617/1613 6342/6619/1614 2516/6630/1614 2515/6631/1613
f 6340/6618/1707 6341/6617/1613 2515/6631/1613 2514/6632/1612
f 3027/6633/327 6340/6618/1707 2514/6632/1612 450/6634/327
f 3028/6635/327 6337/6614/1707 6340/6618/1707 3027/6633/327
f 3029/6622/327 6334/6611/1707 6337/6614/1707 3028/6635/327
f 6559/7078/1707 6560/7079/1613 6563/7080/1613 6562/7081/1707
f 6560/7079/1613 6561/7082/1614 6564/7083/1614 6563/7080/1613
f 6562/7081/1707 6563/7080/1613 6566/7084/1613 6565/7085/1707
f 6563/7080/1613 6564/7083/1614 6567/7086/1614 6566/7084/1613
f 454/7087/327 2694/7088/1707 6559/7078/1707 3143/7089/327
f 2694/7088/1707 2695/7090/1613 6560/7079/1613 6559/7078/1707
f 2695/7090/1613 2696/7091/1614 6561/7082/1614 6560/7079/1613
f 2696/7091/1614 336/7092/203 3123/7093/203 6561/7082/1614
f 6561/7082/1614 3123/7093/203 3124/7094/203 6564/7083/1614
f 6564/7083/1614 3124/7094/203 3125/7095/203 6567/7086/1614
f 6567/7086/1614 3125/7095/203 319/6625/203 2645/6624/1614
f 6566/7084/1613 6567/7086/1614 2645/6624/1614 2644/6623/1613
f 6565/7085/1707 6566/7084/1613 2644/6623/1613 2643/6621/1707
f 3141/7096/327 6565/7085/1707 2643/6621/1707 452/6620/327
f 3142/7097/327 6562/7081/1707 6565/7085/1707 3141/7096/327
f 3143/7089/327 6559/7078/1707 6562/7081/1707 3142/7097/327
f 6586/7138/68 6587/7139/68 6590/7140/68 6589/7141/68
f 6587/7139/68 6588/7142/68 6591/7143/68 6590/7140/68
f 6589/7141/68 6590/7140/68 6593/7144/68 6592/7145/68
f 6590/7140/68 6591/7143/68 6594/7146/68 6593/7144/68
f 401/7147/68 2685/7148/68 6586/7138/68 1877/7149/68
f 2685/7148/68 2686/7150/68 6587/7139/68 6586/7138/68
f 2686/7150/68 2687/7151/68 6588/7142/68 6587/7139/68
f 2687/7151/68 331/7152/68 3092/7153/68 6588/7142/68
f 6588/7142/68 3092/7153/68 3091/7154/68 6591/7143/68
f 6591/7143/68 3091/7154/68 3090/7155/68 6594/7146/68
f 6594/7146/68 3090/7155/68 324/6496/68 2654/6515/68
f 6593/7144/68 6594/7146/68 2654/6515/68 2653/6514/68
f 6592/7145/68 6593/7144/68 2653/6514/68 2652/6513/68
f 1875/7156/68 6592/7145/68 2652/6513/68 400/6512/68
f 1876/7157/68 6589/7141/68 6592/7145/68 1875/7156/68
f 1877/7149/68 6586/7138/68 6589/7141/68 1876/7157/68
f 6595/7158/68 6596/7159/68 6599/7160/68 6598/7161/68
f 6596/7159/68 6597/7162/68 6600/7163/68 6599/7160/68
f 6598/7161/68 6599/7160/68 6602/7164/68 6601/7165/68
f 6599/7160/68 6600/7163/68 6603/7166/68 6602/7164/68
f 331/7152/68 2682/7167/68 6595/7158/68 3092/7153/68
f 2682/7167/68 2683/7168/68 6596/7159/68 6595/7158/68
f 2683/7168/68 2684/7169/68 6597/7162/68 6596/7159/68
f 2684/7169/68 332/7170/68 3095/7171/68 6597/7162/68
f 6597/7162/68 3095/7171/68 3094/7172/68 6600/7163/68
f 6600/7163/68 3094/7172/68 3093/7173/68 6603/7166/68
f 6603/7166/68 3093/7173/68 325/6476/68 2657/6500/68
f 6602/7164/68 6603/7166/68 2657/6500/68 2656/6499/68
f 6601/7165/68 6602/7164/68 2656/6499/68 2655/6497/68
f 3090/7155/68 6601/7165/68 2655/6497/68 324/6496/68
f 3091/7154/68 6598/7161/68 6601/7165/68 3090/7155/68
f 3092/7153/68 6595/7158/68 6598/7161/68 3091/7154/68
f 6604/7174/68 6605/7175/68 6608/7176/68 6607/7177/68
f 6605/7175/68 6606/7178/68 6609/7179/68 6608/7176/68
f 6607/7177/68 6608/7176/68 6611/7180/68 6610/7181/68
f 6608/7176/68 6609/7179/68 6612/7182/68 6611/7180/68
f 332/7170/68 3102/7183/68 6604/7174/68 3095/7171/68
f 3102/7183/68 3103/7184/68 6605/7175/68 6604/7174/68
f 3103/7184/68 3104/7185/68 6606/7178/68 6605/7175/68
f 3104/7185/68 302/7186/68 2528/7187/68 6606/7178/68
f 6606/7178/68 2528/7187/68 2527/7188/68 6609/7179/68
f 6609/7179/68 2527/7188/68 2526/7189/68 6612/7182/68
f 6612/7182/68 2526/7189/68 326/6481/68 2660/6480/68
f 6611/7180/68 6612/7182/68 2660/6480/68 2659/6479/68
f 6610/7181/68 6611/7180/68 2659/6479/68 2658/6477/68
f 3093/7173/68 6610/7181/68 2658/6477/68 325/6476/68
f 3094/7172/68 6607/7177/68 6610/7181/68 3093/7173/68
f 3095/7171/68 6604/7174/68 6607/7177/68 3094/7172/68
f 6631/7224/68 6632/7225/68 6635/7226/68 6634/7227/68
f 6632/7225/68 6633/7228/68 6636/7229/68 6635/7226/68
f 6634/7227/68 6635/7226/68 6638/7230/68 6637/7231/68
f 6635/7226/68 6636/7229/68 6639/7232/68 6638/7230/68
f 280/6127/54 2403/6125/54 6631/7224/68 2384/7233/68
f 2403/6125/54 2404/6124/54 6632/7225/68 6631/7224/68
f 2404/6124/54 2405/6123/54 6633/7228/68 6632/7225/68
f 2405/6123/54 281/6122/54 3089/7234/68 6633/7228/68
f 6633/7228/68 3089/7234/68 3088/7235/68 6636/7229/68
f 6636/7229/68 3088/7235/68 3087/7236/68 6639/7232/68
f 6639/7232/68 3087/7236/68 302/7186/68 3104/7185/68
f 6638/7230/68 6639/7232/68 3104/7185/68 3103/7184/68
f 6637/7231/68 6638/7230/68 3103/7184/68 3102/7183/68
f 2382/7237/68 6637/7231/68 3102/7183/68 332/7170/68
f 2383/7238/68 6634/7227/68 6637/7231/68 2382/7237/68
f 2384/7233/68 6631/7224/68 6634/7227/68 2383/7238/68
f 6640/7239/68 6641/7240/68 6644/7241/68 6643/7242/68
f 6641/7240/68 6642/7243/68 6645/7244/68 6644/7241/68
f 6643/7242/68 6644/7241/68 6647/7245/68 6646/7246/68
f 6644/7241/68 6645/7244/68 6648/7247/68 6647/7245/68
f 279/6147/54 2406/6145/54 6640/7239/68 2381/7248/68
f 2406/6145/54 2407/6144/54 6641/7240/68 6640/7239/68
f 2407/6144/54 2408/6143/54 6642/7243/68 6641/7240/68
f 2408/6143/54 280/6127/54 2384/7233/68 6642/7243/68
f 6642/7243/68 2384/7233/68 2383/7238/68 6645/7244/68
f 6645/7244/68 2383/7238/68 2382/7237/68 6648/7247/68
f 6648/7247/68 2382/7237/68 332/7170/68 2684/7169/68
f 6647/7245/68 6648/7247/68 2684/7169/68 2683/7168/68
f 6646/7246/68 6647/7245/68 2683/7168/68 2682/7167/68
f 2379/7249/68 6646/7246/68 2682/7167/68 331/7152/68
f 2380/7250/68 6643/7242/68 6646/7246/68 2379/7249/68
f 2381/7248/68 6640/7239/68 6643/7242/68 2380/7250/68
f 6649/7251/68 6650/7252/68 6653/7253/68 6652/7254/68
f 6650/7252/68 6651/7255/68 6654/7256/68 6653/7253/68
f 6652/7254/68 6653/7253/68 6656/7257/68 6655/7258/68
f 6653/7253/68 6654/7256/68 6657/7259/68 6656/7257/68
f 384/6165/54 2409/6164/54 6649/7251/68 1589/7260/68
f 2409/6164/54 2410/6163/54 6650/7252/68 6649/7251/68
f 2410/6163/54 2411/6162/54 6651/7255/68 6650/7252/68
f 2411/6162/54 279/6147/54 2381/7248/68 6651/7255/68
f 6651/7255/68 2381/7248/68 2380/7250/68 6654/7256/68
f 6654/7256/68 2380/7250/68 2379/7249/68 6657/7259/68
f 6657/7259/68 2379/7249/68 331/7152/68 2687/7151/68
f 6656/7257/68 6657/7259/68 2687/7151/68 2686/7150/68
f 6655/7258/68 6656/7257/68 2686/7150/68 2685/7148/68
f 1587/7261/68 6655/7258/68 2685/7148/68 401/7147/68
f 1588/7262/68 6652/7254/68 6655/7258/68 1587/7261/68
f 1589/7260/68 6649/7251/68 6652/7254/68 1588/7262/68
f 6703/7349/1707 6704/7350/1613 6707/7351/1613 6706/7352/1707
f 6704/7350/1613 6705/7353/1614 6708/7354/1614 6707/7351/1613
f 6706/7352/1707 6707/7351/1613 6710/7355/1613 6709/7356/1707
f 6707/7351/1613 6708/7354/1614 6711/7357/1614 6710/7355/1613
f 448/7358/325 2424/7359/1562 6703/7349/1707 3017/7360/327
f 2424/7359/1562 2425/7361/1563 6704/7350/1613 6703/7349/1707
f 2425/7361/1563 2426/7362/1564 6705/7353/1614 6704/7350/1613
f 2426/7362/1564 274/7363/192 2670/7364/203 6705/7353/1614
f 6705/7353/1614 2670/7364/203 2671/7365/203 6708/7354/1614
f 6708/7354/1614 2671/7365/203 2672/7366/203 6711/7357/1614
f 6711/7357/1614 2672/7366/203 336/7092/203 2696/7091/1614
f 6710/7355/1613 6711/7357/1614 2696/7091/1614 2695/7090/1613
f 6709/7356/1707 6710/7355/1613 2695/7090/1613 2694/7088/1707
f 3015/7367/327 6709/7356/1707 2694/7088/1707 454/7087/327
f 3016/7368/327 6706/7352/1707 6709/7356/1707 3015/7367/327
f 3017/7360/327 6703/7349/1707 6706/7352/1707 3016/7368/327
f 7189/8431/68 7190/8432/68 7193/8433/68 7192/8434/68
f 7190/8432/68 7191/8435/68 7194/8436/68 7193/8433/68
f 7192/8434/68 7193/8433/68 7196/8437/68 7195/8438/68
f 7193/8433/68 7194/8436/68 7197/8439/68 7196/8437/68
f 281/6122/54 2997/8440/54 7189/8431/68 3089/7234/68
f 2997/8440/54 2998/8441/54 7190/8432/68 7189/8431/68
f 2998/8441/54 2999/8442/54 7191/8435/68 7190/8432/68
f 2999/8442/54 448/7358/325 3017/7360/327 7191/8435/68
f 7191/8435/68 3017/7360/327 3016/7368/327 7194/8436/68
f 7194/8436/68 3016/7368/327 3015/7367/327 7197/8439/68
f 7197/8439/68 3015/7367/327 454/7087/327 3140/8443/68
f 7196/8437/68 7197/8439/68 3140/8443/68 3139/8444/68
f 7195/8438/68 7196/8437/68 3139/8444/68 3138/8445/68
f 3087/7236/68 7195/8438/68 3138/8445/68 302/7186/68
f 3088/7235/68 7192/8434/68 7195/8438/68 3087/7236/68
f 3089/7234/68 7189/8431/68 7192/8434/68 3088/7235/68
f 7216/8480/68 7217/8481/68 7220/8482/68 7219/8483/68
f 7217/8481/68 7218/8484/68 7221/8485/68 7220/8482/68
f 7219/8483/68 7220/8482/68 7223/8486/68 7222/8487/68
f 7220/8482/68 7221/8485/68 7224/8488/68 7223/8486/68
f 302/7186/68 3138/8445/68 7216/8480/68 2528/7187/68
f 3138/8445/68 3139/8444/68 7217/8481/68 7216/8480/68
f 3139/8444/68 3140/8443/68 7218/8484/68 7217/8481/68
f 3140/8443/68 454/7087/327 3143/7089/327 7218/8484/68
f 7218/8484/68 3143/7089/327 3142/7097/327 7221/8485/68
f 7221/8485/68 3142/7097/327 3141/7096/327 7224/8488/68
f 7224/8488/68 3141/7096/327 452/6620/327 3011/8489/68
f 7223/8486/68 7224/8488/68 3011/8489/68 3010/8490/68
f 7222/8487/68 7223/8486/68 3010/8490/68 3009/8491/68
f 2526/7189/68 7222/8487/68 3009/8491/68 326/6481/68
f 2527/7188/68 7219/8483/68 7222/8487/68 2526/7189/68
f 2528/7187/68 7216/8480/68 7219/8483/68 2527/7188/68
f 7232/8511/68 7233/8512/68 7236/8513/68 7235/8514/68
f 7233/8512/68 7234/8515/68 7237/8516/68 7236/8513/68
f 7235/8514/68 7236/8513/68 7239/8517/68 7238/8518/68
f 7236/8513/68 7237/8516/68 7240/8519/68 7239/8517/68
f 326/6481/68 3009/8491/68 7232/8511/68 2606/6482/68
f 3009/8491/68 3010/8490/68 7233/8512/68 7232/8511/68
f 3010/8490/68 3011/8489/68 7234/8515/68 7233/8512/68
f 3011/8489/68 452/6620/327 3029/6622/327 7234/8515/68
f 7234/8515/68 3029/6622/327 3028/6635/327 7237/8516/68
f 7237/8516/68 3028/6635/327 3027/6633/327 7240/8519/68
f 7240/8519/68 3027/6633/327 450/6634/327 3005/8520/68
f 7239/8517/68 7240/8519/68 3005/8520/68 3004/8521/68
f 7238/8518/68 7239/8517/68 3004/8521/68 3003/8522/68
f 2604/6484/68 7238/8518/68 3003/8522/68 297/5291/68
f 2605/6483/68 7235/8514/68 7238/8518/68 2604/6484/68
f 2606/6482/68 7232/8511/68 7235/8514/68 2605/6483/68
f 7250/8540/453 7251/8541/453 7254/8542/452 7253/8543/452
f 7251/8541/453 7252/8544/453 7255/8545/452 7254/8542/452
f 7253/8543/452 7254/8542/452 7257/8546/451 7256/8547/451
f 7254/8542/452 7255/8545/452 7258/8548/451 7257/8546/451
f 236/6118/21 2955/8549/21 7250/8540/453 2156/6119/453
f 2955/8549/21 2956/8550/21 7251/8541/453 7250/8540/453
f 2956/8550/21 2957/8551/21 7252/8544/453 7251/8541/453
f 2957/8551/21 434/8552/312 3035/8553/2011 7252/8544/453
f 7252/8544/453 3035/8553/2011 3034/8554/2010 7255/8545/452
f 7255/8545/452 3034/8554/2010 3033/8555/2009 7258/8548/451
f 7258/8548/451 3033/8555/2009 448/7358/325 2999/8442/54
f 7257/8546/451 7258/8548/451 2999/8442/54 2998/8441/54
f 7256/8547/451 7257/8546/451 2998/8441/54 2997/8440/54
f 2154/6121/451 7256/8547/451 2997/8440/54 281/6122/54
f 2155/6120/452 7253/8543/452 7256/8547/451 2154/6121/451
f 2156/6119/453 7250/8540/453 7253/8543/452 2155/6120/452
f 7385/8792/632 7386/8793/632 7389/8794/631 7388/8795/631
f 7386/8793/632 7387/8796/632 7390/8797/631 7389/8794/631
f 7388/8795/631 7389/8794/631 7392/8798/630 7391/8799/630
f 7389/8794/631 7390/8797/631 7393/8800/630 7392/8798/630
f 297/5291/68 3003/8522/68 7385/8792/632 2474/5292/632
f 3003/8522/68 3004/8521/68 7386/8793/632 7385/8792/632
f 3004/8521/68 3005/8520/68 7387/8796/632 7386/8793/632
f 3005/8520/68 450/6634/327 3080/8801/2051 7387/8796/632
f 7387/8796/632 3080/8801/2051 3079/8802/2050 7390/8797/631
f 7390/8797/631 3079/8802/2050 3078/8803/2049 7393/8800/630
f 7393/8800/630 3078/8803/2049 439/4918/316 2088/8804/22
f 7392/8798/630 7393/8800/630 2088/8804/22 2089/8805/22
f 7391/8799/630 7392/8798/630 2089/8805/22 2090/8806/22
f 2472/5294/630 7391/8799/630 2090/8806/22 237/5295/22
f 2473/5293/631 7388/8795/631 7391/8799/630 2472/5294/630
f 2474/5292/632 7385/8792/632 7388/8795/631 2473/5293/631
usemtl base
f 3303/1/2168 3304/2/2169 3307/3/2172 3306/4/2171
f 3304/2/2169 3305/5/2170 3308/6/2173 3307/3/2172
f 3306/4/2171 3307/3/2172 3310/7/2175 3309/8/2174
f 3307/3/2172 3308/6/2173 3311/9/2176 3310/7/2175
f 174/10/133 1700/11/1207 3303/1/2168 1821/12/481
f 1700/11/1207 1699/13/1206 3304/2/2169 3303/1/2168
f 1699/13/1206 1698/14/1205 3305/5/2170 3304/2/2169
f 1698/14/1205 2/15/2 498/16/367 3305/5/2170
f 3305/5/2170 498/16/367 499/17/368 3308/6/2173
f 3308/6/2173 499/17/368 500/18/369 3311/9/2176
f 3311/9/2176 500/18/369 6/19/6 1704/20/1211
f 3310/7/2175 3311/9/2176 1704/20/1211 1705/21/1212
f 3309/8/2174 3310/7/2175 1705/21/1212 1706/22/1213
f 1823/23/483 3309/8/2174 1706/22/1213 176/24/20
f 1822/25/482 3306/4/2171 3309/8/2174 1823/23/483
f 1821/12/481 3303/1/2168 3306/4/2171 1822/25/482
f 3312/26/2177 3313/27/2178 3316/28/2181 3315/29/2180
f 3313/27/2178 3314/30/2179 3317/31/2182 3316/28/2181
f 3315/29/2180 3316/28/2181 3319/32/2184 3318/33/2183
f 3316/28/2181 3317/31/2182 3320/34/2185 3319/32/2184
f 206/35/159 1976/36/1343 3312/26/2177 1818/37/1296
f 1976/36/1343 1975/38/1342 3313/27/2178 3312/26/2177
f 1975/38/1342 1974/39/1341 3314/30/2179 3313/27/2178
f 1974/39/1341 193/40/149 489/41/358 3314/30/2179
f 3314/30/2179 489/41/358 490/42/359 3317/31/2182
f 3317/31/2182 490/42/359 491/43/360 3320/34/2185
f 3320/34/2185 491/43/360 3/44/3 482/45/351
f 3319/32/2184 3320/34/2185 482/45/351 481/46/350
f 3318/33/2183 3319/32/2184 481/46/350 480/47/349
f 1820/48/1298 3318/33/2183 480/47/349 170/49/130
f 1819/50/1297 3315/29/2180 3318/33/2183 1820/48/1298
f 1818/37/1296 3312/26/2177 3315/29/2180 1819/50/1297
f 3321/51/2186 3322/52/2187 3325/53/2190 3324/54/2189
f 3322/52/2187 3323/55/2188 3326/56/2191 3325/53/2190
f 3324/54/2189 3325/53/2190 3328/57/2193 3327/58/2192
f 3325/53/2190 3326/56/2191 3329/59/2194 3328/57/2193
f 202/60/156 1973/61/1340 3321/51/2186 1014/62/662
f 1973/61/1340 1972/63/1339 3322/52/2187 3321/51/2186
f 1972/63/1339 1971/64/1338 3323/55/2188 3322/52/2187
f 1971/64/1338 200/65/154 1907/66/1317 3323/55/2188
f 3323/55/2188 1907/66/1317 1906/67/1316 3326/56/2191
f 3326/56/2191 1906/67/1316 1905/68/1315 3329/59/2194
f 3329/59/2194 1905/68/1315 4/69/4 485/70/354
f 3328/57/2193 3329/59/2194 485/70/354 484/71/353
f 3327/58/2192 3328/57/2193 484/71/353 483/72/352
f 1016/73/664 3327/58/2192 483/72/352 80/74/59
f 1015/75/663 3324/54/2189 3327/58/2192 1016/73/664
f 1014/62/662 3321/51/2186 3324/54/2189 1015/75/663
f 3330/76/2195 3331/77/2196 3334/78/2199 3333/79/2198
f 3331/77/2196 3332/80/2197 3335/81/2200 3334/78/2199
f 3333/79/2198 3334/78/2199 3337/82/2202 3336/83/2201
f 3334/78/2199 3335/81/2200 3338/84/2203 3337/82/2202
f 76/85/55 884/86/583 3330/76/2195 927/87/612
f 884/86/583 883/88/582 3331/77/2196 3330/76/2195
f 883/88/582 882/89/581 3332/80/2197 3331/77/2196
f 882/89/581 41/90/30 510/91/379 3332/80/2197
f 3332/80/2197 510/91/379 511/92/380 3335/81/2200
f 3335/81/2200 511/92/380 512/93/381 3338/84/2203
f 3338/84/2203 512/93/381 7/94/7 861/95/566
f 3337/82/2202 3338/84/2203 861/95/566 862/96/567
f 3336/83/2201 3337/82/2202 862/96/567 863/97/568
f 929/98/614 3336/83/2201 863/97/568 68/99/49
f 928/100/613 3333/79/2198 3336/83/2201 929/98/614
f 927/87/612 3330/76/2195 3333/79/2198 928/100/613
f 3339/101/2204 3340/102/2205 3343/103/2208 3342/104/2207
f 3340/102/2205 3341/105/2206 3344/106/2209 3343/103/2208
f 3342/104/2207 3343/103/2208 3346/107/2211 3345/108/2210
f 3343/103/2208 3344/106/2209 3347/109/2212 3346/107/2211
f 65/110/46 854/111/559 3339/101/2204 924/112/609
f 854/111/559 853/113/558 3340/102/2205 3339/101/2204
f 853/113/558 852/114/557 3341/105/2206 3340/102/2205
f 852/114/557 1/115/1 503/116/372 3341/105/2206
f 3341/105/2206 503/116/372 502/117/371 3344/106/2209
f 3344/106/2209 502/117/371 501/118/370 3347/109/2212
f 3347/109/2212 501/118/370 5/119/5 858/120/563
f 3346/107/2211 3347/109/2212 858/120/563 859/121/564
f 3345/108/2210 3346/107/2211 859/121/564 860/122/565
f 926/123/611 3345/108/2210 860/122/565 67/124/48
f 925/125/610 3342/104/2207 3345/108/2210 926/123/611
f 924/112/609 3339/101/2204 3342/104/2207 925/125/610
f 3357/151/2222 3358/152/2223 3361/153/2226 3360/154/2225
f 3358/152/2223 3359/155/2224 3362/156/2227 3361/153/2226
f 3360/154/2225 3361/153/2226 3364/157/2229 3363/158/2228
f 3361/153/2226 3362/156/2227 3365/159/2230 3364/157/2229
f 180/160/138 1718/161/1222 3357/151/2222 1812/162/1290
f 1718/161/1222 1717/163/1221 3358/152/2223 3357/151/2222
f 1717/163/1221 1716/164/1220 3359/155/2224 3358/152/2223
f 1716/164/1220 42/165/31 713/166/501 3359/155/2224
f 3359/155/2224 713/166/501 712/167/500 3362/156/2227
f 3362/156/2227 712/167/500 711/168/499 3365/159/2230
f 3365/159/2230 711/168/499 8/169/8 1707/170/1214
f 3364/157/2229 3365/159/2230 1707/170/1214 1708/171/1215
f 3363/158/2228 3364/157/2229 1708/171/1215 1709/172/1216
f 1814/173/1292 3363/158/2228 1709/172/1216 177/174/135
f 1813/175/1291 3360/154/2225 3363/158/2228 1814/173/1292
f 1812/162/1290 3357/151/2222 3360/154/2225 1813/175/1291
f 3366/176/2231 3367/177/2232 3370/178/2235 3369/179/2234
f 3367/177/2232 3368/180/2233 3371/181/2236 3370/178/2235
f 3369/179/2234 3370/178/2235 3373/182/2238 3372/183/2237
f 3370/178/2235 3371/181/2236 3374/184/2239 3373/182/2238
f 187/185/145 1739/186/1234 3366/176/2231 1809/187/1287
f 1739/186/1234 1738/188/1233 3367/177/2232 3366/176/2231
f 1738/188/1233 1737/189/1232 3368/180/2233 3367/177/2232
f 1737/189/1232 83/190/62 519/191/388 3368/180/2233
f 3368/180/2233 519/191/388 520/192/389 3371/181/2236
f 3371/181/2236 520/192/389 521/193/390 3374/184/2239
f 3374/184/2239 521/193/390 10/194/10 1710/195/1217
f 3373/182/2238 3374/184/2239 1710/195/1217 1711/196/1218
f 3372/183/2237 3373/182/2238 1711/196/1218 1712/197/1219
f 1811/198/1289 3372/183/2237 1712/197/1219 178/199/136
f 1810/200/1288 3369/179/2234 3372/183/2237 1811/198/1289
f 1809/187/1287 3366/176/2231 3369/179/2234 1810/200/1288
f 3375/201/2240 3376/202/2241 3379/203/2244 3378/204/2243
f 3376/202/2241 3377/205/2242 3380/206/2245 3379/203/2244
f 3378/204/2243 3379/203/2244 3382/207/2247 3381/208/2246
f 3379/203/2244 3380/206/2245 3383/209/2248 3382/207/2247
f 170/49/130 480/210/349 3375/201/2240 1806/211/1284
f 480/210/349 481/46/350 3376/202/2241 3375/201/2240
f 481/46/350 482/212/351 3377/205/2242 3376/202/2241
f 482/212/351 3/213/3 525/214/394 3377/205/2242
f 3377/205/2242 525/214/394 526/215/395 3380/206/2245
f 3380/206/2245 526/215/395 527/216/396 3383/209/2248
f 3383/209/2248 527/216/396 9/217/9 518/218/387
f 3382/207/2247 3383/209/2248 518/218/387 517/219/386
f 3381/208/2246 3382/207/2247 517/219/386 516/220/385
f 1808/221/1286 3381/208/2246 516/220/385 173/222/132
f 1807/223/1285 3378/204/2243 3381/208/2246 1808/221/1286
f 1806/211/1284 3375/201/2240 3378/204/2243 1807/223/1285
f 3384/224/2249 3385/225/2250 3388/226/2253 3387/227/2252
f 3385/225/2250 3386/228/2251 3389/229/2254 3388/226/2253
f 3387/227/2252 3388/226/2253 3391/230/2256 3390/231/2255
f 3388/226/2253 3389/229/2254 3392/232/2257 3391/230/2256
f 80/233/59 483/234/352 3384/224/2249 1005/235/653
f 483/234/352 484/71/353 3385/225/2250 3384/224/2249
f 484/71/353 485/70/354 3386/228/2251 3385/225/2250
f 485/70/354 4/69/4 524/236/393 3386/228/2251
f 3386/228/2251 524/236/393 523/237/392 3389/229/2254
f 3389/229/2254 523/237/392 522/238/391 3392/232/2257
f 3392/232/2257 522/238/391 10/194/10 521/239/390
f 3391/230/2256 3392/232/2257 521/239/390 520/240/389
f 3390/231/2255 3391/230/2256 520/240/389 519/191/388
f 1007/241/655 3390/231/2255 519/191/388 83/190/62
f 1006/242/654 3387/227/2252 3390/231/2255 1007/241/655
f 1005/235/653 3384/224/2249 3387/227/2252 1006/242/654
f 3393/243/2258 3394/244/2259 3397/245/2262 3396/246/2261
f 3394/244/2259 3395/247/2260 3398/248/2263 3397/245/2262
f 3396/246/2261 3397/245/2262 3400/249/2265 3399/250/2264
f 3397/245/2262 3398/248/2263 3401/251/2266 3400/249/2265
f 17/252/14 546/253/399 3393/243/2258 612/254/429
f 546/253/399 547/255/400 3394/244/2259 3393/243/2258
f 547/255/400 548/256/401 3395/247/2260 3394/244/2259
f 548/256/401 18/257/15 615/258/432 3395/247/2260
f 3395/247/2260 615/258/432 616/259/433 3398/248/2263
f 3398/248/2263 616/259/433 617/260/434 3401/251/2266
f 3401/251/2266 617/260/434 36/261/25 602/262/419
f 3400/249/2265 3401/251/2266 602/262/419 601/263/418
f 3399/250/2264 3400/249/2265 601/263/418 600/264/417
f 614/265/431 3399/250/2264 600/264/417 35/266/24
f 613/267/430 3396/246/2261 3399/250/2264 614/265/431
f 612/254/429 3393/243/2258 3396/246/2261 613/267/430
f 3402/268/2267 3403/269/2268 3406/270/2271 3405/271/2270
f 3403/269/2268 3404/272/2269 3407/273/2272 3406/270/2271
f 3405/271/2270 3406/270/2271 3409/274/2273 3408/275/1198
f 3406/270/2271 3407/273/2272 3410/276/2274 3409/274/2273
f 387/277/269 1427/278/990 3402/268/2267 1680/279/1196
f 1427/278/990 1426/280/989 3403/269/2268 3402/268/2267
f 1426/280/989 1425/281/988 3404/272/2269 3403/269/2268
f 1425/281/988 84/282/63 618/283/435 3404/272/2269
f 3404/272/2269 618/283/435 619/284/436 3407/273/2272
f 3407/273/2272 619/284/436 620/285/437 3410/276/2274
f 3410/276/2274 620/285/437 39/286/28 1410/287/981
f 3409/274/2273 3410/276/2274 1410/287/981 1411/288/265
f 3408/275/1198 3409/274/2273 1411/288/265 1412/289/265
f 1682/290/1198 3408/275/1198 1412/289/265 376/291/265
f 1681/292/1197 3405/271/2270 3408/275/1198 1682/290/1198
f 1680/279/1196 3402/268/2267 3405/271/2270 1681/292/1197
f 3411/293/2275 3412/294/2276 3415/295/2279 3414/296/2278
f 3412/294/2276 3413/297/2277 3416/298/2280 3415/295/2279
f 3414/296/2278 3415/295/2279 3418/299/2282 3417/300/2281
f 3415/295/2279 3416/298/2280 3419/301/2283 3418/299/2282
f 84/282/63 1004/302/652 3411/293/2275 618/283/435
f 1004/302/652 1003/303/651 3412/294/2276 3411/293/2275
f 1003/303/651 1002/304/650 3413/297/2277 3412/294/2276
f 1002/304/650 85/305/64 621/306/438 3413/297/2277
f 3413/297/2277 621/306/438 622/307/439 3416/298/2280
f 3416/298/2280 622/307/439 623/308/440 3419/301/2283
f 3419/301/2283 623/308/440 38/309/27 609/310/426
f 3418/299/2282 3419/301/2283 609/310/426 610/311/427
f 3417/300/2281 3418/299/2282 610/311/427 611/312/428
f 620/285/437 3417/300/2281 611/312/428 39/286/28
f 619/284/436 3414/296/2278 3417/300/2281 620/285/437
f 618/283/435 3411/293/2275 3414/296/2278 619/284/436
f 3420/313/2284 3421/314/2285 3424/315/2288 3423/316/2287
f 3421/314/2285 3422/317/2286 3425/318/2289 3424/315/2288
f 3423/316/2287 3424/315/2288 3427/319/2291 3426/320/2290
f 3424/315/2288 3425/318/2289 3428/321/2292 3427/319/2291
f 85/322/64 1001/323/649 3420/313/2284 621/324/438
f 1001/323/649 1000/325/648 3421/314/2285 3420/313/2284
f 1000/325/648 999/326/647 3422/317/2286 3421/314/2285
f 999/326/647 86/327/65 624/328/441 3422/317/2286
f 3422/317/2286 624/328/441 625/329/442 3425/318/2289
f 3425/318/2289 625/329/442 626/330/443 3428/321/2292
f 3428/321/2292 626/330/443 37/331/26 606/332/423
f 3427/319/2291 3428/321/2292 606/332/423 607/333/424
f 3426/320/2290 3427/319/2291 607/333/424 608/334/425
f 623/335/440 3426/320/2290 608/334/425 38/309/27
f 622/336/439 3423/316/2287 3426/320/2290 623/335/440
f 621/324/438 3420/313/2284 3423/316/2287 622/336/439
f 3429/337/444 3430/338/444 3433/339/445 3432/340/445
f 3430/338/444 3431/341/1442 3434/342/445 3433/339/445
f 3432/340/445 3433/339/445 3436/343/446 3435/344/446
f 3433/339/445 3434/342/445 3437/345/446 3436/343/446
f 179/346/137 1715/347/32 3429/337/444 1803/348/1281
f 1715/347/32 1714/349/32 3430/338/444 3429/337/444
f 1714/349/32 1713/350/32 3431/341/1442 3430/338/444
f 1713/350/32 43/351/32 627/352/444 3431/341/1442
f 3431/341/1442 627/352/444 628/353/445 3434/342/445
f 3434/342/445 628/353/445 629/354/446 3437/345/446
f 3437/345/446 629/354/446 30/355/21 1692/356/21
f 3436/343/446 3437/345/446 1692/356/21 1693/357/21
f 3435/344/446 3436/343/446 1693/357/21 1694/358/21
f 1805/359/1283 3435/344/446 1694/358/21 172/360/131
f 1804/361/1282 3432/340/445 3435/344/446 1805/359/1283
f 1803/348/1281 3429/337/444 3432/340/445 1804/361/1282
f 3438/362/444 3439/363/444 3442/364/445 3441/365/445
f 3439/363/444 3440/366/1442 3443/367/2293 3442/364/445
f 3441/365/445 3442/364/445 3445/368/446 3444/369/446
f 3442/364/445 3443/367/2293 3446/370/446 3445/368/446
f 43/351/32 746/371/32 3438/362/444 627/352/444
f 746/371/32 745/372/32 3439/363/444 3438/362/444
f 745/372/32 744/373/32 3440/366/1442 3439/363/444
f 744/373/32 44/374/32 630/375/444 3440/366/1442
f 3440/366/1442 630/375/444 631/376/445 3443/367/2293
f 3443/367/2293 631/376/445 632/377/446 3446/370/446
f 3446/370/446 632/377/446 29/378/21 582/379/21
f 3445/368/446 3446/370/446 582/379/21 583/380/21
f 3444/369/446 3445/368/446 583/380/21 584/381/21
f 629/354/446 3444/369/446 584/381/21 30/355/21
f 628/353/445 3441/365/445 3444/369/446 629/354/446
f 627/352/444 3438/362/444 3441/365/445 628/353/445
f 3447/382/444 3448/383/444 3451/384/445 3450/385/445
f 3448/383/444 3449/386/444 3452/387/445 3451/384/445
f 3450/385/445 3451/384/445 3454/388/446 3453/389/446
f 3451/384/445 3452/387/445 3455/390/446 3454/388/446
f 44/374/32 743/391/32 3447/382/444 630/375/444
f 743/391/32 742/392/32 3448/383/444 3447/382/444
f 742/392/32 741/393/32 3449/386/444 3448/383/444
f 741/393/32 45/394/32 633/395/444 3449/386/444
f 3449/386/444 633/395/444 634/396/445 3452/387/445
f 3452/387/445 634/396/445 635/397/446 3455/390/446
f 3455/390/446 635/397/446 28/398/21 579/399/21
f 3454/388/446 3455/390/446 579/399/21 580/400/21
f 3453/389/446 3454/388/446 580/400/21 581/401/21
f 632/377/446 3453/389/446 581/401/21 29/378/21
f 631/376/445 3450/385/445 3453/389/446 632/377/446
f 630/375/444 3447/382/444 3450/385/445 631/376/445
f 3456/402/447 3457/403/447 3460/404/448 3459/405/448
f 3457/403/447 3458/406/447 3461/407/448 3460/404/448
f 3459/405/448 3460/404/448 3463/408/449 3462/409/449
f 3460/404/448 3461/407/448 3464/410/449 3463/408/449
f 378/411/33 1415/412/33 3456/402/447 1674/413/447
f 1415/412/33 1414/414/33 3457/403/447 3456/402/447
f 1414/414/33 1413/415/33 3458/406/447 3457/403/447
f 1413/415/33 46/416/33 636/417/447 3458/406/447
f 3458/406/447 636/417/447 637/418/448 3461/407/448
f 3461/407/448 637/418/448 638/419/449 3464/410/449
f 3464/410/449 638/419/449 33/420/22 1407/421/22
f 3463/408/449 3464/410/449 1407/421/22 1408/422/22
f 3462/409/449 3463/408/449 1408/422/22 1409/423/22
f 1676/424/449 3462/409/449 1409/423/22 374/425/22
f 1675/426/448 3459/405/448 3462/409/449 1676/424/449
f 1674/413/447 3456/402/447 3459/405/448 1675/426/448
f 3465/427/447 3466/428/447 3469/429/448 3468/430/448
f 3466/428/447 3467/431/447 3470/432/448 3469/429/448
f 3468/430/448 3469/429/448 3472/433/449 3471/434/449
f 3469/429/448 3470/432/448 3473/435/449 3472/433/449
f 46/416/33 737/436/33 3465/427/447 636/417/447
f 737/436/33 736/437/33 3466/428/447 3465/427/447
f 736/437/33 735/438/33 3467/431/447 3466/428/447
f 735/438/33 47/439/33 639/440/450 3467/431/447
f 3467/431/447 639/440/450 640/441/448 3470/432/448
f 3470/432/448 640/441/448 641/442/449 3473/435/449
f 3473/435/449 641/442/449 32/443/22 591/444/22
f 3472/433/449 3473/435/449 591/444/22 592/445/22
f 3471/434/449 3472/433/449 592/445/22 593/446/22
f 638/419/449 3471/434/449 593/446/22 33/420/22
f 637/418/448 3468/430/448 3471/434/449 638/419/449
f 636/417/447 3465/427/447 3468/430/448 637/418/448
f 3474/447/447 3475/448/447 3478/449/448 3477/450/448
f 3475/448/447 3476/451/447 3479/452/448 3478/449/448
f 3477/450/448 3478/449/448 3481/453/449 3480/454/449
f 3478/449/448 3479/452/448 3482/455/449 3481/453/449
f 47/439/33 734/456/33 3474/447/447 639/440/450
f 734/456/33 733/457/33 3475/448/447 3474/447/447
f 733/457/33 732/458/33 3476/451/447 3475/448/447
f 732/458/33 48/459/33 642/460/447 3476/451/447
f 3476/451/447 642/460/447 643/461/448 3479/452/448
f 3479/452/448 643/461/448 644/462/449 3482/455/449
f 3482/455/449 644/462/449 31/463/22 588/464/22
f 3481/453/449 3482/455/449 588/464/22 589/465/22
f 3480/454/449 3481/453/449 589/465/22 590/466/22
f 641/442/449 3480/454/449 590/466/22 32/443/22
f 640/441/448 3477/450/448 3480/454/449 641/442/449
f 639/440/450 3474/447/447 3477/450/448 640/441/448
f 3510/532/454 3511/533/454 3514/534/455 3513/535/455
f 3511/533/454 3512/536/454 3515/537/455 3514/534/455
f 3513/535/455 3514/534/455 3517/538/456 3516/539/456
f 3514/534/455 3515/537/455 3518/540/456 3517/538/456
f 169/541/12 1685/542/12 3510/532/454 1800/543/454
f 1685/542/12 1684/544/12 3511/533/454 3510/532/454
f 1684/544/12 1683/545/12 3512/536/454 3511/533/454
f 1683/545/12 13/546/12 654/547/454 3512/536/454
f 3512/536/454 654/547/454 655/548/455 3515/537/455
f 3515/537/455 655/548/455 656/549/456 3518/540/456
f 3518/540/456 656/549/456 24/550/19 1689/551/19
f 3517/538/456 3518/540/456 1689/551/19 1690/552/19
f 3516/539/456 3517/538/456 1690/552/19 1691/553/19
f 1802/554/456 3516/539/456 1691/553/19 171/555/19
f 1801/556/455 3513/535/455 3516/539/456 1802/554/456
f 1800/543/454 3510/532/454 3513/535/455 1801/556/455
f 3519/557/454 3520/558/454 3523/559/455 3522/560/455
f 3520/558/454 3521/561/454 3524/562/455 3523/559/455
f 3522/560/455 3523/559/455 3526/563/456 3525/564/456
f 3523/559/455 3524/562/455 3527/565/456 3526/563/456
f 13/546/12 536/566/12 3519/557/454 654/547/454
f 536/566/12 535/567/12 3520/558/454 3519/557/454
f 535/567/12 534/568/12 3521/561/454 3520/558/454
f 534/568/12 12/569/12 657/570/454 3521/561/454
f 3521/561/454 657/570/454 658/571/455 3524/562/455
f 3524/562/455 658/571/455 659/572/456 3527/565/456
f 3527/565/456 659/572/456 23/573/19 564/574/19
f 3526/563/456 3527/565/456 564/574/19 565/575/19
f 3525/564/456 3526/563/456 565/575/19 566/576/19
f 656/549/456 3525/564/456 566/576/19 24/550/19
f 655/548/455 3522/560/455 3525/564/456 656/549/456
f 654/547/454 3519/557/454 3522/560/455 655/548/455
f 3528/577/454 3529/578/454 3532/579/455 3531/580/455
f 3529/578/454 3530/581/454 3533/582/455 3532/579/455
f 3531/580/455 3532/579/455 3535/583/456 3534/584/456
f 3532/579/455 3533/582/455 3536/585/456 3535/583/456
f 12/569/12 533/586/398 3528/577/454 657/570/454
f 533/586/398 532/587/397 3529/578/454 3528/577/454
f 532/587/397 531/588/397 3530/581/454 3529/578/454
f 531/588/397 11/589/11 660/590/454 3530/581/454
f 3530/581/454 660/590/454 661/591/455 3533/582/455
f 3533/582/455 661/591/455 662/592/456 3536/585/456
f 3536/585/456 662/592/456 22/593/19 561/594/19
f 3535/583/456 3536/585/456 561/594/19 562/595/19
f 3534/584/456 3535/583/456 562/595/19 563/596/19
f 659/572/456 3534/584/456 563/596/19 23/573/19
f 658/571/455 3531/580/455 3534/584/456 659/572/456
f 657/570/454 3528/577/454 3531/580/455 658/571/455
f 3537/597/2294 3538/598/2295 3541/599/2298 3540/600/2297
f 3538/598/2295 3539/601/2296 3542/602/2299 3541/599/2298
f 3540/600/2297 3541/599/2298 3544/603/2301 3543/604/2300
f 3541/599/2298 3542/602/2299 3545/605/2302 3544/603/2301
f 194/606/150 1970/607/1337 3537/597/2294 663/608/457
f 1970/607/1337 1969/609/551 3538/598/2295 3537/597/2294
f 1969/609/551 1968/610/1336 3539/601/2296 3538/598/2295
f 1968/610/1336 195/611/151 666/612/460 3539/601/2296
f 3539/601/2296 666/612/460 667/613/461 3542/602/2299
f 3542/602/2299 667/613/461 668/614/462 3545/605/2302
f 3545/605/2302 668/614/462 18/257/15 548/256/401
f 3544/603/2301 3545/605/2302 548/256/401 547/255/400
f 3543/604/2300 3544/603/2301 547/255/400 546/253/399
f 665/615/459 3543/604/2300 546/253/399 17/252/14
f 664/616/458 3540/600/2297 3543/604/2300 665/615/459
f 663/608/457 3537/597/2294 3540/600/2297 664/616/458
f 3546/617/2303 3547/618/2304 3550/619/2307 3549/620/2306
f 3547/618/2304 3548/621/2305 3551/622/2308 3550/619/2307
f 3549/620/2306 3550/619/2307 3553/623/2310 3552/624/2309
f 3550/619/2307 3551/622/2308 3554/625/2311 3553/623/2310
f 205/626/158 1967/627/152 3546/617/2303 1797/628/1278
f 1967/627/152 1966/629/152 3547/618/2304 3546/617/2303
f 1966/629/152 1965/630/152 3548/621/2305 3547/618/2304
f 1965/630/152 196/631/152 669/632/463 3548/621/2305
f 3548/621/2305 669/632/463 670/633/464 3551/622/2308
f 3551/622/2308 670/633/464 671/634/465 3554/625/2311
f 3554/625/2311 671/634/465 19/635/16 551/636/404
f 3553/623/2310 3554/625/2311 551/636/404 550/637/403
f 3552/624/2309 3553/623/2310 550/637/403 549/638/402
f 1799/639/1280 3552/624/2309 549/638/402 175/640/134
f 1798/641/1279 3549/620/2306 3552/624/2309 1799/639/1280
f 1797/628/1278 3546/617/2303 3549/620/2306 1798/641/1279
f 3555/642/2312 3556/643/2313 3559/644/2316 3558/645/2315
f 3556/643/2313 3557/646/2314 3560/647/2317 3559/644/2316
f 3558/645/2315 3559/644/2316 3562/648/2319 3561/649/2318
f 3559/644/2316 3560/647/2317 3563/650/2320 3562/648/2319
f 196/631/152 1964/651/152 3555/642/2312 669/632/463
f 1964/651/152 1963/652/152 3556/643/2313 3555/642/2312
f 1963/652/152 1962/653/152 3557/646/2314 3556/643/2313
f 1962/653/152 197/654/152 672/655/466 3557/646/2314
f 3557/646/2314 672/655/466 673/656/467 3560/647/2317
f 3560/647/2317 673/656/467 674/657/468 3563/650/2320
f 3563/650/2320 674/657/468 20/658/17 554/659/407
f 3562/648/2319 3563/650/2320 554/659/407 553/660/406
f 3561/649/2318 3562/648/2319 553/660/406 552/661/405
f 671/634/465 3561/649/2318 552/661/405 19/635/16
f 670/633/464 3558/645/2315 3561/649/2318 671/634/465
f 669/632/463 3555/642/2312 3558/645/2315 670/633/464
f 3564/662/2321 3565/663/469 3568/664/2323 3567/665/2322
f 3565/663/469 3566/666/469 3569/667/2324 3568/664/2323
f 3567/665/2322 3568/664/2323 3571/668/2326 3570/669/2325
f 3568/664/2323 3569/667/2324 3572/670/471 3571/668/2326
f 197/654/152 1961/671/152 3564/662/2321 672/655/466
f 1961/671/152 1960/672/152 3565/663/469 3564/662/2321
f 1960/672/152 1959/673/152 3566/666/469 3565/663/469
f 1959/673/152 198/674/152 675/675/469 3566/666/469
f 3566/666/469 675/675/469 676/676/470 3569/667/2324
f 3569/667/2324 676/676/470 677/677/471 3572/670/471
f 3572/670/471 677/677/471 21/678/18 557/679/410
f 3571/668/2326 3572/670/471 557/679/410 556/680/409
f 3570/669/2325 3571/668/2326 556/680/409 555/681/408
f 674/657/468 3570/669/2325 555/681/408 20/658/17
f 673/656/467 3567/665/2322 3570/669/2325 674/657/468
f 672/655/466 3564/662/2321 3567/665/2322 673/656/467
f 3573/682/2327 3574/683/2328 3577/684/2331 3576/685/2330
f 3574/683/2328 3575/686/2329 3578/687/2332 3577/684/2331
f 3576/685/2330 3577/684/2331 3580/688/2334 3579/689/2333
f 3577/684/2331 3578/687/2332 3581/690/2335 3580/688/2334
f 175/640/134 549/638/402 3573/682/2327 1794/691/1275
f 549/638/402 550/637/403 3574/683/2328 3573/682/2327
f 550/637/403 551/636/404 3575/686/2329 3574/683/2328
f 551/636/404 19/635/16 678/692/472 3575/686/2329
f 3575/686/2329 678/692/472 679/693/473 3578/687/2332
f 3578/687/2332 679/693/473 680/694/474 3581/690/2335
f 3581/690/2335 680/694/474 37/331/26 605/695/422
f 3580/688/2334 3581/690/2335 605/695/422 604/696/421
f 3579/689/2333 3580/688/2334 604/696/421 603/697/420
f 1796/698/1277 3579/689/2333 603/697/420 178/699/136
f 1795/700/1276 3576/685/2330 3579/689/2333 1796/698/1277
f 1794/691/1275 3573/682/2327 3576/685/2330 1795/700/1276
f 3582/701/2336 3583/702/2337 3586/703/2340 3585/704/2339
f 3583/702/2337 3584/705/2338 3587/706/2341 3586/703/2340
f 3585/704/2339 3586/703/2340 3589/707/2343 3588/708/2342
f 3586/703/2340 3587/706/2341 3590/709/2344 3589/707/2343
f 19/635/16 552/661/405 3582/701/2336 678/692/472
f 552/661/405 553/660/406 3583/702/2337 3582/701/2336
f 553/660/406 554/659/407 3584/705/2338 3583/702/2337
f 554/659/407 20/658/17 681/710/475 3584/705/2338
f 3584/705/2338 681/710/475 682/711/476 3587/706/2341
f 3587/706/2341 682/711/476 683/712/477 3590/709/2344
f 3590/709/2344 683/712/477 38/713/27 608/714/425
f 3589/707/2343 3590/709/2344 608/714/425 607/333/424
f 3588/708/2342 3589/707/2343 607/333/424 606/715/423
f 680/694/474 3588/708/2342 606/715/423 37/331/26
f 679/693/473 3585/704/2339 3588/708/2342 680/694/474
f 678/692/472 3582/701/2336 3585/704/2339 679/693/473
f 3591/716/2345 3592/717/2346 3595/718/2349 3594/719/2348
f 3592/717/2346 3593/720/2347 3596/721/2350 3595/718/2349
f 3594/719/2348 3595/718/2349 3598/722/2352 3597/723/2351
f 3595/718/2349 3596/721/2350 3599/724/2353 3598/722/2352
f 20/658/17 555/681/408 3591/716/2345 681/710/475
f 555/681/408 556/680/409 3592/717/2346 3591/716/2345
f 556/680/409 557/679/410 3593/720/2347 3592/717/2346
f 557/679/410 21/678/18 684/725/478 3593/720/2347
f 3593/720/2347 684/725/478 685/726/479 3596/721/2350
f 3596/721/2350 685/726/479 686/727/480 3599/724/2353
f 3599/724/2353 686/727/480 39/286/28 611/312/428
f 3598/722/2352 3599/724/2353 611/312/428 610/311/427
f 3597/723/2351 3598/722/2352 610/311/427 609/728/426
f 683/712/477 3597/723/2351 609/728/426 38/713/27
f 682/711/476 3594/719/2348 3597/723/2351 683/712/477
f 681/710/475 3591/716/2345 3594/719/2348 682/711/476
f 3600/729/481 3601/730/481 3604/731/482 3603/732/482
f 3601/730/481 3602/733/481 3605/734/482 3604/731/482
f 3603/732/482 3604/731/482 3607/735/483 3606/736/483
f 3604/731/482 3605/734/482 3608/737/483 3607/735/483
f 369/738/13 1400/739/13 3600/729/481 1659/740/481
f 1400/739/13 1399/741/13 3601/730/481 3600/729/481
f 1399/741/13 1398/742/13 3602/733/481 3601/730/481
f 1398/742/13 16/743/13 687/744/481 3602/733/481
f 3602/733/481 687/744/481 688/745/482 3605/734/482
f 3605/734/482 688/745/482 689/746/483 3608/737/483
f 3608/737/483 689/746/483 27/747/20 1404/748/20
f 3607/735/483 3608/737/483 1404/748/20 1405/749/20
f 3606/736/483 3607/735/483 1405/749/20 1406/750/20
f 1661/751/483 3606/736/483 1406/750/20 372/752/20
f 1660/753/482 3603/732/482 3606/736/483 1661/751/483
f 1659/740/481 3600/729/481 3603/732/482 1660/753/482
f 3609/754/481 3610/755/481 3613/756/482 3612/757/482
f 3610/755/481 3611/758/481 3614/759/482 3613/756/482
f 3612/757/482 3613/756/482 3616/760/483 3615/761/483
f 3613/756/482 3614/759/482 3617/762/483 3616/760/483
f 16/743/13 545/763/13 3609/754/481 687/744/481
f 545/763/13 544/764/13 3610/755/481 3609/754/481
f 544/764/13 543/765/13 3611/758/481 3610/755/481
f 543/765/13 15/766/13 690/767/481 3611/758/481
f 3611/758/481 690/767/481 691/768/482 3614/759/482
f 3614/759/482 691/768/482 692/769/483 3617/762/483
f 3617/762/483 692/769/483 26/770/20 573/771/20
f 3616/760/483 3617/762/483 573/771/20 574/772/20
f 3615/761/483 3616/760/483 574/772/20 575/773/20
f 689/746/483 3615/761/483 575/773/20 27/747/20
f 688/745/482 3612/757/482 3615/761/483 689/746/483
f 687/744/481 3609/754/481 3612/757/482 688/745/482
f 3618/774/481 3619/775/481 3622/776/482 3621/777/482
f 3619/775/481 3620/778/481 3623/779/482 3622/776/482
f 3621/777/482 3622/776/482 3625/780/483 3624/781/483
f 3622/776/482 3623/779/482 3626/782/483 3625/780/483
f 15/766/13 542/783/13 3618/774/481 690/767/481
f 542/783/13 541/784/13 3619/775/481 3618/774/481
f 541/784/13 540/785/13 3620/778/481 3619/775/481
f 540/785/13 14/786/13 693/787/481 3620/778/481
f 3620/778/481 693/787/481 694/788/482 3623/779/482
f 3623/779/482 694/788/482 695/789/483 3626/782/483
f 3626/782/483 695/789/483 25/790/20 570/791/20
f 3625/780/483 3626/782/483 570/791/20 571/792/20
f 3624/781/483 3625/780/483 571/792/20 572/793/20
f 692/769/483 3624/781/483 572/793/20 26/770/20
f 691/768/482 3621/777/482 3624/781/483 692/769/483
f 690/767/481 3618/774/481 3621/777/482 691/768/482
f 3627/794/2354 3628/795/2355 3631/796/2358 3630/797/2357
f 3628/795/2355 3629/798/2356 3632/799/2359 3631/796/2358
f 3630/797/2357 3631/796/2358 3634/800/2361 3633/801/2360
f 3631/796/2358 3632/799/2359 3635/802/2362 3634/800/2361
f 142/803/103 3278/804/2143 3627/794/2354 3269/805/2134
f 3278/804/2143 3277/806/2142 3628/795/2355 3627/794/2354
f 3277/806/2142 3276/807/2141 3629/798/2356 3628/795/2355
f 3276/807/2141 341/808/237 3237/809/2102 3629/798/2356
f 3629/798/2356 3237/809/2102 3238/810/2103 3632/799/2359
f 3632/799/2359 3238/810/2103 3239/811/2104 3635/802/2362
f 3635/802/2362 3239/811/2104 95/812/72 3236/813/2101
f 3634/800/2361 3635/802/2362 3236/813/2101 3235/814/2100
f 3633/801/2360 3634/800/2361 3235/814/2100 3234/815/2099
f 3267/816/2132 3633/801/2360 3234/815/2099 299/817/211
f 3268/818/2133 3630/797/2357 3633/801/2360 3267/816/2132
f 3269/805/2134 3627/794/2354 3630/797/2357 3268/818/2133
f 3636/819/2363 3637/820/2364 3640/821/2367 3639/822/2366
f 3637/820/2364 3638/823/2365 3641/824/2368 3640/821/2367
f 3639/822/2366 3640/821/2367 3643/825/2370 3642/826/2369
f 3640/821/2367 3641/824/2368 3644/827/2371 3643/825/2370
f 35/828/24 599/829/416 3636/819/2363 614/830/431
f 599/829/416 598/831/415 3637/820/2364 3636/819/2363
f 598/831/415 597/832/414 3638/823/2365 3637/820/2364
f 597/832/414 34/833/23 702/834/490 3638/823/2365
f 3638/823/2365 702/834/490 703/835/491 3641/824/2368
f 3641/824/2368 703/835/491 704/836/492 3644/827/2371
f 3644/827/2371 704/836/492 40/837/29 696/838/484
f 3643/825/2370 3644/827/2371 696/838/484 697/839/485
f 3642/826/2369 3643/825/2370 697/839/485 698/840/486
f 612/841/429 3642/826/2369 698/840/486 17/842/14
f 613/843/430 3639/822/2366 3642/826/2369 612/841/429
f 614/830/431 3636/819/2363 3639/822/2366 613/843/430
f 3645/844/2372 3646/845/2373 3649/846/2376 3648/847/2375
f 3646/845/2373 3647/848/2374 3650/849/2377 3649/846/2376
f 3648/847/2375 3649/846/2376 3652/850/2379 3651/851/2378
f 3649/846/2376 3650/849/2377 3653/852/2380 3652/850/2379
f 194/853/150 1958/854/1335 3645/844/2372 1889/855/1309
f 1958/854/1335 1957/856/1334 3646/845/2373 3645/844/2372
f 1957/856/1334 1956/857/1333 3647/848/2374 3646/845/2373
f 1956/857/1333 199/858/153 705/859/493 3647/848/2374
f 3647/848/2374 705/859/493 706/860/494 3650/849/2377
f 3650/849/2377 706/860/494 707/861/495 3653/852/2380
f 3653/852/2380 707/861/495 59/862/42 845/863/553
f 3652/850/2379 3653/852/2380 845/863/553 844/864/552
f 3651/851/2378 3652/850/2379 844/864/552 843/865/551
f 1887/866/1307 3651/851/2378 843/865/551 60/867/43
f 1888/868/1308 3648/847/2375 3651/851/2378 1887/866/1307
f 1889/855/1309 3645/844/2372 3648/847/2375 1888/868/1308
f 3654/869/505 3655/870/505 3658/871/505 3657/872/505
f 3655/870/505 3656/873/505 3659/874/505 3658/871/505
f 3657/872/505 3658/871/505 3661/875/505 3660/876/505
f 3658/871/505 3659/874/505 3662/877/505 3661/875/505
f 55/878/39 803/879/39 3654/869/505 726/880/505
f 803/879/39 802/881/39 3655/870/505 3654/869/505
f 802/881/39 801/882/39 3656/873/505 3655/870/505
f 801/882/39 56/883/39 729/884/505 3656/873/505
f 3656/873/505 729/884/505 730/885/505 3659/874/505
f 3659/874/505 730/885/505 731/886/505 3662/877/505
f 3662/877/505 731/886/505 48/459/33 732/458/33
f 3661/875/505 3662/877/505 732/458/33 733/457/33
f 3660/876/505 3661/875/505 733/457/33 734/456/33
f 728/887/505 3660/876/505 734/456/33 47/439/33
f 727/888/505 3657/872/505 3660/876/505 728/887/505
f 726/880/505 3654/869/505 3657/872/505 727/888/505
f 3663/889/505 3664/890/505 3667/891/505 3666/892/505
f 3664/890/505 3665/893/505 3668/894/505 3667/891/505
f 3666/892/505 3667/891/505 3670/895/505 3669/896/505
f 3667/891/505 3668/894/505 3671/897/505 3670/895/505
f 54/898/38 800/899/39 3663/889/505 723/900/505
f 800/899/39 799/901/39 3664/890/505 3663/889/505
f 799/901/39 798/902/39 3665/893/505 3664/890/505
f 798/902/39 55/878/39 726/880/505 3665/893/505
f 3665/893/505 726/880/505 727/888/505 3668/894/505
f 3668/894/505 727/888/505 728/887/505 3671/897/505
f 3671/897/505 728/887/505 47/439/33 735/438/33
f 3670/895/505 3671/897/505 735/438/33 736/437/33
f 3669/896/505 3670/895/505 736/437/33 737/436/33
f 725/903/505 3669/896/505 737/436/33 46/416/33
f 724/904/505 3666/892/505 3669/896/505 725/903/505
f 723/900/505 3663/889/505 3666/892/505 724/904/505
f 3672/905/505 3673/906/505 3676/907/505 3675/908/505
f 3673/906/505 3674/909/505 3677/910/505 3676/907/505
f 3675/908/505 3676/907/505 3679/911/505 3678/912/505
f 3676/907/505 3677/910/505 3680/913/505 3679/911/505
f 381/914/39 1418/915/39 3672/905/505 1653/916/505
f 1418/915/39 1417/917/39 3673/906/505 3672/905/505
f 1417/917/39 1416/918/38 3674/909/505 3673/906/505
f 1416/918/38 54/898/38 723/900/505 3674/909/505
f 3674/909/505 723/900/505 724/904/505 3677/910/505
f 3677/910/505 724/904/505 725/903/505 3680/913/505
f 3680/913/505 725/903/505 46/416/33 1413/415/33
f 3679/911/505 3680/913/505 1413/415/33 1414/414/33
f 3678/912/505 3679/911/505 1414/414/33 1415/412/33
f 1655/919/505 3678/912/505 1415/412/33 378/411/33
f 1654/920/505 3675/908/505 3678/912/505 1655/919/505
f 1653/916/505 3672/905/505 3675/908/505 1654/920/505
f 3681/921/502 3682/922/502 3685/923/503 3684/924/503
f 3682/922/502 3683/925/502 3686/926/503 3685/923/503
f 3684/924/503 3685/923/503 3688/927/504 3687/928/504
f 3685/923/503 3686/926/503 3689/929/504 3688/927/504
f 52/930/36 794/931/36 3681/921/502 717/932/502
f 794/931/36 793/933/36 3682/922/502 3681/921/502
f 793/933/36 792/934/36 3683/925/502 3682/922/502
f 792/934/36 53/935/37 720/936/502 3683/925/502
f 3683/925/502 720/936/502 721/937/503 3686/926/503
f 3686/926/503 721/937/503 722/938/504 3689/929/504
f 3689/929/504 722/938/504 45/394/32 741/393/32
f 3688/927/504 3689/929/504 741/393/32 742/392/32
f 3687/928/504 3688/927/504 742/392/32 743/391/32
f 719/939/504 3687/928/504 743/391/32 44/374/32
f 718/940/503 3684/924/503 3687/928/504 719/939/504
f 717/932/502 3681/921/502 3684/924/503 718/940/503
f 3690/941/2381 3691/942/2381 3694/943/503 3693/944/503
f 3691/942/2381 3692/945/502 3695/946/1191 3694/943/503
f 3693/944/503 3694/943/503 3697/947/504 3696/948/504
f 3694/943/503 3695/946/1191 3698/949/504 3697/947/504
f 51/950/36 791/951/36 3690/941/2381 714/952/502
f 791/951/36 790/953/36 3691/942/2381 3690/941/2381
f 790/953/36 789/954/36 3692/945/502 3691/942/2381
f 789/954/36 52/930/36 717/932/502 3692/945/502
f 3692/945/502 717/932/502 718/940/503 3695/946/1191
f 3695/946/1191 718/940/503 719/939/504 3698/949/504
f 3698/949/504 719/939/504 44/374/32 744/373/32
f 3697/947/504 3698/949/504 744/373/32 745/372/32
f 3696/948/504 3697/947/504 745/372/32 746/371/32
f 716/955/504 3696/948/504 746/371/32 43/351/32
f 715/956/503 3693/944/503 3696/948/504 716/955/504
f 714/952/502 3690/941/2381 3693/944/503 715/956/503
f 3699/957/502 3700/958/502 3703/959/503 3702/960/503
f 3700/958/502 3701/961/502 3704/962/503 3703/959/503
f 3702/960/503 3703/959/503 3706/963/504 3705/964/504
f 3703/959/503 3704/962/503 3707/965/504 3706/963/504
f 182/966/140 1724/967/36 3699/957/502 1791/968/1272
f 1724/967/36 1723/969/36 3700/958/502 3699/957/502
f 1723/969/36 1722/970/36 3701/961/502 3700/958/502
f 1722/970/36 51/950/36 714/952/502 3701/961/502
f 3701/961/502 714/952/502 715/956/503 3704/962/503
f 3704/962/503 715/956/503 716/955/504 3707/965/504
f 3707/965/504 716/955/504 43/351/32 1713/350/32
f 3706/963/504 3707/965/504 1713/350/32 1714/349/32
f 3705/964/504 3706/963/504 1714/349/32 1715/347/32
f 1793/971/1274 3705/964/504 1715/347/32 179/346/137
f 1792/972/1273 3702/960/503 3705/964/504 1793/971/1274
f 1791/968/1272 3699/957/502 3702/960/503 1792/972/1273
f 3708/973/2382 3709/974/2383 3712/975/2383 3711/976/2382
f 3709/974/2383 3710/977/2384 3713/978/2384 3712/975/2383
f 3711/976/2382 3712/975/2383 3715/979/2383 3714/980/2382
f 3712/975/2383 3713/978/2384 3716/981/2384 3715/979/2383
f 181/982/139 1721/983/1225 3708/973/2382 1788/984/1271
f 1721/983/1225 1720/985/1224 3709/974/2383 3708/973/2382
f 1720/985/1224 1719/986/1223 3710/977/2384 3709/974/2383
f 1719/986/1223 49/987/34 758/988/512 3710/977/2384
f 3710/977/2384 758/988/512 757/989/512 3713/978/2384
f 3713/978/2384 757/989/512 756/990/512 3716/981/2384
f 3716/981/2384 756/990/512 42/991/31 1716/164/1220
f 3715/979/2383 3716/981/2384 1716/164/1220 1717/992/1221
f 3714/980/2382 3715/979/2383 1717/992/1221 1718/993/1222
f 1790/994/1271 3714/980/2382 1718/993/1222 180/160/138
f 1789/995/1271 3711/976/2382 3714/980/2382 1790/994/1271
f 1788/984/1271 3708/973/2382 3711/976/2382 1789/995/1271
f 3717/996/2385 3718/997/2386 3721/998/2388 3720/999/2385
f 3718/997/2386 3719/1000/2387 3722/1001/2389 3721/998/2388
f 3720/999/2385 3721/998/2388 3724/1002/2391 3723/1003/2390
f 3721/998/2388 3722/1001/2389 3725/1004/2392 3724/1002/2391
f 77/1005/56 887/1006/586 3717/996/2385 897/1007/593
f 887/1006/586 886/1008/585 3718/997/2386 3717/996/2385
f 886/1008/585 885/1009/584 3719/1000/2387 3718/997/2386
f 885/1009/584 50/1010/35 708/1011/496 3719/1000/2387
f 3719/1000/2387 708/1011/496 709/1012/497 3722/1001/2389
f 3722/1001/2389 709/1012/497 710/1013/498 3725/1004/2392
f 3725/1004/2392 710/1013/498 41/1014/30 882/1015/581
f 3724/1002/2391 3725/1004/2392 882/1015/581 883/1016/582
f 3723/1003/2390 3724/1002/2391 883/1016/582 884/1017/583
f 899/1018/593 3723/1003/2390 884/1017/583 76/85/55
f 898/1019/593 3720/999/2385 3723/1003/2390 899/1018/593
f 897/1007/593 3717/996/2385 3720/999/2385 898/1019/593
f 3726/1020/2393 3727/1021/2394 3730/1022/2397 3729/1023/2396
f 3727/1021/2394 3728/1024/2395 3731/1025/2398 3730/1022/2397
f 3729/1023/2396 3730/1022/2397 3733/1026/2400 3732/1027/2399
f 3730/1022/2397 3731/1025/2398 3734/1028/2401 3733/1026/2400
f 67/124/48 860/122/565 3726/1020/2393 894/1029/590
f 860/122/565 859/121/564 3727/1021/2394 3726/1020/2393
f 859/121/564 858/120/563 3728/1024/2395 3727/1021/2394
f 858/120/563 5/119/5 759/1030/513 3728/1024/2395
f 3728/1024/2395 759/1030/513 760/1031/514 3731/1025/2398
f 3731/1025/2398 760/1031/514 761/1032/515 3734/1028/2401
f 3734/1028/2401 761/1032/515 50/1010/35 885/1009/584
f 3733/1026/2400 3734/1028/2401 885/1009/584 886/1008/585
f 3732/1027/2399 3733/1026/2400 886/1008/585 887/1006/586
f 896/1033/592 3732/1027/2399 887/1006/586 77/1005/56
f 895/1034/591 3729/1023/2396 3732/1027/2399 896/1033/592
f 894/1029/590 3726/1020/2393 3729/1023/2396 895/1034/591
f 3735/1035/2402 3736/1036/2403 3739/1037/2406 3738/1038/2405
f 3736/1036/2403 3737/1039/2404 3740/1040/2407 3739/1037/2406
f 3738/1038/2405 3739/1037/2406 3742/1041/2409 3741/1042/2408
f 3739/1037/2406 3740/1040/2407 3743/1043/2410 3742/1041/2409
f 176/24/20 1706/22/1213 3735/1035/2402 1785/1044/1268
f 1706/22/1213 1705/21/1212 3736/1036/2403 3735/1035/2402
f 1705/21/1212 1704/20/1211 3737/1039/2404 3736/1036/2403
f 1704/20/1211 6/19/6 515/1045/384 3737/1039/2404
f 3737/1039/2404 515/1045/384 514/1046/383 3740/1040/2407
f 3740/1040/2407 514/1046/383 513/1047/382 3743/1043/2410
f 3743/1043/2410 513/1047/382 49/987/34 1719/986/1223
f 3742/1041/2409 3743/1043/2410 1719/986/1223 1720/985/1224
f 3741/1042/2408 3742/1041/2409 1720/985/1224 1721/983/1225
f 1787/1048/1270 3741/1042/2408 1721/983/1225 181/982/139
f 1786/1049/1269 3738/1038/2405 3741/1042/2408 1787/1048/1270
f 1785/1044/1268 3735/1035/2402 3738/1038/2405 1786/1049/1269
f 3744/1050/516 3745/1051/516 3748/1052/517 3747/1053/517
f 3745/1051/516 3746/1054/516 3749/1055/517 3748/1052/517
f 3747/1053/517 3748/1052/517 3751/1056/518 3750/1057/518
f 3748/1052/517 3749/1055/517 3752/1058/518 3751/1056/518
f 171/555/19 1691/553/19 3744/1050/516 1782/1059/1265
f 1691/553/19 1690/552/19 3745/1051/516 3744/1050/516
f 1690/552/19 1689/551/19 3746/1054/516 3745/1051/516
f 1689/551/19 24/550/19 762/1060/516 3746/1054/516
f 3746/1054/516 762/1060/516 763/1061/517 3749/1055/517
f 3749/1055/517 763/1061/517 764/1062/518 3752/1058/518
f 3752/1058/518 764/1062/518 51/950/36 1722/970/36
f 3751/1056/518 3752/1058/518 1722/970/36 1723/969/36
f 3750/1057/518 3751/1056/518 1723/969/36 1724/967/36
f 1784/1063/1267 3750/1057/518 1724/967/36 182/966/140
f 1783/1064/1266 3747/1053/517 3750/1057/518 1784/1063/1267
f 1782/1059/1265 3744/1050/516 3747/1053/517 1783/1064/1266
f 3753/1065/516 3754/1066/516 3757/1067/517 3756/1068/517
f 3754/1066/516 3755/1069/516 3758/1070/517 3757/1067/517
f 3756/1068/517 3757/1067/517 3760/1071/518 3759/1072/519
f 3757/1067/517 3758/1070/517 3761/1073/518 3760/1071/518
f 24/550/19 566/576/19 3753/1065/516 762/1060/516
f 566/576/19 565/575/19 3754/1066/516 3753/1065/516
f 565/575/19 564/574/19 3755/1069/516 3754/1066/516
f 564/574/19 23/573/19 765/1074/516 3755/1069/516
f 3755/1069/516 765/1074/516 766/1075/517 3758/1070/517
f 3758/1070/517 766/1075/517 767/1076/518 3761/1073/518
f 3761/1073/518 767/1076/518 52/930/36 789/954/36
f 3760/1071/518 3761/1073/518 789/954/36 790/953/36
f 3759/1072/519 3760/1071/518 790/953/36 791/951/36
f 764/1062/518 3759/1072/519 791/951/36 51/950/36
f 763/1061/517 3756/1068/517 3759/1072/519 764/1062/518
f 762/1060/516 3753/1065/516 3756/1068/517 763/1061/517
f 3762/1077/516 3763/1078/516 3766/1079/517 3765/1080/517
f 3763/1078/516 3764/1081/516 3767/1082/517 3766/1079/517
f 3765/1080/517 3766/1079/517 3769/1083/518 3768/1084/518
f 3766/1079/517 3767/1082/517 3770/1085/518 3769/1083/518
f 23/573/19 563/596/19 3762/1077/516 765/1074/516
f 563/596/19 562/595/19 3763/1078/516 3762/1077/516
f 562/595/19 561/594/19 3764/1081/516 3763/1078/516
f 561/594/19 22/593/19 768/1086/516 3764/1081/516
f 3764/1081/516 768/1086/516 769/1087/517 3767/1082/517
f 3767/1082/517 769/1087/517 770/1088/519 3770/1085/518
f 3770/1085/518 770/1088/519 53/935/37 792/934/36
f 3769/1083/518 3770/1085/518 792/934/36 793/933/36
f 3768/1084/518 3769/1083/518 793/933/36 794/931/36
f 767/1076/518 3768/1084/518 794/931/36 52/930/36
f 766/1075/517 3765/1080/517 3768/1084/518 767/1076/518
f 765/1074/516 3762/1077/516 3765/1080/517 766/1075/517
f 3771/1089/520 3772/1090/520 3775/1091/521 3774/1092/521
f 3772/1090/520 3773/1093/520 3776/1094/521 3775/1091/521
f 3774/1092/521 3775/1091/521 3778/1095/522 3777/1096/522
f 3775/1091/521 3776/1094/521 3779/1097/522 3778/1095/522
f 372/752/20 1406/750/20 3771/1089/520 1644/1098/520
f 1406/750/20 1405/749/20 3772/1090/520 3771/1089/520
f 1405/749/20 1404/748/20 3773/1093/520 3772/1090/520
f 1404/748/20 27/747/20 771/1099/520 3773/1093/520
f 3773/1093/520 771/1099/520 772/1100/521 3776/1094/521
f 3776/1094/521 772/1100/521 773/1101/522 3779/1097/522
f 3779/1097/522 773/1101/522 54/898/38 1416/918/38
f 3778/1095/522 3779/1097/522 1416/918/38 1417/917/39
f 3777/1096/522 3778/1095/522 1417/917/39 1418/915/39
f 1646/1102/522 3777/1096/522 1418/915/39 381/914/39
f 1645/1103/521 3774/1092/521 3777/1096/522 1646/1102/522
f 1644/1098/520 3771/1089/520 3774/1092/521 1645/1103/521
f 3780/1104/520 3781/1105/520 3784/1106/521 3783/1107/521
f 3781/1105/520 3782/1108/520 3785/1109/521 3784/1106/521
f 3783/1107/521 3784/1106/521 3787/1110/522 3786/1111/522
f 3784/1106/521 3785/1109/521 3788/1112/2411 3787/1110/522
f 27/747/20 575/773/20 3780/1104/520 771/1099/520
f 575/773/20 574/772/20 3781/1105/520 3780/1104/520
f 574/772/20 573/771/20 3782/1108/520 3781/1105/520
f 573/771/20 26/770/20 774/1113/520 3782/1108/520
f 3782/1108/520 774/1113/520 775/1114/521 3785/1109/521
f 3785/1109/521 775/1114/521 776/1115/522 3788/1112/2411
f 3788/1112/2411 776/1115/522 55/878/39 798/902/39
f 3787/1110/522 3788/1112/2411 798/902/39 799/901/39
f 3786/1111/522 3787/1110/522 799/901/39 800/899/39
f 773/1101/522 3786/1111/522 800/899/39 54/898/38
f 772/1100/521 3783/1107/521 3786/1111/522 773/1101/522
f 771/1099/520 3780/1104/520 3783/1107/521 772/1100/521
f 3789/1116/520 3790/1117/520 3793/1118/521 3792/1119/521
f 3790/1117/520 3791/1120/520 3794/1121/521 3793/1118/521
f 3792/1119/521 3793/1118/521 3796/1122/522 3795/1123/522
f 3793/1118/521 3794/1121/521 3797/1124/2411 3796/1122/522
f 26/770/20 572/793/20 3789/1116/520 774/1113/520
f 572/793/20 571/792/20 3790/1117/520 3789/1116/520
f 571/792/20 570/791/20 3791/1120/520 3790/1117/520
f 570/791/20 25/790/20 777/1125/520 3791/1120/520
f 3791/1120/520 777/1125/520 778/1126/521 3794/1121/521
f 3794/1121/521 778/1126/521 779/1127/522 3797/1124/2411
f 3797/1124/2411 779/1127/522 56/883/39 801/882/39
f 3796/1122/522 3797/1124/2411 801/882/39 802/881/39
f 3795/1123/522 3796/1122/522 802/881/39 803/879/39
f 776/1115/522 3795/1123/522 803/879/39 55/878/39
f 775/1114/521 3792/1119/521 3795/1123/522 776/1115/522
f 774/1113/520 3789/1116/520 3792/1119/521 775/1114/521
f 3798/1128/542 3799/1129/542 3802/1130/543 3801/1131/543
f 3799/1129/542 3800/1132/542 3803/1133/543 3802/1130/543
f 3801/1131/543 3802/1130/543 3805/1134/2412 3804/1135/544
f 3802/1130/543 3803/1133/543 3806/1136/544 3805/1134/2412
f 15/1137/13 543/1138/13 3798/1128/542 822/1139/542
f 543/1138/13 544/1140/13 3799/1129/542 3798/1128/542
f 544/1140/13 545/1141/13 3800/1132/542 3799/1129/542
f 545/1141/13 16/1142/13 825/1143/542 3800/1132/542
f 3800/1132/542 825/1143/542 826/1144/543 3803/1133/543
f 3803/1133/543 826/1144/543 827/1145/544 3806/1136/544
f 3806/1136/544 827/1145/544 64/1146/45 831/1147/45
f 3805/1134/2412 3806/1136/544 831/1147/45 832/1148/45
f 3804/1135/544 3805/1134/2412 832/1148/45 833/1149/45
f 824/1150/544 3804/1135/544 833/1149/45 63/1151/45
f 823/1152/543 3801/1131/543 3804/1135/544 824/1150/544
f 822/1139/542 3798/1128/542 3801/1131/543 823/1152/543
f 3807/1153/542 3808/1154/542 3811/1155/543 3810/1156/543
f 3808/1154/542 3809/1157/542 3812/1158/543 3811/1155/543
f 3810/1156/543 3811/1155/543 3814/1159/2412 3813/1160/544
f 3811/1155/543 3812/1158/543 3815/1161/544 3814/1159/2412
f 14/1162/13 540/785/13 3807/1153/542 819/1163/542
f 540/785/13 541/1164/13 3808/1154/542 3807/1153/542
f 541/1164/13 542/1165/13 3809/1157/542 3808/1154/542
f 542/1165/13 15/1137/13 822/1139/542 3809/1157/542
f 3809/1157/542 822/1139/542 823/1152/543 3812/1158/543
f 3812/1158/543 823/1152/543 824/1150/544 3815/1161/544
f 3815/1161/544 824/1150/544 63/1151/45 834/1166/45
f 3814/1159/2412 3815/1161/544 834/1166/45 835/1167/45
f 3813/1160/544 3814/1159/2412 835/1167/45 836/1168/45
f 821/1169/544 3813/1160/544 836/1168/45 62/1170/45
f 820/1171/543 3810/1156/543 3813/1160/544 821/1169/544
f 819/1163/542 3807/1153/542 3810/1156/543 820/1171/543
f 3816/1172/542 3817/1173/542 3820/1174/543 3819/1175/543
f 3817/1173/542 3818/1176/542 3821/1177/543 3820/1174/543
f 3819/1175/543 3820/1174/543 3823/1178/544 3822/1179/544
f 3820/1174/543 3821/1177/543 3824/1180/544 3823/1178/544
f 174/1181/133 537/1182/13 3816/1172/542 1779/1183/1262
f 537/1182/13 538/1184/13 3817/1173/542 3816/1172/542
f 538/1184/13 539/1185/13 3818/1176/542 3817/1173/542
f 539/1185/13 14/1162/13 819/1163/542 3818/1176/542
f 3818/1176/542 819/1163/542 820/1171/543 3821/1177/543
f 3821/1177/543 820/1171/543 821/1169/544 3824/1180/544
f 3824/1180/544 821/1169/544 62/1170/45 1725/1186/45
f 3823/1178/544 3824/1180/544 1725/1186/45 1726/1187/45
f 3822/1179/544 3823/1178/544 1726/1187/45 1727/1188/45
f 1781/1189/1264 3822/1179/544 1727/1188/45 183/1190/141
f 1780/1191/1263 3819/1175/543 3822/1179/544 1781/1189/1264
f 1779/1183/1262 3816/1172/542 3819/1175/543 1780/1191/1263
f 3825/1192/2413 3826/1193/2414 3829/1194/2417 3828/1195/2416
f 3826/1193/2414 3827/1196/2415 3830/1197/2418 3829/1194/2417
f 3828/1195/2416 3829/1194/2417 3832/1198/2420 3831/1199/2419
f 3829/1194/2417 3830/1197/2418 3833/1200/2421 3832/1198/2420
f 12/569/12 534/1201/12 3825/1192/2413 813/1202/536
f 534/1201/12 535/1203/12 3826/1193/2414 3825/1192/2413
f 535/1203/12 536/1204/12 3827/1196/2415 3826/1193/2414
f 536/1204/12 13/1205/12 816/1206/539 3827/1196/2415
f 3827/1196/2415 816/1206/539 817/1207/540 3830/1197/2418
f 3830/1197/2418 817/1207/540 818/1208/541 3833/1200/2421
f 3833/1200/2421 818/1208/541 61/1209/44 840/1210/548
f 3832/1198/2420 3833/1200/2421 840/1210/548 841/1211/549
f 3831/1199/2419 3832/1198/2420 841/1211/549 842/1212/550
f 815/1213/538 3831/1199/2419 842/1212/550 60/867/43
f 814/1214/537 3828/1195/2416 3831/1199/2419 815/1213/538
f 813/1202/536 3825/1192/2413 3828/1195/2416 814/1214/537
f 3834/1215/2422 3835/1216/1060 3838/1217/2425 3837/1218/2424
f 3835/1216/1060 3836/1219/2423 3839/1220/2426 3838/1217/2425
f 3837/1218/2424 3838/1217/2425 3841/1221/2428 3840/1222/2427
f 3838/1217/2425 3839/1220/2426 3842/1223/2429 3841/1221/2428
f 11/589/11 531/1224/397 3834/1215/2422 810/1225/533
f 531/1224/397 532/1226/397 3835/1216/1060 3834/1215/2422
f 532/1226/397 533/1227/398 3836/1219/2423 3835/1216/1060
f 533/1227/398 12/569/12 813/1202/536 3836/1219/2423
f 3836/1219/2423 813/1202/536 814/1214/537 3839/1220/2426
f 3839/1220/2426 814/1214/537 815/1213/538 3842/1223/2429
f 3842/1223/2429 815/1213/538 60/867/43 843/865/551
f 3841/1221/2428 3842/1223/2429 843/865/551 844/1228/552
f 3840/1222/2427 3841/1221/2428 844/1228/552 845/1229/553
f 812/1230/535 3840/1222/2427 845/1229/553 59/1231/42
f 811/1232/534 3837/1218/2424 3840/1222/2427 812/1230/535
f 810/1225/533 3834/1215/2422 3837/1218/2424 811/1232/534
f 3843/1233/2430 3844/1234/2431 3847/1235/2434 3846/1236/2433
f 3844/1234/2431 3845/1237/2432 3848/1238/2435 3847/1235/2434
f 3846/1236/2433 3847/1235/2434 3850/1239/2437 3849/1240/2436
f 3847/1235/2434 3848/1238/2435 3851/1241/2438 3850/1239/2437
f 368/1242/11 528/1243/11 3843/1233/2430 1638/1244/1188
f 528/1243/11 529/1245/11 3844/1234/2431 3843/1233/2430
f 529/1245/11 530/1246/11 3845/1237/2432 3844/1234/2431
f 530/1246/11 11/589/11 810/1225/533 3845/1237/2432
f 3845/1237/2432 810/1225/533 811/1232/534 3848/1238/2435
f 3848/1238/2435 811/1232/534 812/1230/535 3851/1241/2438
f 3851/1241/2438 812/1230/535 59/1231/42 1419/1247/982
f 3850/1239/2437 3851/1241/2438 1419/1247/982 1420/1248/983
f 3849/1240/2436 3850/1239/2437 1420/1248/983 1421/1249/984
f 1640/1250/1190 3849/1240/2436 1421/1249/984 383/1251/267
f 1639/1252/1189 3846/1236/2433 3849/1240/2436 1640/1250/1190
f 1638/1244/1188 3843/1233/2430 3846/1236/2433 1639/1252/1189
f 3852/1253/2439 3853/1254/2440 3856/1255/2443 3855/1256/2442
f 3853/1254/2440 3854/1257/2441 3857/1258/2444 3856/1255/2443
f 3855/1256/2442 3856/1255/2443 3859/1259/2446 3858/1260/2445
f 3856/1255/2443 3857/1258/2444 3860/1261/2447 3859/1259/2446
f 79/1262/58 477/1263/346 3852/1253/2439 987/1264/644
f 477/1263/346 478/1265/347 3853/1254/2440 3852/1253/2439
f 478/1265/347 479/1266/348 3854/1257/2441 3853/1254/2440
f 479/1266/348 2/1267/2 488/1268/357 3854/1257/2441
f 3854/1257/2441 488/1268/357 487/1269/356 3857/1258/2444
f 3857/1258/2444 487/1269/356 486/1270/355 3860/1261/2447
f 3860/1261/2447 486/1270/355 57/1271/40 972/1272/633
f 3859/1259/2446 3860/1261/2447 972/1272/633 973/1273/634
f 3858/1260/2445 3859/1259/2446 973/1273/634 974/1274/635
f 989/1275/646 3858/1260/2445 974/1274/635 92/1276/69
f 988/1277/645 3855/1256/2442 3858/1260/2445 989/1275/646
f 987/1264/644 3852/1253/2439 3855/1256/2442 988/1277/645
f 3861/1278/2448 3862/1279/2449 3865/1280/2452 3864/1281/2451
f 3862/1279/2449 3863/1282/2450 3866/1283/2453 3865/1280/2452
f 3864/1281/2451 3865/1280/2452 3868/1284/2455 3867/1285/2454
f 3865/1280/2452 3866/1283/2453 3869/1286/2456 3868/1284/2455
f 169/541/12 474/1287/343 3861/1278/2448 1776/1288/1259
f 474/1287/343 475/1289/344 3862/1279/2449 3861/1278/2448
f 475/1289/344 476/1290/345 3863/1282/2450 3862/1279/2449
f 476/1290/345 1/1291/1 807/1292/530 3863/1282/2450
f 3863/1282/2450 807/1292/530 808/1293/531 3866/1283/2453
f 3866/1283/2453 808/1293/531 809/1294/532 3869/1286/2456
f 3869/1286/2456 809/1294/532 58/1295/41 1728/1296/1226
f 3868/1284/2455 3869/1286/2456 1728/1296/1226 1729/1297/1227
f 3867/1285/2454 3868/1284/2455 1729/1297/1227 1730/1298/1228
f 1778/1299/1261 3867/1285/2454 1730/1298/1228 184/1300/142
f 1777/1301/1260 3864/1281/2451 3867/1285/2454 1778/1299/1261
f 1776/1288/1259 3861/1278/2448 3864/1281/2451 1777/1301/1260
f 3870/1302/2457 3871/1303/2458 3874/1304/2461 3873/1305/2460
f 3871/1303/2458 3872/1306/2459 3875/1307/2462 3874/1304/2461
f 3873/1305/2460 3874/1304/2461 3877/1308/2464 3876/1309/2463
f 3874/1304/2461 3875/1307/2462 3878/1310/2465 3877/1308/2464
f 1/115/1 852/1311/557 3870/1302/2457 807/1312/530
f 852/1311/557 853/1313/558 3871/1303/2458 3870/1302/2457
f 853/1313/558 854/1314/559 3872/1306/2459 3871/1303/2458
f 854/1314/559 65/1315/46 891/1316/587 3872/1306/2459
f 3872/1306/2459 891/1316/587 892/1317/588 3875/1307/2462
f 3875/1307/2462 892/1317/588 893/1318/589 3878/1310/2465
f 3878/1310/2465 893/1318/589 78/1319/57 846/1320/554
f 3877/1308/2464 3878/1310/2465 846/1320/554 847/1321/555
f 3876/1309/2463 3877/1308/2464 847/1321/555 848/1322/556
f 809/1323/532 3876/1309/2463 848/1322/556 58/1324/41
f 808/1325/531 3873/1305/2460 3876/1309/2463 809/1323/532
f 807/1312/530 3870/1302/2457 3873/1305/2460 808/1325/531
f 3879/1326/641 3880/1327/641 3883/1328/795 3882/1329/795
f 3880/1327/641 3881/1330/641 3884/1331/795 3883/1328/795
f 3882/1329/795 3883/1328/795 3886/1332/796 3885/1333/796
f 3883/1328/795 3884/1331/795 3887/1334/796 3886/1332/796
f 137/1335/60 1214/1336/60 3879/1326/641 1851/1337/641
f 1214/1336/60 1213/1338/60 3880/1327/641 3879/1326/641
f 1213/1338/60 1212/1339/60 3881/1330/641 3880/1327/641
f 1212/1339/60 67/124/48 894/1029/590 3881/1330/641
f 3881/1330/641 894/1029/590 895/1034/591 3884/1331/795
f 3884/1331/795 895/1034/591 896/1033/592 3887/1334/796
f 3887/1334/796 896/1033/592 77/1005/56 1872/1340/86
f 3886/1332/796 3887/1334/796 1872/1340/86 1873/1341/86
f 3885/1333/796 3886/1332/796 1873/1341/86 1874/1342/86
f 1853/1343/796 3885/1333/796 1874/1342/86 111/1344/86
f 1852/1345/795 3882/1329/795 3885/1333/796 1853/1343/796
f 1851/1337/641 3879/1326/641 3882/1329/795 1852/1345/795
f 3888/1346/737 3889/1347/737 3892/1348/737 3891/1349/737
f 3889/1347/737 3890/1350/737 3893/1351/737 3892/1348/737
f 3891/1349/737 3892/1348/737 3895/1352/737 3894/1353/737
f 3892/1348/737 3893/1351/737 3896/1354/737 3895/1352/737
f 111/1344/86 1874/1342/86 3888/1346/737 1092/1355/737
f 1874/1342/86 1873/1341/86 3889/1347/737 3888/1346/737
f 1873/1341/86 1872/1340/86 3890/1350/737 3889/1347/737
f 1872/1340/86 77/1005/56 897/1007/593 3890/1350/737
f 3890/1350/737 897/1007/593 898/1019/593 3893/1351/737
f 3893/1351/737 898/1019/593 899/1018/593 3896/1354/737
f 3896/1354/737 899/1018/593 76/85/55 1869/1356/85
f 3895/1352/737 3896/1354/737 1869/1356/85 1870/1357/628
f 3894/1353/737 3895/1352/737 1870/1357/628 1871/1358/85
f 1094/1359/737 3894/1353/737 1871/1358/85 110/1360/85
f 1093/1361/737 3891/1349/737 3894/1353/737 1094/1359/737
f 1092/1355/737 3888/1346/737 3891/1349/737 1093/1361/737
f 3924/1427/2466 3925/1428/2467 3928/1429/2470 3927/1430/2469
f 3925/1428/2467 3926/1431/2468 3929/1432/2471 3928/1429/2470
f 3927/1430/2469 3928/1429/2470 3931/1433/2473 3930/1434/2472
f 3928/1429/2470 3929/1432/2471 3932/1435/2474 3931/1433/2473
f 35/266/24 600/264/417 3924/1427/2466 870/1436/575
f 600/264/417 601/263/418 3925/1428/2467 3924/1427/2466
f 601/263/418 602/262/419 3926/1431/2468 3925/1428/2467
f 602/262/419 36/261/25 873/1437/578 3926/1431/2468
f 3926/1431/2468 873/1437/578 874/1438/579 3929/1432/2471
f 3929/1432/2471 874/1438/579 875/1439/580 3932/1435/2474
f 3932/1435/2474 875/1439/580 72/1440/53 909/1441/594
f 3931/1433/2473 3932/1435/2474 909/1441/594 910/1442/595
f 3930/1434/2472 3931/1433/2473 910/1442/595 911/1443/596
f 872/1444/577 3930/1434/2472 911/1443/596 71/1445/52
f 871/1446/576 3927/1430/2469 3930/1434/2472 872/1444/577
f 870/1436/575 3924/1427/2466 3927/1430/2469 871/1446/576
f 3933/1447/2475 3934/1448/2476 3937/1449/2479 3936/1450/2478
f 3934/1448/2476 3935/1451/2477 3938/1452/2480 3937/1449/2479
f 3936/1450/2478 3937/1449/2479 3940/1453/2482 3939/1454/2481
f 3937/1449/2479 3938/1452/2480 3941/1455/2483 3940/1453/2482
f 34/833/23 597/1456/414 3933/1447/2475 867/1457/572
f 597/1456/414 598/1458/415 3934/1448/2476 3933/1447/2475
f 598/1458/415 599/1459/416 3935/1451/2477 3934/1448/2476
f 599/1459/416 35/1460/24 870/1461/575 3935/1451/2477
f 3935/1451/2477 870/1461/575 871/1462/576 3938/1452/2480
f 3938/1452/2480 871/1462/576 872/1463/577 3941/1455/2483
f 3941/1455/2483 872/1463/577 71/1464/52 912/1465/597
f 3940/1453/2482 3941/1455/2483 912/1465/597 913/1466/598
f 3939/1454/2481 3940/1453/2482 913/1466/598 914/1467/599
f 869/1468/574 3939/1454/2481 914/1467/599 70/1469/51
f 868/1470/573 3936/1450/2478 3939/1454/2481 869/1468/574
f 867/1457/572 3933/1447/2475 3936/1450/2478 868/1470/573
f 3942/1471/2484 3943/1472/2485 3946/1473/2488 3945/1474/2487
f 3943/1472/2485 3944/1475/2486 3947/1476/2489 3946/1473/2488
f 3945/1474/2487 3946/1473/2488 3949/1477/2491 3948/1478/2490
f 3946/1473/2488 3947/1476/2489 3950/1479/2492 3949/1477/2491
f 375/1480/264 594/1481/411 3942/1471/2484 1632/1482/1185
f 594/1481/411 595/1483/412 3943/1472/2485 3942/1471/2484
f 595/1483/412 596/1484/413 3944/1475/2486 3943/1472/2485
f 596/1484/413 34/833/23 867/1457/572 3944/1475/2486
f 3944/1475/2486 867/1457/572 868/1470/573 3947/1476/2489
f 3947/1476/2489 868/1470/573 869/1468/574 3950/1479/2492
f 3950/1479/2492 869/1468/574 70/1469/51 1422/1485/985
f 3949/1477/2491 3950/1479/2492 1422/1485/985 1423/1486/986
f 3948/1478/2490 3949/1477/2491 1423/1486/986 1424/1487/987
f 1634/1488/1187 3948/1478/2490 1424/1487/987 385/1489/268
f 1633/1490/1186 3945/1474/2487 3948/1478/2490 1634/1488/1187
f 1632/1482/1185 3942/1471/2484 3945/1474/2487 1633/1490/1186
f 3951/1491/2493 3952/1492/2494 3955/1493/2497 3954/1494/2496
f 3952/1492/2494 3953/1495/2495 3956/1496/2498 3955/1493/2497
f 3954/1494/2496 3955/1493/2497 3958/1497/2500 3957/1498/2499
f 3955/1493/2497 3956/1496/2498 3959/1499/2501 3958/1497/2500
f 3/1500/3 855/1501/560 3951/1491/2493 525/1502/394
f 855/1501/560 856/1503/561 3952/1492/2494 3951/1491/2493
f 856/1503/561 857/1504/562 3953/1495/2495 3952/1492/2494
f 857/1504/562 66/1505/47 915/1506/600 3953/1495/2495
f 3953/1495/2495 915/1506/600 916/1507/601 3956/1496/2498
f 3956/1496/2498 916/1507/601 917/1508/602 3959/1499/2501
f 3959/1499/2501 917/1508/602 69/1509/50 866/1510/571
f 3958/1497/2500 3959/1499/2501 866/1510/571 865/1511/570
f 3957/1498/2499 3958/1497/2500 865/1511/570 864/1512/569
f 527/1513/396 3957/1498/2499 864/1512/569 9/217/9
f 526/1514/395 3954/1494/2496 3957/1498/2499 527/1513/396
f 525/1502/394 3951/1491/2493 3954/1494/2496 526/1514/395
f 3960/1515/2502 3961/1516/2503 3964/1517/2506 3963/1518/2505
f 3961/1516/2503 3962/1519/2504 3965/1520/2507 3964/1517/2506
f 3963/1518/2505 3964/1517/2506 3967/1521/2509 3966/1522/2508
f 3964/1517/2506 3965/1520/2507 3968/1523/2510 3967/1521/2509
f 173/222/132 516/220/385 3960/1515/2502 1773/1524/1256
f 516/220/385 517/219/386 3961/1516/2503 3960/1515/2502
f 517/219/386 518/218/387 3962/1519/2504 3961/1516/2503
f 518/218/387 9/217/9 864/1512/569 3962/1519/2504
f 3962/1519/2504 864/1512/569 865/1525/570 3965/1520/2507
f 3965/1520/2507 865/1525/570 866/1526/571 3968/1523/2510
f 3968/1523/2510 866/1526/571 69/1527/50 1731/1528/1229
f 3967/1521/2509 3968/1523/2510 1731/1528/1229 1732/1529/1230
f 3966/1522/2508 3967/1521/2509 1732/1529/1230 1733/1530/1231
f 1775/1531/1258 3966/1522/2508 1733/1530/1231 185/1532/143
f 1774/1533/1257 3963/1518/2505 3966/1522/2508 1775/1531/1258
f 1773/1524/1256 3960/1515/2502 3963/1518/2505 1774/1533/1257
f 3978/1559/639 3979/1560/639 3982/1561/610 3981/1562/610
f 3979/1560/639 3980/1563/639 3983/1564/610 3982/1561/610
f 3981/1562/610 3982/1561/610 3985/1565/611 3984/1566/611
f 3982/1561/610 3983/1564/610 3986/1567/611 3985/1565/611
f 105/1568/58 1865/1569/58 3978/1559/639 1848/1570/639
f 1865/1569/58 1864/1571/58 3979/1560/639 3978/1559/639
f 1864/1571/58 1863/1572/58 3980/1563/639 3979/1560/639
f 1863/1572/58 65/110/46 924/112/609 3980/1563/639
f 3980/1563/639 924/112/609 925/125/610 3983/1564/610
f 3983/1564/610 925/125/610 926/123/611 3986/1567/611
f 3986/1567/611 926/123/611 67/124/48 1212/1339/60
f 3985/1565/611 3986/1567/611 1212/1339/60 1213/1338/60
f 3984/1566/611 3985/1565/611 1213/1338/60 1214/1336/60
f 1850/1573/611 3984/1566/611 1214/1336/60 137/1335/60
f 1849/1574/610 3981/1562/610 3984/1566/611 1850/1573/611
f 1848/1570/639 3978/1559/639 3981/1562/610 1849/1574/610
f 3987/1575/797 3988/1576/797 3991/1577/798 3990/1578/798
f 3988/1576/797 3989/1579/797 3992/1580/798 3991/1577/798
f 3990/1578/798 3991/1577/798 3994/1581/799 3993/1582/1302
f 3991/1577/798 3992/1580/798 3995/1583/799 3994/1581/799
f 110/1360/85 1871/1358/85 3987/1575/797 1845/1584/797
f 1871/1358/85 1870/1357/628 3988/1576/797 3987/1575/797
f 1870/1357/628 1869/1356/85 3989/1579/797 3988/1576/797
f 1869/1356/85 76/85/55 927/87/612 3989/1579/797
f 3989/1579/797 927/87/612 928/1585/613 3992/1580/798
f 3992/1580/798 928/1585/613 929/1586/614 3995/1583/799
f 3995/1583/799 929/1586/614 68/99/49 1215/1587/61
f 3994/1581/799 3995/1583/799 1215/1587/61 1216/1588/61
f 3993/1582/1302 3994/1581/799 1216/1588/61 1217/1589/61
f 1847/1590/1302 3993/1582/1302 1217/1589/61 138/1591/61
f 1846/1592/798 3990/1578/798 3993/1582/1302 1847/1590/1302
f 1845/1584/797 3987/1575/797 3990/1578/798 1846/1592/798
f 3996/1593/2520 3997/1594/2521 4000/1595/2524 3999/1596/2523
f 3997/1594/2521 3998/1597/2522 4001/1598/2525 4000/1595/2524
f 3999/1596/2523 4000/1595/2524 4003/1599/2527 4002/1600/2526
f 4000/1595/2524 4001/1598/2525 4004/1601/2528 4003/1599/2527
f 193/1602/149 1955/1603/1332 3996/1593/2520 489/1604/358
f 1955/1603/1332 1954/1605/1331 3997/1594/2521 3996/1593/2520
f 1954/1605/1331 1953/1606/1330 3998/1597/2522 3997/1594/2521
f 1953/1606/1330 201/1607/155 930/1608/615 3998/1597/2522
f 3998/1597/2522 930/1608/615 931/1609/616 4001/1598/2525
f 4001/1598/2525 931/1609/616 932/1610/617 4004/1601/2528
f 4004/1601/2528 932/1610/617 66/1505/47 857/1504/562
f 4003/1599/2527 4004/1601/2528 857/1504/562 856/1503/561
f 4002/1600/2526 4003/1599/2527 856/1503/561 855/1501/560
f 491/1611/360 4002/1600/2526 855/1501/560 3/1500/3
f 490/1612/359 3999/1596/2523 4002/1600/2526 491/1611/360
f 489/1604/358 3996/1593/2520 3999/1596/2523 490/1612/359
f 4005/1613/2529 4006/1614/2530 4009/1615/2533 4008/1616/2532
f 4006/1614/2530 4007/1617/2531 4010/1618/2534 4009/1615/2533
f 4008/1616/2532 4009/1615/2533 4012/1619/2536 4011/1620/2535
f 4009/1615/2533 4010/1618/2534 4013/1621/2537 4012/1619/2536
f 42/1622/31 755/1623/511 4005/1613/2529 713/1624/501
f 755/1623/511 754/1625/510 4006/1614/2530 4005/1613/2529
f 754/1625/510 753/1626/509 4007/1617/2531 4006/1614/2530
f 753/1626/509 87/1627/66 975/1628/636 4007/1617/2531
f 4007/1617/2531 975/1628/636 976/1629/637 4010/1618/2534
f 4010/1618/2534 976/1629/637 977/1630/638 4013/1621/2537
f 4013/1621/2537 977/1630/638 82/1631/61 507/1632/376
f 4012/1619/2536 4013/1621/2537 507/1632/376 508/1633/377
f 4011/1620/2535 4012/1619/2536 508/1633/377 509/1634/378
f 711/1635/499 4011/1620/2535 509/1634/378 8/1636/8
f 712/1637/500 4008/1616/2532 4011/1620/2535 711/1635/499
f 713/1624/501 4005/1613/2529 4008/1616/2532 712/1637/500
f 4014/1638/2538 4015/1639/2539 4018/1640/2542 4017/1641/2541
f 4015/1639/2539 4016/1642/2540 4019/1643/610 4018/1640/2542
f 4017/1641/2541 4018/1640/2542 4021/1644/2544 4020/1645/2543
f 4018/1640/2542 4019/1643/610 4022/1646/611 4021/1644/2544
f 2/1647/2 479/1648/348 4014/1638/2538 498/1649/367
f 479/1648/348 478/1650/347 4015/1639/2539 4014/1638/2538
f 478/1650/347 477/1651/346 4016/1642/2540 4015/1639/2539
f 477/1651/346 79/1652/58 978/1653/639 4016/1642/2540
f 4016/1642/2540 978/1653/639 979/1654/610 4019/1643/610
f 4019/1643/610 979/1654/610 980/1655/611 4022/1646/611
f 4022/1646/611 980/1655/611 81/1656/60 495/1657/364
f 4021/1644/2544 4022/1646/611 495/1657/364 496/1658/365
f 4020/1645/2543 4021/1644/2544 496/1658/365 497/1659/366
f 500/1660/369 4020/1645/2543 497/1659/366 6/1661/6
f 499/1662/368 4017/1641/2541 4020/1645/2543 500/1660/369
f 498/1649/367 4014/1638/2538 4017/1641/2541 499/1662/368
f 4023/1663/2545 4024/1664/2546 4027/1665/2546 4026/1666/2545
f 4024/1664/2546 4025/1667/2547 4028/1668/2547 4027/1665/2546
f 4026/1666/2545 4027/1665/2546 4030/1669/2546 4029/1670/2548
f 4027/1665/2546 4028/1668/2547 4031/1671/2547 4030/1669/2546
f 49/1672/34 782/1673/525 4023/1663/2545 758/1674/512
f 782/1673/525 781/1675/524 4024/1664/2546 4023/1663/2545
f 781/1675/524 780/1676/523 4025/1667/2547 4024/1664/2546
f 780/1676/523 88/1677/67 981/1678/640 4025/1667/2547
f 4025/1667/2547 981/1678/640 982/1679/640 4028/1668/2547
f 4028/1668/2547 982/1679/640 983/1680/640 4031/1671/2547
f 4031/1671/2547 983/1680/640 87/1681/66 753/1682/509
f 4030/1669/2546 4031/1671/2547 753/1682/509 754/1683/510
f 4029/1670/2548 4030/1669/2546 754/1683/510 755/1684/511
f 756/1685/512 4029/1670/2548 755/1684/511 42/1686/31
f 757/1687/512 4026/1666/2545 4029/1670/2548 756/1685/512
f 758/1674/512 4023/1663/2545 4026/1666/2545 757/1687/512
f 4032/1688/2549 4033/1689/2550 4036/1690/2553 4035/1691/2552
f 4033/1689/2550 4034/1692/2551 4037/1693/2554 4036/1690/2553
f 4035/1691/2552 4036/1690/2553 4039/1694/2556 4038/1695/2555
f 4036/1690/2553 4037/1693/2554 4040/1696/2557 4039/1694/2556
f 6/1697/6 497/1698/366 4032/1688/2549 515/1699/384
f 497/1698/366 496/1700/365 4033/1689/2550 4032/1688/2549
f 496/1700/365 495/1701/364 4034/1692/2551 4033/1689/2550
f 495/1701/364 81/1656/60 984/1702/641 4034/1692/2551
f 4034/1692/2551 984/1702/641 985/1703/642 4037/1693/2554
f 4037/1693/2554 985/1703/642 986/1704/643 4040/1696/2557
f 4040/1696/2557 986/1704/643 88/1705/67 780/1706/523
f 4039/1694/2556 4040/1696/2557 780/1706/523 781/1675/524
f 4038/1695/2555 4039/1694/2556 781/1675/524 782/1673/525
f 513/1707/382 4038/1695/2555 782/1673/525 49/1708/34
f 514/1709/383 4035/1691/2552 4038/1695/2555 513/1707/382
f 515/1699/384 4032/1688/2549 4035/1691/2552 514/1709/383
f 4041/1710/1301 4042/1711/1301 4045/1712/811 4044/1713/811
f 4042/1711/1301 4043/1714/1301 4046/1715/811 4045/1712/811
f 4044/1713/811 4045/1712/811 4048/1716/812 4047/1717/812
f 4045/1712/811 4046/1715/811 4049/1718/812 4048/1716/812
f 118/1719/58 933/1720/58 4041/1710/1301 1206/1721/810
f 933/1720/58 934/1722/58 4042/1711/1301 4041/1710/1301
f 934/1722/58 935/1723/58 4043/1714/1301 4042/1711/1301
f 935/1723/58 79/1262/58 987/1264/644 4043/1714/1301
f 4043/1714/1301 987/1264/644 988/1277/645 4046/1715/811
f 4046/1715/811 988/1277/645 989/1275/646 4049/1718/812
f 4049/1718/812 989/1275/646 92/1276/69 1152/1724/96
f 4048/1716/812 4049/1718/812 1152/1724/96 1153/1725/96
f 4047/1717/812 4048/1716/812 1153/1725/96 1154/1726/96
f 1208/1727/812 4047/1717/812 1154/1726/96 129/1728/96
f 1207/1729/811 4044/1713/811 4047/1717/812 1208/1727/812
f 1206/1721/810 4041/1710/1301 4044/1713/811 1207/1729/811
f 4077/1782/2558 4078/1783/2559 4081/1784/2562 4080/1785/2561
f 4078/1783/2559 4079/1786/2560 4082/1787/2563 4081/1784/2562
f 4080/1785/2561 4081/1784/2562 4084/1788/2565 4083/1789/2564
f 4081/1784/2562 4082/1787/2563 4085/1790/2566 4084/1788/2565
f 396/1791/278 1448/1792/1011 4077/1782/2558 1626/1793/1182
f 1448/1792/1011 1447/1794/1010 4078/1783/2559 4077/1782/2558
f 1447/1794/1010 1446/1795/1009 4079/1786/2560 4078/1783/2559
f 1446/1795/1009 107/1796/82 1119/1797/762 4079/1786/2560
f 4079/1786/2560 1119/1797/762 1120/1798/763 4082/1787/2563
f 4082/1787/2563 1120/1798/763 1121/1799/764 4085/1790/2566
f 4085/1790/2566 1121/1799/764 115/1800/90 1452/1801/1015
f 4084/1788/2565 4085/1790/2566 1452/1801/1015 1453/1802/1016
f 4083/1789/2564 4084/1788/2565 1453/1802/1016 1454/1803/1017
f 1628/1804/1184 4083/1789/2564 1454/1803/1017 398/1805/280
f 1627/1806/1183 4080/1785/2561 4083/1789/2564 1628/1804/1184
f 1626/1793/1182 4077/1782/2558 4080/1785/2561 1627/1806/1183
f 4086/1807/2567 4087/1808/2568 4090/1809/2571 4089/1810/2570
f 4087/1808/2568 4088/1811/2569 4091/1812/2572 4090/1809/2571
f 4089/1810/2570 4090/1809/2571 4093/1813/2574 4092/1814/2573
f 4090/1809/2571 4091/1812/2572 4094/1815/2575 4093/1813/2574
f 108/1816/83 1091/1817/736 4086/1807/2567 950/1818/621
f 1091/1817/736 1090/1819/735 4087/1808/2568 4086/1807/2567
f 1090/1819/735 1089/1820/734 4088/1811/2569 4087/1808/2568
f 1089/1820/734 109/1821/84 951/1822/622 4088/1811/2569
f 4088/1811/2569 951/1822/622 952/1823/623 4091/1812/2572
f 4091/1812/2572 952/1823/623 953/1824/624 4094/1815/2575
f 4094/1815/2575 953/1824/624 117/1825/92 1113/1826/756
f 4093/1813/2574 4094/1815/2575 1113/1826/756 1114/1827/757
f 4092/1814/2573 4093/1813/2574 1114/1827/757 1115/1828/758
f 948/1829/619 4092/1814/2573 1115/1828/758 116/1830/91
f 949/1831/620 4089/1810/2570 4092/1814/2573 948/1829/619
f 950/1818/621 4086/1807/2567 4089/1810/2570 949/1831/620
f 4095/1832/807 4096/1833/807 4099/1834/2577 4098/1835/2576
f 4096/1833/807 4097/1836/807 4100/1837/2577 4099/1834/2577
f 4098/1835/2576 4099/1834/2577 4102/1838/2579 4101/1839/2578
f 4099/1834/2577 4100/1837/2577 4103/1840/2580 4102/1838/2579
f 119/1841/93 936/1842/93 4095/1832/807 1194/1843/807
f 936/1842/93 937/1844/93 4096/1833/807 4095/1832/807
f 937/1844/93 938/1845/93 4097/1836/807 4096/1833/807
f 938/1845/93 80/74/59 1005/1846/653 4097/1836/807
f 4097/1836/807 1005/1846/653 1006/1847/654 4100/1837/2577
f 4100/1837/2577 1006/1847/654 1007/1848/655 4103/1840/2580
f 4103/1840/2580 1007/1848/655 83/1849/62 947/1850/618
f 4102/1838/2579 4103/1840/2580 947/1850/618 946/1851/618
f 4101/1839/2578 4102/1838/2579 946/1851/618 945/1852/618
f 1196/1853/809 4101/1839/2578 945/1852/618 122/1854/94
f 1195/1855/808 4098/1835/2576 4101/1839/2578 1196/1853/809
f 1194/1843/807 4095/1832/807 4098/1835/2576 1195/1855/808
f 4104/1856/2581 4105/1857/2582 4108/1858/2585 4107/1859/2584
f 4105/1857/2582 4106/1860/2583 4109/1861/2586 4108/1858/2585
f 4107/1859/2584 4108/1858/2585 4111/1862/2588 4110/1863/2587
f 4108/1858/2585 4109/1861/2586 4112/1864/2589 4111/1862/2588
f 191/1865/148 1751/1866/1240 4104/1856/2581 1767/1867/1250
f 1751/1866/1240 1750/1868/1239 4105/1857/2582 4104/1856/2581
f 1750/1868/1239 1749/1869/1238 4106/1860/2583 4105/1857/2582
f 1749/1869/1238 122/1854/94 945/1852/618 4106/1860/2583
f 4106/1860/2583 945/1852/618 946/1870/618 4109/1861/2586
f 4109/1861/2586 946/1870/618 947/1871/618 4112/1864/2589
f 4112/1864/2589 947/1871/618 83/1872/62 1737/1873/1232
f 4111/1862/2588 4112/1864/2589 1737/1873/1232 1738/1874/1233
f 4110/1863/2587 4111/1862/2588 1738/1874/1233 1739/1875/1234
f 1769/1876/1252 4110/1863/2587 1739/1875/1234 187/1877/145
f 1768/1878/1251 4107/1859/2584 4110/1863/2587 1769/1876/1252
f 1767/1867/1250 4104/1856/2581 4107/1859/2584 1768/1878/1251
f 4122/1904/800 4123/1905/800 4126/1906/801 4125/1907/801
f 4123/1905/800 4124/1908/800 4127/1909/801 4126/1906/801
f 4125/1907/801 4126/1906/801 4129/1910/802 4128/1911/802
f 4126/1906/801 4127/1909/801 4130/1912/802 4129/1910/802
f 203/1913/157 1952/1914/157 4122/1904/800 1185/1915/800
f 1952/1914/157 1951/1916/157 4123/1905/800 4122/1904/800
f 1951/1916/157 1950/1917/157 4124/1908/800 4123/1905/800
f 1950/1917/157 202/60/156 1014/62/662 4124/1908/800
f 4124/1908/800 1014/62/662 1015/75/663 4127/1909/801
f 4127/1909/801 1015/75/663 1016/73/664 4130/1912/802
f 4130/1912/802 1016/73/664 80/74/59 938/1845/93
f 4129/1910/802 4130/1912/802 938/1845/93 937/1844/93
f 4128/1911/802 4129/1910/802 937/1844/93 936/1842/93
f 1187/1918/802 4128/1911/802 936/1842/93 119/1841/93
f 1186/1919/801 4125/1907/801 4128/1911/802 1187/1918/802
f 1185/1915/800 4122/1904/800 4125/1907/801 1186/1919/801
f 4131/1920/2590 4132/1921/2591 4135/1922/2594 4134/1923/2593
f 4132/1921/2591 4133/1924/2592 4136/1925/2595 4135/1922/2594
f 4134/1923/2593 4135/1922/2594 4138/1926/2597 4137/1927/2596
f 4135/1922/2594 4136/1925/2595 4139/1928/2598 4138/1926/2597
f 395/1929/277 1445/1930/1008 4131/1920/2590 1620/1931/1176
f 1445/1930/1008 1444/1932/1007 4132/1921/2591 4131/1920/2590
f 1444/1932/1007 1443/1933/1006 4133/1924/2592 4132/1921/2591
f 1443/1933/1006 471/1934/340 1032/1935/680 4133/1924/2592
f 4133/1924/2592 1032/1935/680 1033/1936/681 4136/1925/2595
f 4136/1925/2595 1033/1936/681 1034/1937/682 4139/1928/2598
f 4139/1928/2598 1034/1937/682 96/1938/73 1431/1939/994
f 4138/1926/2597 4139/1928/2598 1431/1939/994 1432/1940/995
f 4137/1927/2596 4138/1926/2597 1432/1940/995 1433/1941/996
f 1622/1942/1178 4137/1927/2596 1433/1941/996 390/1943/272
f 1621/1944/1177 4134/1923/2593 4137/1927/2596 1622/1942/1178
f 1620/1931/1176 4131/1920/2590 4134/1923/2593 1621/1944/1177
f 4140/1945/2599 4141/1946/2600 4144/1947/2603 4143/1948/2602
f 4141/1946/2600 4142/1949/2601 4145/1950/2604 4144/1947/2603
f 4143/1948/2602 4144/1947/2603 4147/1951/2606 4146/1952/2605
f 4144/1947/2603 4145/1950/2604 4148/1953/2607 4147/1951/2606
f 143/1954/104 3275/1955/2140 4140/1945/2599 1247/1956/830
f 3275/1955/2140 3274/1957/2139 4141/1946/2600 4140/1945/2599
f 3274/1957/2139 3273/1958/2138 4142/1949/2601 4141/1946/2600
f 3273/1958/2138 340/1959/236 3240/1960/2105 4142/1949/2601
f 4142/1949/2601 3240/1960/2105 3241/1961/2106 4145/1950/2604
f 4145/1950/2604 3241/1961/2106 3242/1962/2107 4148/1953/2607
f 4148/1953/2607 3242/1962/2107 93/1963/70 1023/1964/671
f 4147/1951/2606 4148/1953/2607 1023/1964/671 1024/1965/672
f 4146/1952/2605 4147/1951/2606 1024/1965/672 1025/1966/673
f 1245/1967/828 4146/1952/2605 1025/1966/673 94/1968/71
f 1246/1969/829 4143/1948/2602 4146/1952/2605 1245/1967/828
f 1247/1956/830 4140/1945/2599 4143/1948/2602 1246/1969/829
f 4149/1970/2608 4150/1971/2609 4153/1972/2612 4152/1973/2611
f 4150/1971/2609 4151/1974/2610 4154/1975/2613 4153/1972/2612
f 4152/1973/2611 4153/1972/2612 4156/1976/2615 4155/1977/2614
f 4153/1972/2612 4154/1975/2613 4157/1978/2616 4156/1976/2615
f 404/1979/284 1466/1980/1029 4149/1970/2608 1617/1981/1173
f 1466/1980/1029 1465/1982/1028 4150/1971/2609 4149/1970/2608
f 1465/1982/1028 1464/1983/1027 4151/1974/2610 4150/1971/2609
f 1464/1983/1027 142/803/103 3269/805/2134 4151/1974/2610
f 4151/1974/2610 3269/805/2134 3268/818/2133 4154/1975/2613
f 4154/1975/2613 3268/818/2133 3267/816/2132 4157/1978/2616
f 4157/1978/2616 3267/816/2132 299/817/211 2522/1984/1620
f 4156/1976/2615 4157/1978/2616 2522/1984/1620 2521/1985/1619
f 4155/1977/2614 4156/1976/2615 2521/1985/1619 2520/1986/1618
f 1619/1987/1175 4155/1977/2614 2520/1986/1618 388/1988/270
f 1618/1989/1174 4152/1973/2611 4155/1977/2614 1619/1987/1175
f 1617/1981/1173 4149/1970/2608 4152/1973/2611 1618/1989/1174
f 4158/1990/2617 4159/1991/2618 4162/1992/2621 4161/1993/2620
f 4159/1991/2618 4160/1994/2619 4163/1995/2622 4162/1992/2621
f 4161/1993/2620 4162/1992/2621 4165/1996/2624 4164/1997/2623
f 4162/1992/2621 4163/1995/2622 4166/1998/2625 4165/1996/2624
f 403/1999/283 1463/2000/1026 4158/1990/2617 1614/2001/1170
f 1463/2000/1026 1462/2002/1025 4159/1991/2618 4158/1990/2617
f 1462/2002/1025 1461/2003/1024 4160/1994/2619 4159/1991/2618
f 1461/2003/1024 143/1954/104 1247/1956/830 4160/1994/2619
f 4160/1994/2619 1247/1956/830 1246/1969/829 4163/1995/2622
f 4163/1995/2622 1246/1969/829 1245/1967/828 4166/1998/2625
f 4166/1998/2625 1245/1967/828 94/1968/71 1022/2004/670
f 4165/1996/2624 4166/1998/2625 1022/2004/670 1021/2005/669
f 4164/1997/2623 4165/1996/2624 1021/2005/669 1020/2006/668
f 1616/2007/1172 4164/1997/2623 1020/2006/668 389/2008/271
f 1615/2009/1171 4161/1993/2620 4164/1997/2623 1616/2007/1172
f 1614/2001/1170 4158/1990/2617 4161/1993/2620 1615/2009/1171
f 4167/2010/2626 4168/2011/2627 4171/2012/2630 4170/2013/2629
f 4168/2011/2627 4169/2014/2628 4172/2015/2631 4171/2012/2630
f 4170/2013/2629 4171/2012/2630 4174/2016/2633 4173/2017/2632
f 4171/2012/2630 4172/2015/2631 4175/2018/2634 4174/2016/2633
f 471/1934/340 3266/2019/2131 4167/2010/2626 1032/1935/680
f 3266/2019/2131 3265/2020/2130 4168/2011/2627 4167/2010/2626
f 3265/2020/2130 3264/2021/2129 4169/2014/2628 4168/2011/2627
f 3264/2021/2129 301/2022/213 3249/2023/2114 4169/2014/2628
f 4169/2014/2628 3249/2023/2114 3250/2024/2115 4172/2015/2631
f 4172/2015/2631 3250/2024/2115 3251/2025/2116 4175/2018/2634
f 4175/2018/2634 3251/2025/2116 98/2026/75 3248/2027/2113
f 4174/2016/2633 4175/2018/2634 3248/2027/2113 3247/2028/2112
f 4173/2017/2632 4174/2016/2633 3247/2028/2112 3246/2029/2111
f 1034/1937/682 4173/2017/2632 3246/2029/2111 96/1938/73
f 1033/1936/681 4170/2013/2629 4173/2017/2632 1034/1937/682
f 1032/1935/680 4167/2010/2626 4170/2013/2629 1033/1936/681
f 4176/2030/2635 4177/2031/2636 4180/2032/2639 4179/2033/2638
f 4177/2031/2636 4178/2034/2637 4181/2035/2640 4180/2032/2639
f 4179/2033/2638 4180/2032/2639 4183/2036/2642 4182/2037/2641
f 4180/2032/2639 4181/2035/2640 4184/2038/2643 4183/2036/2642
f 394/2039/276 1442/2040/1005 4176/2030/2635 1611/2041/1167
f 1442/2040/1005 1441/2042/1004 4177/2031/2636 4176/2030/2635
f 1441/2042/1004 1440/2043/1003 4178/2034/2637 4177/2031/2636
f 1440/2043/1003 102/2044/79 3252/2045/2117 4178/2034/2637
f 4178/2034/2637 3252/2045/2117 3253/2046/2118 4181/2035/2640
f 4181/2035/2640 3253/2046/2118 3254/2047/2119 4184/2038/2643
f 4184/2038/2643 3254/2047/2119 300/2048/212 2889/2049/1901
f 4183/2036/2642 4184/2038/2643 2889/2049/1901 2890/2050/1902
f 4182/2037/2641 4183/2036/2642 2890/2050/1902 2891/2051/1903
f 1613/2052/1169 4182/2037/2641 2891/2051/1903 391/2053/273
f 1612/2054/1168 4179/2033/2638 4182/2037/2641 1613/2052/1169
f 1611/2041/1167 4176/2030/2635 4179/2033/2638 1612/2054/1168
f 4185/2055/2644 4186/2056/2645 4189/2057/2648 4188/2058/2647
f 4186/2056/2645 4187/2059/2646 4190/2060/2649 4189/2057/2648
f 4188/2058/2647 4189/2057/2648 4192/2061/2651 4191/2062/2650
f 4189/2057/2648 4190/2060/2649 4193/2063/2652 4192/2061/2651
f 102/2044/79 1067/2064/715 4185/2055/2644 3252/2045/2117
f 1067/2064/715 1066/2065/714 4186/2056/2645 4185/2055/2644
f 1066/2065/714 1065/2066/713 4187/2059/2646 4186/2056/2645
f 1065/2066/713 103/2067/80 1064/2068/712 4187/2059/2646
f 4187/2059/2646 1064/2068/712 1063/2069/711 4190/2060/2649
f 4190/2060/2649 1063/2069/711 1062/2070/710 4193/2063/2652
f 4193/2063/2652 1062/2070/710 97/2071/74 3243/2072/2108
f 4192/2061/2651 4193/2063/2652 3243/2072/2108 3244/2073/2109
f 4191/2062/2650 4192/2061/2651 3244/2073/2109 3245/2074/2110
f 3254/2047/2119 4191/2062/2650 3245/2074/2110 300/2048/212
f 3253/2046/2118 4188/2058/2647 4191/2062/2650 3254/2047/2119
f 3252/2045/2117 4185/2055/2644 4188/2058/2647 3253/2046/2118
f 4194/2075/2653 4195/2076/2654 4198/2077/2657 4197/2078/2656
f 4195/2076/2654 4196/2079/2655 4199/2080/2658 4198/2077/2657
f 4197/2078/2656 4198/2077/2657 4201/2081/2660 4200/2082/2659
f 4198/2077/2657 4199/2080/2658 4202/2083/2661 4201/2081/2660
f 94/2084/71 1025/2085/673 4194/2075/2653 1044/2086/692
f 1025/2085/673 1024/2087/672 4195/2076/2654 4194/2075/2653
f 1024/2087/672 1023/2088/671 4196/2079/2655 4195/2076/2654
f 1023/2088/671 93/2089/70 1037/2090/685 4196/2079/2655
f 4196/2079/2655 1037/2090/685 1036/2091/684 4199/2080/2658
f 4199/2080/2658 1036/2091/684 1035/2092/683 4202/2083/2661
f 4202/2083/2661 1035/2092/683 99/2093/76 1047/2094/695
f 4201/2081/2660 4202/2083/2661 1047/2094/695 1048/2095/696
f 4200/2082/2659 4201/2081/2660 1048/2095/696 1049/2096/697
f 1046/2097/694 4200/2082/2659 1049/2096/697 101/2098/78
f 1045/2099/693 4197/2078/2656 4200/2082/2659 1046/2097/694
f 1044/2086/692 4194/2075/2653 4197/2078/2656 1045/2099/693
f 4203/2100/2662 4204/2101/2663 4207/2102/2666 4206/2103/2665
f 4204/2101/2663 4205/2104/2664 4208/2105/2667 4207/2102/2666
f 4206/2103/2665 4207/2102/2666 4210/2106/2669 4209/2107/2668
f 4207/2102/2666 4208/2105/2667 4211/2108/2670 4210/2106/2669
f 389/2109/271 1020/2110/668 4203/2100/2662 1608/2111/1164
f 1020/2110/668 1021/2112/669 4204/2101/2663 4203/2100/2662
f 1021/2112/669 1022/2113/670 4205/2104/2664 4204/2101/2663
f 1022/2113/670 94/2084/71 1044/2086/692 4205/2104/2664
f 4205/2104/2664 1044/2086/692 1045/2099/693 4208/2105/2667
f 4208/2105/2667 1045/2099/693 1046/2097/694 4211/2108/2670
f 4211/2108/2670 1046/2097/694 101/2098/78 1437/2114/1000
f 4210/2106/2669 4211/2108/2670 1437/2114/1000 1438/2115/1001
f 4209/2107/2668 4210/2106/2669 1438/2115/1001 1439/2116/1002
f 1610/2117/1166 4209/2107/2668 1439/2116/1002 392/2118/274
f 1609/2119/1165 4206/2103/2665 4209/2107/2668 1610/2117/1166
f 1608/2111/1164 4203/2100/2662 4206/2103/2665 1609/2119/1165
f 4212/2120/2671 4213/2121/2672 4216/2122/2675 4215/2123/2674
f 4213/2121/2672 4214/2124/2673 4217/2125/2676 4216/2122/2675
f 4215/2123/2674 4216/2122/2675 4219/2126/2678 4218/2127/2677
f 4216/2122/2675 4217/2125/2676 4220/2128/2679 4219/2126/2678
f 299/2129/211 3234/2130/2099 4212/2120/2671 3255/2131/2120
f 3234/2130/2099 3235/2132/2100 4213/2121/2672 4212/2120/2671
f 3235/2132/2100 3236/2133/2101 4214/2124/2673 4213/2121/2672
f 3236/2133/2101 95/2134/72 1041/2135/689 4214/2124/2673
f 4214/2124/2673 1041/2135/689 1042/2136/690 4217/2125/2676
f 4217/2125/2676 1042/2136/690 1043/2137/691 4220/2128/2679
f 4220/2128/2679 1043/2137/691 100/2138/77 1053/2139/701
f 4219/2126/2678 4220/2128/2679 1053/2139/701 1054/2140/702
f 4218/2127/2677 4219/2126/2678 1054/2140/702 1055/2141/703
f 3257/2142/2122 4218/2127/2677 1055/2141/703 472/2143/341
f 3256/2144/2121 4215/2123/2674 4218/2127/2677 3257/2142/2122
f 3255/2131/2120 4212/2120/2671 4215/2123/2674 3256/2144/2121
f 4221/2145/2680 4222/2146/2681 4225/2147/2684 4224/2148/2683
f 4222/2146/2681 4223/2149/2682 4226/2150/2685 4225/2147/2684
f 4224/2148/2683 4225/2147/2684 4228/2151/2687 4227/2152/2686
f 4225/2147/2684 4226/2150/2685 4229/2153/2688 4228/2151/2687
f 388/2154/270 2520/2155/1618 4221/2145/2680 1605/2156/1161
f 2520/2155/1618 2521/2157/1619 4222/2146/2681 4221/2145/2680
f 2521/2157/1619 2522/2158/1620 4223/2149/2682 4222/2146/2681
f 2522/2158/1620 299/2129/211 3255/2131/2120 4223/2149/2682
f 4223/2149/2682 3255/2131/2120 3256/2144/2121 4226/2150/2685
f 4226/2150/2685 3256/2144/2121 3257/2142/2122 4229/2153/2688
f 4229/2153/2688 3257/2142/2122 472/2143/341 3291/2159/2156
f 4228/2151/2687 4229/2153/2688 3291/2159/2156 3292/2160/2157
f 4227/2152/2686 4228/2151/2687 3292/2160/2157 3293/2161/2158
f 1607/2162/1163 4227/2152/2686 3293/2161/2158 393/2163/275
f 1606/2164/1162 4224/2148/2683 4227/2152/2686 1607/2162/1163
f 1605/2156/1161 4221/2145/2680 4224/2148/2683 1606/2164/1162
f 4230/2165/2689 4231/2166/2690 4234/2167/2693 4233/2168/2692
f 4231/2166/2690 4232/2169/2691 4235/2170/2694 4234/2167/2693
f 4233/2168/2692 4234/2167/2693 4237/2171/2696 4236/2172/2695
f 4234/2167/2693 4235/2170/2694 4238/2173/2697 4237/2171/2696
f 101/2098/78 1049/2096/697 4230/2165/2689 1059/2174/707
f 1049/2096/697 1048/2095/696 4231/2166/2690 4230/2165/2689
f 1048/2095/696 1047/2094/695 4232/2169/2691 4231/2166/2690
f 1047/2094/695 99/2093/76 1040/2175/688 4232/2169/2691
f 4232/2169/2691 1040/2175/688 1039/2176/687 4235/2170/2694
f 4235/2170/2694 1039/2176/687 1038/2177/686 4238/2173/2697
f 4238/2173/2697 1038/2177/686 103/2067/80 1065/2066/713
f 4237/2171/2696 4238/2173/2697 1065/2066/713 1066/2178/714
f 4236/2172/2695 4237/2171/2696 1066/2178/714 1067/2179/715
f 1061/2180/709 4236/2172/2695 1067/2179/715 102/2181/79
f 1060/2182/708 4233/2168/2692 4236/2172/2695 1061/2180/709
f 1059/2174/707 4230/2165/2689 4233/2168/2692 1060/2182/708
f 4239/2183/2698 4240/2184/2699 4243/2185/2702 4242/2186/2701
f 4240/2184/2699 4241/2187/2700 4244/2188/2703 4243/2185/2702
f 4242/2186/2701 4243/2185/2702 4246/2189/2705 4245/2190/2704
f 4243/2185/2702 4244/2188/2703 4247/2191/2706 4246/2189/2705
f 392/2118/274 1439/2116/1002 4239/2183/2698 1602/2192/1160
f 1439/2116/1002 1438/2115/1001 4240/2184/2699 4239/2183/2698
f 1438/2115/1001 1437/2114/1000 4241/2187/2700 4240/2184/2699
f 1437/2114/1000 101/2098/78 1059/2174/707 4241/2187/2700
f 4241/2187/2700 1059/2174/707 1060/2182/708 4244/2188/2703
f 4244/2188/2703 1060/2182/708 1061/2180/709 4247/2191/2706
f 4247/2191/2706 1061/2180/709 102/2181/79 1440/2193/1003
f 4246/2189/2705 4247/2191/2706 1440/2193/1003 1441/2194/1004
f 4245/2190/2704 4246/2189/2705 1441/2194/1004 1442/2195/1005
f 1604/2196/1160 4245/2190/2704 1442/2195/1005 394/2039/276
f 1603/2197/1160 4242/2186/2701 4245/2190/2704 1604/2196/1160
f 1602/2192/1160 4239/2183/2698 4242/2186/2701 1603/2197/1160
f 4248/2198/2707 4249/2199/2708 4252/2200/2711 4251/2201/2710
f 4249/2199/2708 4250/2202/2709 4253/2203/2712 4252/2200/2711
f 4251/2201/2710 4252/2200/2711 4255/2204/2714 4254/2205/2713
f 4252/2200/2711 4253/2203/2712 4256/2206/2715 4255/2204/2714
f 472/2143/341 1055/2141/703 4248/2198/2707 3258/2207/2123
f 1055/2141/703 1054/2140/702 4249/2199/2708 4248/2198/2707
f 1054/2140/702 1053/2139/701 4250/2202/2709 4249/2199/2708
f 1053/2139/701 100/2138/77 3261/2208/2126 4250/2202/2709
f 4250/2202/2709 3261/2208/2126 3262/2209/2127 4253/2203/2712
f 4253/2203/2712 3262/2209/2127 3263/2210/2128 4256/2206/2715
f 4256/2206/2715 3263/2210/2128 301/2211/213 3264/2212/2129
f 4255/2204/2714 4256/2206/2715 3264/2212/2129 3265/2213/2130
f 4254/2205/2713 4255/2204/2714 3265/2213/2130 3266/2214/2131
f 3260/2215/2125 4254/2205/2713 3266/2214/2131 471/2216/340
f 3259/2217/2124 4251/2201/2710 4254/2205/2713 3260/2215/2125
f 3258/2207/2123 4248/2198/2707 4251/2201/2710 3259/2217/2124
f 4257/2218/2716 4258/2219/2717 4261/2220/2720 4260/2221/2719
f 4258/2219/2717 4259/2222/2718 4262/2223/2721 4261/2220/2720
f 4260/2221/2719 4261/2220/2720 4264/2224/2723 4263/2225/2722
f 4261/2220/2720 4262/2223/2721 4265/2226/2724 4264/2224/2723
f 393/2163/275 3293/2161/2158 4257/2218/2716 1599/2227/1157
f 3293/2161/2158 3292/2160/2157 4258/2219/2717 4257/2218/2716
f 3292/2160/2157 3291/2159/2156 4259/2222/2718 4258/2219/2717
f 3291/2159/2156 472/2143/341 3258/2207/2123 4259/2222/2718
f 4259/2222/2718 3258/2207/2123 3259/2217/2124 4262/2223/2721
f 4262/2223/2721 3259/2217/2124 3260/2215/2125 4265/2226/2724
f 4265/2226/2724 3260/2215/2125 471/2216/340 1443/1933/1006
f 4264/2224/2723 4265/2226/2724 1443/1933/1006 1444/2228/1007
f 4263/2225/2722 4264/2224/2723 1444/2228/1007 1445/1930/1008
f 1601/2229/1159 4263/2225/2722 1445/1930/1008 395/2230/277
f 1600/2231/1158 4260/2221/2719 4263/2225/2722 1601/2229/1159
f 1599/2227/1157 4257/2218/2716 4260/2221/2719 1600/2231/1158
f 4266/2232/2725 4267/2233/2726 4270/2234/2729 4269/2235/2728
f 4267/2233/2726 4268/2236/2727 4271/2237/2730 4270/2234/2729
f 4269/2235/2728 4270/2234/2729 4273/2238/2732 4272/2239/2731
f 4270/2234/2729 4271/2237/2730 4274/2240/2733 4273/2238/2732
f 402/2241/282 1460/2242/1023 4266/2232/2725 1596/2243/1154
f 1460/2242/1023 1459/2244/1022 4267/2233/2726 4266/2232/2725
f 1459/2244/1022 1458/2245/1021 4268/2236/2727 4267/2233/2726
f 1458/2245/1021 139/2246/100 1074/2247/719 4268/2236/2727
f 4268/2236/2727 1074/2247/719 1075/2248/720 4271/2237/2730
f 4271/2237/2730 1075/2248/720 1076/2249/721 4274/2240/2733
f 4274/2240/2733 1076/2249/721 107/2250/82 1446/2251/1009
f 4273/2238/2732 4274/2240/2733 1446/2251/1009 1447/1794/1010
f 4272/2239/2731 4273/2238/2732 1447/1794/1010 1448/2252/1011
f 1598/2253/1156 4272/2239/2731 1448/2252/1011 396/2254/278
f 1597/2255/1155 4269/2235/2728 4272/2239/2731 1598/2253/1156
f 1596/2243/1154 4266/2232/2725 4269/2235/2728 1597/2255/1155
f 4275/2256/2734 4276/2257/2735 4279/2258/2738 4278/2259/2737
f 4276/2257/2735 4277/2260/2736 4280/2261/2739 4279/2258/2738
f 4278/2259/2737 4279/2258/2738 4282/2262/2741 4281/2263/2740
f 4279/2258/2738 4280/2261/2739 4283/2264/2742 4282/2262/2741
f 139/2246/100 1238/2265/827 4275/2256/2734 1074/2247/719
f 1238/2265/827 1237/2266/826 4276/2257/2735 4275/2256/2734
f 1237/2266/826 1236/2267/825 4277/2260/2736 4276/2257/2735
f 1236/2267/825 140/2268/101 1077/2269/722 4277/2260/2736
f 4277/2260/2736 1077/2269/722 1078/2270/723 4280/2261/2739
f 4280/2261/2739 1078/2270/723 1079/2271/724 4283/2264/2742
f 4283/2264/2742 1079/2271/724 108/2272/83 1086/2273/731
f 4282/2262/2741 4283/2264/2742 1086/2273/731 1087/2274/732
f 4281/2263/2740 4282/2262/2741 1087/2274/732 1088/2275/733
f 1076/2249/721 4281/2263/2740 1088/2275/733 107/2250/82
f 1075/2248/720 4278/2259/2737 4281/2263/2740 1076/2249/721
f 1074/2247/719 4275/2256/2734 4278/2259/2737 1075/2248/720
f 4284/2276/2743 4285/2277/2744 4288/2278/2747 4287/2279/2746
f 4285/2277/2744 4286/2280/2745 4289/2281/2748 4288/2278/2747
f 4287/2279/2746 4288/2278/2747 4291/2282/2750 4290/2283/2749
f 4288/2278/2747 4289/2281/2748 4292/2284/2751 4291/2282/2750
f 140/2285/101 1235/2286/824 4284/2276/2743 1077/2287/722
f 1235/2286/824 1234/2288/823 4285/2277/2744 4284/2276/2743
f 1234/2288/823 1233/2289/822 4286/2280/2745 4285/2277/2744
f 1233/2289/822 141/2290/102 1080/2291/725 4286/2280/2745
f 4286/2280/2745 1080/2291/725 1081/2292/726 4289/2281/2748
f 4289/2281/2748 1081/2292/726 1082/2293/727 4292/2284/2751
f 4292/2284/2751 1082/2293/727 109/1821/84 1089/1820/734
f 4291/2282/2750 4292/2284/2751 1089/1820/734 1090/1819/735
f 4290/2283/2749 4291/2282/2750 1090/1819/735 1091/1817/736
f 1079/2294/724 4290/2283/2749 1091/1817/736 108/1816/83
f 1078/2295/723 4287/2279/2746 4290/2283/2749 1079/2294/724
f 1077/2287/722 4284/2276/2743 4287/2279/2746 1078/2295/723
f 4293/2296/797 4294/2297/797 4297/2298/798 4296/2299/798
f 4294/2297/797 4295/2300/797 4298/2301/798 4297/2298/798
f 4296/2299/798 4297/2298/798 4300/2302/799 4299/2303/1302
f 4297/2298/798 4298/2301/798 4301/2304/799 4300/2302/799
f 124/2305/85 1139/2306/85 4293/2296/797 1182/2307/797
f 1139/2306/85 1138/2308/628 4294/2297/797 4293/2296/797
f 1138/2308/628 1137/2309/85 4295/2300/797 4294/2297/797
f 1137/2309/85 110/1360/85 1845/1584/797 4295/2300/797
f 4295/2300/797 1845/1584/797 1846/1592/798 4298/2301/798
f 4298/2301/798 1846/1592/798 1847/1590/1302 4301/2304/799
f 4301/2304/799 1847/1590/1302 138/1591/61 1860/2310/61
f 4300/2302/799 4301/2304/799 1860/2310/61 1861/2311/61
f 4299/2303/1302 4300/2302/799 1861/2311/61 1862/2312/61
f 1184/2313/799 4299/2303/1302 1862/2312/61 121/2314/61
f 1183/2315/798 4296/2299/798 4299/2303/1302 1184/2313/799
f 1182/2307/797 4293/2296/797 4296/2299/798 1183/2315/798
f 4302/2316/639 4303/2317/639 4306/2318/610 4305/2319/610
f 4303/2317/639 4304/2320/639 4307/2321/610 4306/2318/610
f 4305/2319/610 4306/2318/610 4309/2322/611 4308/2323/611
f 4306/2318/610 4307/2321/610 4310/2324/611 4309/2322/611
f 118/2325/58 1130/2326/58 4302/2316/639 1179/2327/639
f 1130/2326/58 1129/2328/58 4303/2317/639 4302/2316/639
f 1129/2328/58 1128/2329/58 4304/2320/639 4303/2317/639
f 1128/2329/58 105/1568/58 1848/1570/639 4304/2320/639
f 4304/2320/639 1848/1570/639 1849/1574/610 4307/2321/610
f 4307/2321/610 1849/1574/610 1850/1573/611 4310/2324/611
f 4310/2324/611 1850/1573/611 137/1335/60 1857/2330/60
f 4309/2322/611 4310/2324/611 1857/2330/60 1858/2331/60
f 4308/2323/611 4309/2322/611 1858/2331/60 1859/2332/60
f 1181/2333/611 4308/2323/611 1859/2332/60 120/2334/60
f 1180/2335/610 4305/2319/610 4308/2323/611 1181/2333/611
f 1179/2327/639 4302/2316/639 4305/2319/610 1180/2335/610
f 4311/2336/737 4312/2337/737 4315/2338/737 4314/2339/737
f 4312/2337/737 4313/2340/737 4316/2341/737 4315/2338/737
f 4314/2339/737 4315/2338/737 4318/2342/737 4317/2343/737
f 4315/2338/737 4316/2341/737 4319/2344/737 4318/2342/737
f 125/2345/86 1142/2346/86 4311/2336/737 1176/2347/737
f 1142/2346/86 1141/2348/86 4312/2337/737 4311/2336/737
f 1141/2348/86 1140/2349/86 4313/2340/737 4312/2337/737
f 1140/2349/86 111/1344/86 1092/1355/737 4313/2340/737
f 4313/2340/737 1092/1355/737 1093/1361/737 4316/2341/737
f 4316/2341/737 1093/1361/737 1094/1359/737 4319/2344/737
f 4319/2344/737 1094/1359/737 110/1360/85 1137/2309/85
f 4318/2342/737 4319/2344/737 1137/2309/85 1138/2308/628
f 4317/2343/737 4318/2342/737 1138/2308/628 1139/2306/85
f 1178/2350/737 4317/2343/737 1139/2306/85 124/2305/85
f 1177/2351/737 4314/2339/737 4317/2343/737 1178/2350/737
f 1176/2347/737 4311/2336/737 4314/2339/737 1177/2351/737
f 4320/2352/641 4321/2353/641 4324/2354/795 4323/2355/795
f 4321/2353/641 4322/2356/641 4325/2357/795 4324/2354/795
f 4323/2355/795 4324/2354/795 4327/2358/796 4326/2359/796
f 4324/2354/795 4325/2357/795 4328/2360/796 4327/2358/796
f 120/2334/60 1859/2332/60 4320/2352/641 1173/2361/641
f 1859/2332/60 1858/2331/60 4321/2353/641 4320/2352/641
f 1858/2331/60 1857/2330/60 4322/2356/641 4321/2353/641
f 1857/2330/60 137/1335/60 1851/1337/641 4322/2356/641
f 4322/2356/641 1851/1337/641 1852/1345/795 4325/2357/795
f 4325/2357/795 1852/1345/795 1853/1343/796 4328/2360/796
f 4328/2360/796 1853/1343/796 111/1344/86 1140/2349/86
f 4327/2358/796 4328/2360/796 1140/2349/86 1141/2348/86
f 4326/2359/796 4327/2358/796 1141/2348/86 1142/2346/86
f 1175/2362/796 4326/2359/796 1142/2346/86 125/2345/86
f 1174/2363/795 4323/2355/795 4326/2359/796 1175/2362/796
f 1173/2361/641 4320/2352/641 4323/2355/795 1174/2363/795
f 4329/2364/2752 4330/2365/2753 4333/2366/2756 4332/2367/2755
f 4330/2365/2753 4331/2368/2754 4334/2369/2757 4333/2366/2756
f 4332/2367/2755 4333/2366/2756 4336/2370/2759 4335/2371/2758
f 4333/2366/2756 4334/2369/2757 4337/2372/2760 4336/2370/2759
f 131/2373/98 1172/2374/794 4329/2364/2752 1098/2375/741
f 1172/2374/794 1171/2376/793 4330/2365/2753 4329/2364/2752
f 1171/2376/793 1170/2377/792 4331/2368/2754 4330/2365/2753
f 1170/2377/792 132/2378/99 1101/2379/744 4331/2368/2754
f 4331/2368/2754 1101/2379/744 1102/2380/745 4334/2369/2757
f 4334/2369/2757 1102/2380/745 1103/2381/746 4337/2372/2760
f 4337/2372/2760 1103/2381/746 114/2382/89 1104/2383/747
f 4336/2370/2759 4337/2372/2760 1104/2383/747 1105/2384/748
f 4335/2371/2758 4336/2370/2759 1105/2384/748 1106/2385/749
f 1100/2386/743 4335/2371/2758 1106/2385/749 113/2387/88
f 1099/2388/742 4332/2367/2755 4335/2371/2758 1100/2386/743
f 1098/2375/741 4329/2364/2752 4332/2367/2755 1099/2388/742
f 4338/2389/2761 4339/2390/2762 4342/2391/2765 4341/2392/2764
f 4339/2390/2762 4340/2393/2763 4343/2394/2766 4342/2391/2765
f 4341/2392/2764 4342/2391/2765 4345/2395/2768 4344/2396/2767
f 4342/2391/2765 4343/2394/2766 4346/2397/2769 4345/2395/2768
f 130/2398/97 1169/2399/791 4338/2389/2761 1095/2400/738
f 1169/2399/791 1168/2401/790 4339/2390/2762 4338/2389/2761
f 1168/2401/790 1167/2402/789 4340/2393/2763 4339/2390/2762
f 1167/2402/789 131/2403/98 1098/2404/741 4340/2393/2763
f 4340/2393/2763 1098/2404/741 1099/2405/742 4343/2394/2766
f 4343/2394/2766 1099/2405/742 1100/2406/743 4346/2397/2769
f 4346/2397/2769 1100/2406/743 113/2407/88 1107/2408/750
f 4345/2395/2768 4346/2397/2769 1107/2408/750 1108/2409/751
f 4344/2396/2767 4345/2395/2768 1108/2409/751 1109/2410/752
f 1097/2411/740 4344/2396/2767 1109/2410/752 112/2412/87
f 1096/2413/739 4341/2392/2764 4344/2396/2767 1097/2411/740
f 1095/2400/738 4338/2389/2761 4341/2392/2764 1096/2413/739
f 4347/2414/2770 4348/2415/2771 4351/2416/2774 4350/2417/2773
f 4348/2415/2771 4349/2418/2772 4352/2419/2775 4351/2416/2774
f 4350/2417/2773 4351/2416/2774 4354/2420/2777 4353/2421/2776
f 4351/2416/2774 4352/2419/2775 4355/2422/2778 4354/2420/2777
f 399/2423/281 1457/2424/1020 4347/2414/2770 1593/2425/1151
f 1457/2424/1020 1456/2426/1019 4348/2415/2771 4347/2414/2770
f 1456/2426/1019 1455/2427/1018 4349/2418/2772 4348/2415/2771
f 1455/2427/1018 130/2398/97 1095/2400/738 4349/2418/2772
f 4349/2418/2772 1095/2400/738 1096/2413/739 4352/2419/2775
f 4352/2419/2775 1096/2413/739 1097/2411/740 4355/2422/2778
f 4355/2422/2778 1097/2411/740 112/2412/87 1449/2428/1012
f 4354/2420/2777 4355/2422/2778 1449/2428/1012 1450/2429/1013
f 4353/2421/2776 4354/2420/2777 1450/2429/1013 1451/2430/1014
f 1595/2431/1153 4353/2421/2776 1451/2430/1014 397/2432/279
f 1594/2433/1152 4350/2417/2773 4353/2421/2776 1595/2431/1153
f 1593/2425/1151 4347/2414/2770 4350/2417/2773 1594/2433/1152
f 4356/2434/2779 4357/2435/2780 4360/2436/2783 4359/2437/2782
f 4357/2435/2780 4358/2438/2781 4361/2439/2784 4360/2436/2783
f 4359/2437/2782 4360/2436/2783 4363/2440/2786 4362/2441/2785
f 4360/2436/2783 4361/2439/2784 4364/2442/2787 4363/2440/2786
f 86/327/65 999/2443/647 4356/2434/2779 1127/2444/770
f 999/2443/647 1000/325/648 4357/2435/2780 4356/2434/2779
f 1000/325/648 1001/323/649 4358/2438/2781 4357/2435/2780
f 1001/323/649 85/2445/64 1122/2446/765 4358/2438/2781
f 4358/2438/2781 1122/2446/765 1123/2447/766 4361/2439/2784
f 4361/2439/2784 1123/2447/766 1124/2448/767 4364/2442/2787
f 4364/2442/2787 1124/2448/767 113/2449/88 1106/2450/749
f 4363/2440/2786 4364/2442/2787 1106/2450/749 1105/2451/748
f 4362/2441/2785 4363/2440/2786 1105/2451/748 1104/2452/747
f 1125/2453/768 4362/2441/2785 1104/2452/747 114/2382/89
f 1126/2454/769 4359/2437/2782 4362/2441/2785 1125/2453/768
f 1127/2444/770 4356/2434/2779 4359/2437/2782 1126/2454/769
f 4365/2455/2788 4366/2456/2789 4369/2457/2792 4368/2458/2791
f 4366/2456/2789 4367/2459/2790 4370/2460/2793 4369/2457/2792
f 4368/2458/2791 4369/2457/2792 4372/2461/2795 4371/2462/2794
f 4369/2457/2792 4370/2460/2793 4373/2463/2796 4372/2461/2795
f 123/2464/95 954/2465/625 4365/2455/2788 1164/2466/786
f 954/2465/625 955/2467/626 4366/2456/2789 4365/2455/2788
f 955/2467/626 956/2468/627 4367/2459/2790 4366/2456/2789
f 956/2468/627 86/327/65 1127/2444/770 4367/2459/2790
f 4367/2459/2790 1127/2444/770 1126/2454/769 4370/2460/2793
f 4370/2460/2793 1126/2454/769 1125/2453/768 4373/2463/2796
f 4373/2463/2796 1125/2453/768 114/2382/89 1103/2381/746
f 4372/2461/2795 4373/2463/2796 1103/2381/746 1102/2469/745
f 4371/2462/2794 4372/2461/2795 1102/2469/745 1101/2470/744
f 1166/2471/788 4371/2462/2794 1101/2470/744 132/2472/99
f 1165/2473/787 4368/2458/2791 4371/2462/2794 1166/2471/788
f 1164/2466/786 4365/2455/2788 4368/2458/2791 1165/2473/787
f 4374/2474/2797 4375/2475/2798 4378/2476/2801 4377/2477/2800
f 4375/2475/2798 4376/2478/2799 4379/2479/2802 4378/2476/2801
f 4377/2477/2800 4378/2476/2801 4381/2480/2804 4380/2481/2803
f 4378/2476/2801 4379/2479/2802 4382/2482/2805 4381/2480/2804
f 107/2250/82 1088/2275/733 4374/2474/2797 1119/2483/762
f 1088/2275/733 1087/2274/732 4375/2475/2798 4374/2474/2797
f 1087/2274/732 1086/2273/731 4376/2478/2799 4375/2475/2798
f 1086/2273/731 108/2272/83 950/2484/621 4376/2478/2799
f 4376/2478/2799 950/2484/621 949/2485/620 4379/2479/2802
f 4379/2479/2802 949/2485/620 948/2486/619 4382/2482/2805
f 4382/2482/2805 948/2486/619 116/2487/91 1110/2488/753
f 4381/2480/2804 4382/2482/2805 1110/2488/753 1111/2489/754
f 4380/2481/2803 4381/2480/2804 1111/2489/754 1112/2490/755
f 1121/2491/764 4380/2481/2803 1112/2490/755 115/2492/90
f 1120/2493/763 4377/2477/2800 4380/2481/2803 1121/2491/764
f 1119/2483/762 4374/2474/2797 4377/2477/2800 1120/2493/763
f 4383/2494/2806 4384/2495/2807 4387/2496/2810 4386/2497/2809
f 4384/2495/2807 4385/2498/2808 4388/2499/2811 4387/2496/2810
f 4386/2497/2809 4387/2496/2810 4390/2500/2813 4389/2501/2812
f 4387/2496/2810 4388/2499/2811 4391/2502/2814 4390/2500/2813
f 85/305/64 1002/2503/650 4383/2494/2806 1122/2504/765
f 1002/2503/650 1003/2505/651 4384/2495/2807 4383/2494/2806
f 1003/2505/651 1004/302/652 4385/2498/2808 4384/2495/2807
f 1004/302/652 84/2506/63 1118/2507/761 4385/2498/2808
f 4385/2498/2808 1118/2507/761 1117/2508/760 4388/2499/2811
f 4388/2499/2811 1117/2508/760 1116/2509/759 4391/2502/2814
f 4391/2502/2814 1116/2509/759 112/2510/87 1109/2511/752
f 4390/2500/2813 4391/2502/2814 1109/2511/752 1108/2512/751
f 4389/2501/2812 4390/2500/2813 1108/2512/751 1107/2513/750
f 1124/2514/767 4389/2501/2812 1107/2513/750 113/2387/88
f 1123/2515/766 4386/2497/2809 4389/2501/2812 1124/2514/767
f 1122/2504/765 4383/2494/2806 4386/2497/2809 1123/2515/766
f 4392/2516/2815 4393/2517/2816 4396/2518/2819 4395/2519/2818
f 4393/2517/2816 4394/2520/2817 4397/2521/2820 4396/2518/2819
f 4395/2519/2818 4396/2518/2819 4399/2522/2822 4398/2523/2821
f 4396/2518/2819 4397/2521/2820 4400/2524/2823 4399/2522/2822
f 109/1821/84 1134/2525/774 4392/2516/2815 951/1822/622
f 1134/2525/774 1135/2526/775 4393/2517/2816 4392/2516/2815
f 1135/2526/775 1136/2527/776 4394/2520/2817 4393/2517/2816
f 1136/2527/776 123/2464/95 1164/2466/786 4394/2520/2817
f 4394/2520/2817 1164/2466/786 1165/2473/787 4397/2521/2820
f 4397/2521/2820 1165/2473/787 1166/2471/788 4400/2524/2823
f 4400/2524/2823 1166/2471/788 132/2472/99 1163/2528/785
f 4399/2522/2822 4400/2524/2823 1163/2528/785 1162/2529/784
f 4398/2523/2821 4399/2522/2822 1162/2529/784 1161/2530/783
f 953/1824/624 4398/2523/2821 1161/2530/783 117/1825/92
f 952/1823/623 4395/2519/2818 4398/2523/2821 953/1824/624
f 951/1822/622 4392/2516/2815 4395/2519/2818 952/1823/623
f 4401/2531/2824 4402/2532/2825 4405/2533/2828 4404/2534/2827
f 4402/2532/2825 4403/2535/2826 4406/2536/2829 4405/2533/2828
f 4404/2534/2827 4405/2533/2828 4408/2537/2831 4407/2538/2830
f 4405/2533/2828 4406/2536/2829 4409/2539/2832 4408/2537/2831
f 398/1805/280 1454/1803/1017 4401/2531/2824 1590/2540/1148
f 1454/1803/1017 1453/1802/1016 4402/2532/2825 4401/2531/2824
f 1453/1802/1016 1452/1801/1015 4403/2535/2826 4402/2532/2825
f 1452/1801/1015 115/1800/90 1155/2541/777 4403/2535/2826
f 4403/2535/2826 1155/2541/777 1156/2542/778 4406/2536/2829
f 4406/2536/2829 1156/2542/778 1157/2543/779 4409/2539/2832
f 4409/2539/2832 1157/2543/779 130/2398/97 1455/2544/1018
f 4408/2537/2831 4409/2539/2832 1455/2544/1018 1456/2545/1019
f 4407/2538/2830 4408/2537/2831 1456/2545/1019 1457/2546/1020
f 1592/2547/1150 4407/2538/2830 1457/2546/1020 399/2548/281
f 1591/2549/1149 4404/2534/2827 4407/2538/2830 1592/2547/1150
f 1590/2540/1148 4401/2531/2824 4404/2534/2827 1591/2549/1149
f 4410/2550/2833 4411/2551/2834 4414/2552/2837 4413/2553/2836
f 4411/2551/2834 4412/2554/2835 4415/2555/2838 4414/2552/2837
f 4413/2553/2836 4414/2552/2837 4417/2556/2840 4416/2557/2839
f 4414/2552/2837 4415/2555/2838 4418/2558/2841 4417/2556/2840
f 115/2492/90 1112/2490/755 4410/2550/2833 1155/2559/777
f 1112/2490/755 1111/2489/754 4411/2551/2834 4410/2550/2833
f 1111/2489/754 1110/2488/753 4412/2554/2835 4411/2551/2834
f 1110/2488/753 116/2487/91 1158/2560/780 4412/2554/2835
f 4412/2554/2835 1158/2560/780 1159/2561/781 4415/2555/2838
f 4415/2555/2838 1159/2561/781 1160/2562/782 4418/2558/2841
f 4418/2558/2841 1160/2562/782 131/2403/98 1167/2402/789
f 4417/2556/2840 4418/2558/2841 1167/2402/789 1168/2401/790
f 4416/2557/2839 4417/2556/2840 1168/2401/790 1169/2399/791
f 1157/2563/779 4416/2557/2839 1169/2399/791 130/2398/97
f 1156/2564/778 4413/2553/2836 4416/2557/2839 1157/2563/779
f 1155/2559/777 4410/2550/2833 4413/2553/2836 1156/2564/778
f 4419/2565/2842 4420/2566/2843 4423/2567/2846 4422/2568/2845
f 4420/2566/2843 4421/2569/2844 4424/2570/2847 4423/2567/2846
f 4422/2568/2845 4423/2567/2846 4426/2571/2849 4425/2572/2848
f 4423/2567/2846 4424/2570/2847 4427/2573/2850 4426/2571/2849
f 116/1830/91 1115/1828/758 4419/2565/2842 1158/2574/780
f 1115/1828/758 1114/1827/757 4420/2566/2843 4419/2565/2842
f 1114/1827/757 1113/1826/756 4421/2569/2844 4420/2566/2843
f 1113/1826/756 117/1825/92 1161/2575/783 4421/2569/2844
f 4421/2569/2844 1161/2575/783 1162/2576/784 4424/2570/2847
f 4424/2570/2847 1162/2576/784 1163/2577/785 4427/2573/2850
f 4427/2573/2850 1163/2577/785 132/2378/99 1170/2377/792
f 4426/2571/2849 4427/2573/2850 1170/2377/792 1171/2376/793
f 4425/2572/2848 4426/2571/2849 1171/2376/793 1172/2374/794
f 1160/2578/782 4425/2572/2848 1172/2374/794 131/2373/98
f 1159/2579/781 4422/2568/2845 4425/2572/2848 1160/2578/782
f 1158/2574/780 4419/2565/2842 4422/2568/2845 1159/2579/781
f 4428/2580/641 4429/2581/641 4432/2582/2851 4431/2583/2851
f 4429/2581/641 4430/2584/641 4433/2585/795 4432/2582/2851
f 4431/2583/2851 4432/2582/2851 4435/2586/796 4434/2587/796
f 4432/2582/2851 4433/2585/795 4436/2588/796 4435/2586/796
f 81/1656/60 941/2589/60 4428/2580/641 984/1702/641
f 941/2589/60 940/2590/60 4429/2581/641 4428/2580/641
f 940/2590/60 939/2591/60 4430/2584/641 4429/2581/641
f 939/2591/60 120/2592/60 1173/2593/641 4430/2584/641
f 4430/2584/641 1173/2593/641 1174/2363/795 4433/2585/795
f 4433/2585/795 1174/2363/795 1175/2594/796 4436/2588/796
f 4436/2588/796 1175/2594/796 125/2595/86 960/2596/629
f 4435/2586/796 4436/2588/796 960/2596/629 961/2597/629
f 4434/2587/796 4435/2586/796 961/2597/629 962/2598/629
f 986/1704/643 4434/2587/796 962/2598/629 88/1705/67
f 985/1703/642 4431/2583/2851 4434/2587/796 986/1704/643
f 984/1702/641 4428/2580/641 4431/2583/2851 985/1703/642
f 4437/2599/737 4438/2600/737 4441/2601/737 4440/2602/737
f 4438/2600/737 4439/2603/737 4442/2604/737 4441/2601/737
f 4440/2602/737 4441/2601/737 4444/2605/737 4443/2606/737
f 4441/2601/737 4442/2604/737 4445/2607/737 4444/2605/737
f 88/1677/67 962/2608/629 4437/2599/737 981/1678/640
f 962/2608/629 961/2597/629 4438/2600/737 4437/2599/737
f 961/2597/629 960/2596/629 4439/2603/737 4438/2600/737
f 960/2596/629 125/2345/86 1176/2347/737 4439/2603/737
f 4439/2603/737 1176/2347/737 1177/2351/737 4442/2604/737
f 4442/2604/737 1177/2351/737 1178/2350/737 4445/2607/737
f 4445/2607/737 1178/2350/737 124/2305/85 957/2609/85
f 4444/2605/737 4445/2607/737 957/2609/85 958/2610/628
f 4443/2606/737 4444/2605/737 958/2610/628 959/2611/85
f 983/1680/640 4443/2606/737 959/2611/85 87/1681/66
f 982/1679/640 4440/2602/737 4443/2606/737 983/1680/640
f 981/1678/640 4437/2599/737 4440/2602/737 982/1679/640
f 4446/2612/639 4447/2613/639 4450/2614/610 4449/2615/610
f 4447/2613/639 4448/2616/639 4451/2617/610 4450/2614/610
f 4449/2615/610 4450/2614/610 4453/2618/611 4452/2619/611
f 4450/2614/610 4451/2617/610 4454/2620/611 4453/2618/611
f 79/1652/58 935/2621/58 4446/2612/639 978/1653/639
f 935/2621/58 934/2622/58 4447/2613/639 4446/2612/639
f 934/2622/58 933/1720/58 4448/2616/639 4447/2613/639
f 933/1720/58 118/2623/58 1179/2624/639 4448/2616/639
f 4448/2616/639 1179/2624/639 1180/2625/610 4451/2617/610
f 4451/2617/610 1180/2625/610 1181/2626/611 4454/2620/611
f 4454/2620/611 1181/2626/611 120/2592/60 939/2591/60
f 4453/2618/611 4454/2620/611 939/2591/60 940/2590/60
f 4452/2619/611 4453/2618/611 940/2590/60 941/2589/60
f 980/1655/611 4452/2619/611 941/2589/60 81/1656/60
f 979/1654/610 4449/2615/610 4452/2619/611 980/1655/611
f 978/1653/639 4446/2612/639 4449/2615/610 979/1654/610
f 4455/2627/797 4456/2628/797 4459/2629/798 4458/2630/798
f 4456/2628/797 4457/2631/797 4460/2632/798 4459/2629/798
f 4458/2630/798 4459/2629/798 4462/2633/799 4461/2634/1302
f 4459/2629/798 4460/2632/798 4463/2635/799 4462/2633/799
f 87/1681/66 959/2611/85 4455/2627/797 975/2636/636
f 959/2611/85 958/2610/628 4456/2628/797 4455/2627/797
f 958/2610/628 957/2609/85 4457/2631/797 4456/2628/797
f 957/2609/85 124/2305/85 1182/2307/797 4457/2631/797
f 4457/2631/797 1182/2307/797 1183/2315/798 4460/2632/798
f 4460/2632/798 1183/2315/798 1184/2313/799 4463/2635/799
f 4463/2635/799 1184/2313/799 121/2314/61 942/2637/61
f 4462/2633/799 4463/2635/799 942/2637/61 943/2638/61
f 4461/2634/1302 4462/2633/799 943/2638/61 944/2639/61
f 977/2640/638 4461/2634/1302 944/2639/61 82/2641/61
f 976/2642/637 4458/2630/798 4461/2634/1302 977/2640/638
f 975/2636/636 4455/2627/797 4458/2630/798 976/2642/637
f 4464/2643/800 4465/2644/800 4468/2645/801 4467/2646/801
f 4465/2644/800 4466/2647/800 4469/2648/801 4468/2645/801
f 4467/2646/801 4468/2645/801 4471/2649/802 4470/2650/802
f 4468/2645/801 4469/2648/801 4472/2651/802 4471/2649/802
f 204/2652/157 1949/2653/157 4464/2643/800 1242/2654/800
f 1949/2653/157 1948/2655/157 4465/2644/800 4464/2643/800
f 1948/2655/157 1947/2656/157 4466/2647/800 4465/2644/800
f 1947/2656/157 203/1913/157 1185/1915/800 4466/2647/800
f 4466/2647/800 1185/1915/800 1186/1919/801 4469/2648/801
f 4469/2648/801 1186/1919/801 1187/1918/802 4472/2651/802
f 4472/2651/802 1187/1918/802 119/1841/93 1856/2657/93
f 4471/2649/802 4472/2651/802 1856/2657/93 1855/2658/93
f 4470/2650/802 4471/2649/802 1855/2658/93 1854/2659/93
f 1244/2660/802 4470/2650/802 1854/2659/93 136/2661/93
f 1243/2662/801 4467/2646/801 4470/2650/802 1244/2660/802
f 1242/2654/800 4464/2643/800 4467/2646/801 1243/2662/801
f 4482/2683/2852 4483/2684/2853 4486/2685/2856 4485/2686/2855
f 4483/2684/2853 4484/2687/2854 4487/2688/2857 4486/2685/2856
f 4485/2686/2855 4486/2685/2856 4489/2689/2859 4488/2690/2858
f 4486/2685/2856 4487/2688/2857 4490/2691/2860 4489/2689/2859
f 189/2692/147 1745/2693/1237 4482/2683/2852 1755/2694/1241
f 1745/2693/1237 1744/2695/1236 4483/2684/2853 4482/2683/2852
f 1744/2695/1236 1743/2696/1235 4484/2687/2854 4483/2684/2853
f 1743/2696/1235 106/2697/81 1131/2698/771 4484/2687/2854
f 4484/2687/2854 1131/2698/771 1132/2699/772 4487/2688/2857
f 4487/2688/2857 1132/2699/772 1133/2700/773 4490/2691/2860
f 4490/2691/2860 1133/2700/773 122/2701/94 1749/2702/1238
f 4489/2689/2859 4490/2691/2860 1749/2702/1238 1750/1868/1239
f 4488/2690/2858 4489/2689/2859 1750/1868/1239 1751/2703/1240
f 1757/2704/1243 4488/2690/2858 1751/2703/1240 191/2705/148
f 1756/2706/1242 4485/2686/2855 4488/2690/2858 1757/2704/1243
f 1755/2694/1241 4482/2683/2852 4485/2686/2855 1756/2706/1242
f 4491/2707/807 4492/2708/807 4495/2709/2576 4494/2710/2862
f 4492/2708/807 4493/2711/2861 4496/2712/808 4495/2709/2576
f 4494/2710/2862 4495/2709/2576 4498/2713/2864 4497/2714/2863
f 4495/2709/2576 4496/2712/808 4499/2715/2865 4498/2713/2864
f 136/2661/93 1854/2659/93 4491/2707/807 1836/2716/807
f 1854/2659/93 1855/2658/93 4492/2708/807 4491/2707/807
f 1855/2658/93 1856/2657/93 4493/2711/2861 4492/2708/807
f 1856/2657/93 119/1841/93 1194/1843/807 4493/2711/2861
f 4493/2711/2861 1194/1843/807 1195/1855/808 4496/2712/808
f 4496/2712/808 1195/1855/808 1196/1853/809 4499/2715/2865
f 4499/2715/2865 1196/1853/809 122/1854/94 1133/2717/773
f 4498/2713/2864 4499/2715/2865 1133/2717/773 1132/2718/772
f 4497/2714/2863 4498/2713/2864 1132/2718/772 1131/2719/771
f 1838/2720/1300 4497/2714/2863 1131/2719/771 106/2721/81
f 1837/2722/1299 4494/2710/2862 4497/2714/2863 1838/2720/1300
f 1836/2716/807 4491/2707/807 4494/2710/2862 1837/2722/1299
f 4527/2775/1301 4528/2776/1301 4531/2777/811 4530/2778/811
f 4528/2776/1301 4529/2779/810 4532/2780/811 4531/2777/811
f 4530/2778/811 4531/2777/811 4534/2781/812 4533/2782/812
f 4531/2777/811 4532/2780/811 4535/2783/812 4534/2781/812
f 105/2784/58 1128/2785/58 4527/2775/1301 1842/2786/1301
f 1128/2785/58 1129/2787/58 4528/2776/1301 4527/2775/1301
f 1129/2787/58 1130/2788/58 4529/2779/810 4528/2776/1301
f 1130/2788/58 118/1719/58 1206/1721/810 4529/2779/810
f 4529/2779/810 1206/1721/810 1207/1729/811 4532/2780/811
f 4532/2780/811 1207/1729/811 1208/1727/812 4535/2783/812
f 4535/2783/812 1208/1727/812 129/1728/96 1833/2789/96
f 4534/2781/812 4535/2783/812 1833/2789/96 1834/2790/96
f 4533/2782/812 4534/2781/812 1834/2790/96 1835/2791/96
f 1844/2792/812 4533/2782/812 1835/2791/96 135/2793/96
f 1843/2794/811 4530/2778/811 4533/2782/812 1844/2792/812
f 1842/2786/1301 4527/2775/1301 4530/2778/811 1843/2794/811
f 4536/2795/1301 4537/2796/1301 4540/2797/811 4539/2798/811
f 4537/2796/1301 4538/2799/810 4541/2800/811 4540/2797/811
f 4539/2798/811 4540/2797/811 4543/2801/812 4542/2802/812
f 4540/2797/811 4541/2800/811 4544/2803/812 4543/2801/812
f 65/1315/46 1863/2804/58 4536/2795/1301 891/1316/587
f 1863/2804/58 1864/2805/58 4537/2796/1301 4536/2795/1301
f 1864/2805/58 1865/2806/58 4538/2799/810 4537/2796/1301
f 1865/2806/58 105/2784/58 1842/2786/1301 4538/2799/810
f 4538/2799/810 1842/2786/1301 1843/2794/811 4541/2800/811
f 4541/2800/811 1843/2794/811 1844/2792/812 4544/2803/812
f 4544/2803/812 1844/2792/812 135/2793/96 888/2807/96
f 4543/2801/812 4544/2803/812 888/2807/96 889/2808/96
f 4542/2802/812 4543/2801/812 889/2808/96 890/2809/96
f 893/1318/589 4542/2802/812 890/2809/96 78/1319/57
f 892/1317/588 4539/2798/811 4542/2802/812 893/1318/589
f 891/1316/587 4536/2795/1301 4539/2798/811 892/1317/588
f 4572/2849/2866 4573/2850/2867 4576/2851/2870 4575/2852/2869
f 4573/2850/2867 4574/2853/2868 4577/2854/2871 4576/2851/2870
f 4575/2852/2869 4576/2851/2870 4579/2855/2873 4578/2856/2872
f 4576/2851/2870 4577/2854/2871 4580/2857/2874 4579/2855/2873
f 71/1464/52 911/2858/596 4572/2849/2866 1221/2859/816
f 911/2858/596 910/2860/595 4573/2850/2867 4572/2849/2866
f 910/2860/595 909/2861/594 4574/2853/2868 4573/2850/2867
f 909/2861/594 72/2862/53 1224/2863/819 4574/2853/2868
f 4574/2853/2868 1224/2863/819 1225/2864/820 4577/2854/2871
f 4577/2854/2871 1225/2864/820 1226/2865/821 4580/2857/2874
f 4580/2857/2874 1226/2865/821 141/2290/102 1233/2289/822
f 4579/2855/2873 4580/2857/2874 1233/2289/822 1234/2288/823
f 4578/2856/2872 4579/2855/2873 1234/2288/823 1235/2286/824
f 1223/2866/818 4578/2856/2872 1235/2286/824 140/2285/101
f 1222/2867/817 4575/2852/2869 4578/2856/2872 1223/2866/818
f 1221/2859/816 4572/2849/2866 4575/2852/2869 1222/2867/817
f 4581/2868/2875 4582/2869/2876 4585/2870/2879 4584/2871/2878
f 4582/2869/2876 4583/2872/2877 4586/2873/2880 4585/2870/2879
f 4584/2871/2878 4585/2870/2879 4588/2874/2882 4587/2875/2881
f 4585/2870/2879 4586/2873/2880 4589/2876/2883 4588/2874/2882
f 70/2877/51 914/2878/599 4581/2868/2875 1218/2879/813
f 914/2878/599 913/1466/598 4582/2869/2876 4581/2868/2875
f 913/1466/598 912/2880/597 4583/2872/2877 4582/2869/2876
f 912/2880/597 71/1445/52 1221/2881/816 4583/2872/2877
f 4583/2872/2877 1221/2881/816 1222/2882/817 4586/2873/2880
f 4586/2873/2880 1222/2882/817 1223/2883/818 4589/2876/2883
f 4589/2876/2883 1223/2883/818 140/2268/101 1236/2267/825
f 4588/2874/2882 4589/2876/2883 1236/2267/825 1237/2266/826
f 4587/2875/2881 4588/2874/2882 1237/2266/826 1238/2265/827
f 1220/2884/815 4587/2875/2881 1238/2265/827 139/2246/100
f 1219/2885/814 4584/2871/2878 4587/2875/2881 1220/2884/815
f 1218/2879/813 4581/2868/2875 4584/2871/2878 1219/2885/814
f 4590/2886/2884 4591/2887/2885 4594/2888/2888 4593/2889/2887
f 4591/2887/2885 4592/2890/2886 4595/2891/2889 4594/2888/2888
f 4593/2889/2887 4594/2888/2888 4597/2892/2891 4596/2893/2890
f 4594/2888/2888 4595/2891/2889 4598/2894/2892 4597/2892/2891
f 385/2895/268 1424/2896/987 4590/2886/2884 1584/2897/1146
f 1424/2896/987 1423/2898/986 4591/2887/2885 4590/2886/2884
f 1423/2898/986 1422/2899/985 4592/2890/2886 4591/2887/2885
f 1422/2899/985 70/2877/51 1218/2879/813 4592/2890/2886
f 4592/2890/2886 1218/2879/813 1219/2885/814 4595/2891/2889
f 4595/2891/2889 1219/2885/814 1220/2884/815 4598/2894/2892
f 4598/2894/2892 1220/2884/815 139/2246/100 1458/2245/1021
f 4597/2892/2891 4598/2894/2892 1458/2245/1021 1459/2244/1022
f 4596/2893/2890 4597/2892/2891 1459/2244/1022 1460/2242/1023
f 1586/2900/1147 4596/2893/2890 1460/2242/1023 402/2241/282
f 1585/2901/282 4593/2889/2887 4596/2893/2890 1586/2900/1147
f 1584/2897/1146 4590/2886/2884 4593/2889/2887 1585/2901/282
f 4599/2902/2893 4600/2903/2894 4603/2904/2897 4602/2905/2896
f 4600/2903/2894 4601/2906/2895 4604/2907/2898 4603/2904/2897
f 4602/2905/2896 4603/2904/2897 4606/2908/2900 4605/2909/2899
f 4603/2904/2897 4604/2907/2898 4607/2910/2901 4606/2908/2900
f 66/1505/47 1209/2911/93 4599/2902/2893 915/2912/600
f 1209/2911/93 1210/2913/93 4600/2903/2894 4599/2902/2893
f 1210/2913/93 1211/2914/93 4601/2906/2895 4600/2903/2894
f 1211/2914/93 136/2661/93 1836/2716/807 4601/2906/2895
f 4601/2906/2895 1836/2716/807 1837/2722/1299 4604/2907/2898
f 4604/2907/2898 1837/2722/1299 1838/2720/1300 4607/2910/2901
f 4607/2910/2901 1838/2720/1300 106/2721/81 1868/2915/1305
f 4606/2908/2900 4607/2910/2901 1868/2915/1305 1867/2916/1304
f 4605/2909/2899 4606/2908/2900 1867/2916/1304 1866/2917/1303
f 917/2918/602 4605/2909/2899 1866/2917/1303 69/2919/50
f 916/2920/601 4602/2905/2896 4605/2909/2899 917/2918/602
f 915/2912/600 4599/2902/2893 4602/2905/2896 916/2920/601
f 4608/2921/2902 4609/2922/2903 4612/2923/2906 4611/2924/2905
f 4609/2922/2903 4610/2925/2904 4613/2926/2907 4612/2923/2906
f 4611/2924/2905 4612/2923/2906 4615/2927/2909 4614/2928/2908
f 4612/2923/2906 4613/2926/2907 4616/2929/2910 4615/2927/2909
f 185/1532/143 1733/1530/1231 4608/2921/2902 1758/2930/1244
f 1733/1530/1231 1732/1529/1230 4609/2922/2903 4608/2921/2902
f 1732/1529/1230 1731/1528/1229 4610/2925/2904 4609/2922/2903
f 1731/1528/1229 69/1527/50 1866/2931/1303 4610/2925/2904
f 4610/2925/2904 1866/2931/1303 1867/2932/1304 4613/2926/2907
f 4613/2926/2907 1867/2932/1304 1868/2933/1305 4616/2929/2910
f 4616/2929/2910 1868/2933/1305 106/2697/81 1743/2696/1235
f 4615/2927/2909 4616/2929/2910 1743/2696/1235 1744/2695/1236
f 4614/2928/2908 4615/2927/2909 1744/2695/1236 1745/2693/1237
f 1760/2934/1246 4614/2928/2908 1745/2693/1237 189/2692/147
f 1759/2935/1245 4611/2924/2905 4614/2928/2908 1760/2934/1246
f 1758/2930/1244 4608/2921/2902 4611/2924/2905 1759/2935/1245
f 4626/2954/800 4627/2955/800 4630/2956/801 4629/2957/801
f 4627/2955/800 4628/2958/800 4631/2959/801 4630/2956/801
f 4629/2957/801 4630/2956/801 4633/2960/802 4632/2961/802
f 4630/2956/801 4631/2959/801 4634/2962/802 4633/2960/802
f 201/1607/155 1946/2963/157 4626/2954/800 930/1608/615
f 1946/2963/157 1945/2964/157 4627/2955/800 4626/2954/800
f 1945/2964/157 1944/2965/157 4628/2958/800 4627/2955/800
f 1944/2965/157 204/2652/157 1242/2654/800 4628/2958/800
f 4628/2958/800 1242/2654/800 1243/2662/801 4631/2959/801
f 4631/2959/801 1243/2662/801 1244/2660/802 4634/2962/802
f 4634/2962/802 1244/2660/802 136/2661/93 1211/2914/93
f 4633/2960/802 4634/2962/802 1211/2914/93 1210/2913/93
f 4632/2961/802 4633/2960/802 1210/2913/93 1209/2911/93
f 932/1610/617 4632/2961/802 1209/2911/93 66/1505/47
f 931/1609/616 4629/2957/801 4632/2961/802 932/1610/617
f 930/1608/615 4626/2954/800 4629/2957/801 931/1609/616
f 4635/2966/2911 4636/2967/2912 4639/2968/2915 4638/2969/2914
f 4636/2967/2912 4637/2970/2913 4640/2971/2916 4639/2968/2915
f 4638/2969/2914 4639/2968/2915 4642/2972/2918 4641/2973/2917
f 4639/2968/2915 4640/2971/2916 4643/2974/2919 4642/2972/2918
f 377/2975/266 699/2976/487 4635/2966/2911 1581/2977/266
f 699/2976/487 700/2978/488 4636/2967/2912 4635/2966/2911
f 700/2978/488 701/2979/489 4637/2970/2913 4636/2967/2912
f 701/2979/489 40/837/29 1028/2980/676 4637/2970/2913
f 4637/2970/2913 1028/2980/676 1027/2981/675 4640/2971/2916
f 4640/2971/2916 1027/2981/675 1026/2982/674 4643/2974/2919
f 4643/2974/2919 1026/2982/674 143/2983/104 1461/2003/1024
f 4642/2972/2918 4643/2974/2919 1461/2003/1024 1462/2984/1025
f 4641/2973/2917 4642/2972/2918 1462/2984/1025 1463/2985/1026
f 1583/2986/1145 4641/2973/2917 1463/2985/1026 403/2987/283
f 1582/2988/1144 4638/2969/2914 4641/2973/2917 1583/2986/1145
f 1581/2977/266 4635/2966/2911 4638/2969/2914 1582/2988/1144
f 4644/2989/2920 4645/2990/2921 4648/2991/2924 4647/2992/2923
f 4645/2990/2921 4646/2993/2922 4649/2994/2925 4648/2991/2924
f 4647/2992/2923 4648/2991/2924 4651/2995/2927 4650/2996/2926
f 4648/2991/2924 4649/2994/2925 4652/2997/2928 4651/2995/2927
f 40/837/29 704/2998/492 4644/2989/2920 1028/2980/676
f 704/2998/492 703/2999/491 4645/2990/2921 4644/2989/2920
f 703/2999/491 702/3000/490 4646/2993/2922 4645/2990/2921
f 702/3000/490 34/833/23 3270/3001/2135 4646/2993/2922
f 4646/2993/2922 3270/3001/2135 3271/3002/2136 4649/2994/2925
f 4649/2994/2925 3271/3002/2136 3272/3003/2137 4652/2997/2928
f 4652/2997/2928 3272/3003/2137 340/3004/236 3273/3005/2138
f 4651/2995/2927 4652/2997/2928 3273/3005/2138 3274/3006/2139
f 4650/2996/2926 4651/2995/2927 3274/3006/2139 3275/3007/2140
f 1026/2982/674 4650/2996/2926 3275/3007/2140 143/2983/104
f 1027/2981/675 4647/2992/2923 4650/2996/2926 1026/2982/674
f 1028/2980/676 4644/2989/2920 4647/2992/2923 1027/2981/675
f 4653/3008/2929 4654/3009/2930 4657/3010/2933 4656/3011/2932
f 4654/3009/2930 4655/3012/2931 4658/3013/2934 4657/3010/2933
f 4656/3011/2932 4657/3010/2933 4660/3014/2936 4659/3015/2935
f 4657/3010/2933 4658/3013/2934 4661/3016/2937 4660/3014/2936
f 151/3017/112 1301/3018/884 4653/3008/2929 1295/3019/878
f 1301/3018/884 1300/3020/883 4654/3009/2930 4653/3008/2929
f 1300/3020/883 1299/3021/882 4655/3012/2931 4654/3009/2930
f 1299/3021/882 150/3022/111 1284/3023/867 4655/3012/2931
f 4655/3012/2931 1284/3023/867 1285/3024/868 4658/3013/2934
f 4658/3013/2934 1285/3024/868 1286/3025/869 4661/3016/2937
f 4661/3016/2937 1286/3025/869 148/3026/109 1281/3027/864
f 4660/3014/2936 4661/3016/2937 1281/3027/864 1282/3028/865
f 4659/3015/2935 4660/3014/2936 1282/3028/865 1283/3029/866
f 1293/3030/876 4659/3015/2935 1283/3029/866 149/3031/110
f 1294/3032/877 4656/3011/2932 4659/3015/2935 1293/3030/876
f 1295/3019/878 4653/3008/2929 4656/3011/2932 1294/3032/877
f 4662/3033/2938 4663/3034/2939 4666/3035/2942 4665/3036/2941
f 4663/3034/2939 4664/3037/2940 4667/3038/2943 4666/3035/2942
f 4665/3036/2941 4666/3035/2942 4669/3039/2945 4668/3040/2944
f 4666/3035/2942 4667/3038/2943 4670/3041/2946 4669/3039/2945
f 418/3042/298 1478/3043/1041 4662/3033/2938 1575/3044/1138
f 1478/3043/1041 1477/3045/1040 4663/3034/2939 4662/3033/2938
f 1477/3045/1040 1476/3046/1039 4664/3037/2940 4663/3034/2939
f 1476/3046/1039 156/3047/117 1257/3048/840 4664/3037/2940
f 4664/3037/2940 1257/3048/840 1258/3049/841 4667/3038/2943
f 4667/3038/2943 1258/3049/841 1259/3050/842 4670/3041/2946
f 4670/3041/2946 1259/3050/842 145/3051/106 1253/3052/836
f 4669/3039/2945 4670/3041/2946 1253/3052/836 1252/3053/835
f 4668/3040/2944 4669/3039/2945 1252/3053/835 1251/3054/834
f 1577/3055/1140 4668/3040/2944 1251/3054/834 406/3056/286
f 1576/3057/1139 4665/3036/2941 4668/3040/2944 1577/3055/1140
f 1575/3044/1138 4662/3033/2938 4665/3036/2941 1576/3057/1139
f 4671/3058/2947 4672/3059/2948 4675/3060/2951 4674/3061/2950
f 4672/3059/2948 4673/3062/2949 4676/3063/2952 4675/3060/2951
f 4674/3061/2950 4675/3060/2951 4678/3064/2954 4677/3065/2953
f 4675/3060/2951 4676/3063/2952 4679/3066/2955 4678/3064/2954
f 156/3067/117 1337/3068/920 4671/3058/2947 1257/3069/840
f 1337/3068/920 1336/3070/919 4672/3059/2948 4671/3058/2947
f 1336/3070/919 1335/3071/918 4673/3062/2949 4672/3059/2948
f 1335/3071/918 157/3072/118 1260/3073/843 4673/3062/2949
f 4673/3062/2949 1260/3073/843 1261/3074/844 4676/3063/2952
f 4676/3063/2952 1261/3074/844 1262/3075/845 4679/3066/2955
f 4679/3066/2955 1262/3075/845 144/3076/105 1254/3077/837
f 4678/3064/2954 4679/3066/2955 1254/3077/837 1255/3078/838
f 4677/3065/2953 4678/3064/2954 1255/3078/838 1256/3079/839
f 1259/3080/842 4677/3065/2953 1256/3079/839 145/3081/106
f 1258/3082/841 4674/3061/2950 4677/3065/2953 1259/3080/842
f 1257/3069/840 4671/3058/2947 4674/3061/2950 1258/3082/841
f 4680/3083/2956 4681/3084/2957 4684/3085/2960 4683/3086/2959
f 4681/3084/2957 4682/3087/2958 4685/3088/2961 4684/3085/2960
f 4683/3086/2959 4684/3085/2960 4687/3089/2963 4686/3090/2962
f 4684/3085/2960 4685/3088/2961 4688/3091/2964 4687/3089/2963
f 158/3092/119 1343/3093/926 4680/3083/2956 1263/3094/846
f 1343/3093/926 1342/3095/925 4681/3084/2957 4680/3083/2956
f 1342/3095/925 1341/3096/924 4682/3087/2958 4681/3084/2957
f 1341/3096/924 159/3097/120 1266/3098/849 4682/3087/2958
f 4682/3087/2958 1266/3098/849 1267/3099/850 4685/3088/2961
f 4685/3088/2961 1267/3099/850 1268/3100/851 4688/3091/2964
f 4688/3091/2964 1268/3100/851 147/3101/108 1272/3102/855
f 4687/3089/2963 4688/3091/2964 1272/3102/855 1273/3103/856
f 4686/3090/2962 4687/3089/2963 1273/3103/856 1274/3104/857
f 1265/3105/848 4686/3090/2962 1274/3104/857 146/3106/107
f 1264/3107/847 4683/3086/2959 4686/3090/2962 1265/3105/848
f 1263/3094/846 4680/3083/2956 4683/3086/2959 1264/3107/847
f 4689/3108/2965 4690/3109/2966 4693/3110/2969 4692/3111/2968
f 4690/3109/2966 4691/3112/2967 4694/3113/2970 4693/3110/2969
f 4692/3111/2968 4693/3110/2969 4696/3114/2972 4695/3115/2971
f 4693/3110/2969 4694/3113/2970 4697/3116/2973 4696/3114/2972
f 419/3117/299 1481/3118/1044 4689/3108/2965 1566/3119/1129
f 1481/3118/1044 1480/3120/1043 4690/3109/2966 4689/3108/2965
f 1480/3120/1043 1479/3121/1042 4691/3112/2967 4690/3109/2966
f 1479/3121/1042 158/3122/119 1263/3123/846 4691/3112/2967
f 4691/3112/2967 1263/3123/846 1264/3124/847 4694/3113/2970
f 4694/3113/2970 1264/3124/847 1265/3125/848 4697/3116/2973
f 4697/3116/2973 1265/3125/848 146/3126/107 1467/3127/1030
f 4696/3114/2972 4697/3116/2973 1467/3127/1030 1468/3128/1031
f 4695/3115/2971 4696/3114/2972 1468/3128/1031 1469/3129/1032
f 1568/3130/1131 4695/3115/2971 1469/3129/1032 408/3131/288
f 1567/3132/1130 4692/3111/2968 4695/3115/2971 1568/3130/1131
f 1566/3119/1129 4689/3108/2965 4692/3111/2968 1567/3132/1130
f 4698/3133/2974 4699/3134/2975 4702/3135/2978 4701/3136/2977
f 4699/3134/2975 4700/3137/2976 4703/3138/2979 4702/3135/2978
f 4701/3136/2977 4702/3135/2978 4705/3139/2981 4704/3140/2980
f 4702/3135/2978 4703/3138/2979 4706/3141/2982 4705/3139/2981
f 411/3142/291 1472/3143/1035 4698/3133/2974 1560/3144/1123
f 1472/3143/1035 1471/3145/1034 4699/3134/2975 4698/3133/2974
f 1471/3145/1034 1470/3146/1033 4700/3137/2976 4699/3134/2975
f 1470/3146/1033 151/3017/112 1295/3019/878 4700/3137/2976
f 4700/3137/2976 1295/3019/878 1294/3032/877 4703/3138/2979
f 4703/3138/2979 1294/3032/877 1293/3030/876 4706/3141/2982
f 4706/3141/2982 1293/3030/876 149/3031/110 1280/3147/863
f 4705/3139/2981 4706/3141/2982 1280/3147/863 1279/3148/862
f 4704/3140/2980 4705/3139/2981 1279/3148/862 1278/3149/861
f 1562/3150/1125 4704/3140/2980 1278/3149/861 410/3151/290
f 1561/3152/1124 4701/3136/2977 4704/3140/2980 1562/3150/1125
f 1560/3144/1123 4698/3133/2974 4701/3136/2977 1561/3152/1124
f 4707/3153/2983 4708/3154/2984 4711/3155/2987 4710/3156/2986
f 4708/3154/2984 4709/3157/2985 4712/3158/2988 4711/3155/2987
f 4710/3156/2986 4711/3155/2987 4714/3159/2990 4713/3160/2989
f 4711/3155/2987 4712/3158/2988 4715/3161/2991 4714/3159/2990
f 414/3162/294 1475/3163/1038 4707/3153/2983 1557/3164/1120
f 1475/3163/1038 1474/3165/1037 4708/3154/2984 4707/3153/2983
f 1474/3165/1037 1473/3166/1036 4709/3157/2985 4708/3154/2984
f 1473/3166/1036 152/3167/113 1304/3168/887 4709/3157/2985
f 4709/3157/2985 1304/3168/887 1303/3169/886 4712/3158/2988
f 4712/3158/2988 1303/3169/886 1302/3170/885 4715/3161/2991
f 4715/3161/2991 1302/3170/885 151/3017/112 1470/3146/1033
f 4714/3159/2990 4715/3161/2991 1470/3146/1033 1471/3145/1034
f 4713/3160/2989 4714/3159/2990 1471/3145/1034 1472/3143/1035
f 1559/3171/1122 4713/3160/2989 1472/3143/1035 411/3142/291
f 1558/3172/1121 4710/3156/2986 4713/3160/2989 1559/3171/1122
f 1557/3164/1120 4707/3153/2983 4710/3156/2986 1558/3172/1121
f 4716/3173/2992 4717/3174/2993 4720/3175/2996 4719/3176/2995
f 4717/3174/2993 4718/3177/2994 4721/3178/2997 4720/3175/2996
f 4719/3176/2995 4720/3175/2996 4723/3179/2999 4722/3180/2998
f 4720/3175/2996 4721/3178/2997 4724/3181/3000 4723/3179/2999
f 152/3167/113 1310/3182/893 4716/3173/2992 1304/3168/887
f 1310/3182/893 1309/3183/892 4717/3174/2993 4716/3173/2992
f 1309/3183/892 1308/3184/891 4718/3177/2994 4717/3174/2993
f 1308/3184/891 153/3185/114 1290/3186/873 4718/3177/2994
f 4718/3177/2994 1290/3186/873 1291/3187/874 4721/3178/2997
f 4721/3178/2997 1291/3187/874 1292/3188/875 4724/3181/3000
f 4724/3181/3000 1292/3188/875 150/3022/111 1299/3021/882
f 4723/3179/2999 4724/3181/3000 1299/3021/882 1300/3020/883
f 4722/3180/2998 4723/3179/2999 1300/3020/883 1301/3018/884
f 1302/3170/885 4722/3180/2998 1301/3018/884 151/3017/112
f 1303/3169/886 4719/3176/2995 4722/3180/2998 1302/3170/885
f 1304/3168/887 4716/3173/2992 4719/3176/2995 1303/3169/886
f 4725/3189/3001 4726/3190/3002 4729/3191/3005 4728/3192/3004
f 4726/3190/3002 4727/3193/3003 4730/3194/3006 4729/3191/3005
f 4728/3192/3004 4729/3191/3005 4732/3195/3008 4731/3196/3007
f 4729/3191/3005 4730/3194/3006 4733/3197/3009 4732/3195/3008
f 160/3198/121 1358/3199/941 4725/3189/3001 1349/3200/932
f 1358/3199/941 1357/3201/940 4726/3190/3002 4725/3189/3001
f 1357/3201/940 1356/3202/939 4727/3193/3003 4726/3190/3002
f 1356/3202/939 161/3203/122 1305/3204/888 4727/3193/3003
f 4727/3193/3003 1305/3204/888 1306/3205/889 4730/3194/3006
f 4730/3194/3006 1306/3205/889 1307/3206/890 4733/3197/3009
f 4733/3197/3009 1307/3206/890 153/3185/114 1308/3184/891
f 4732/3195/3008 4733/3197/3009 1308/3184/891 1309/3183/892
f 4731/3196/3007 4732/3195/3008 1309/3183/892 1310/3182/893
f 1347/3207/930 4731/3196/3007 1310/3182/893 152/3167/113
f 1348/3208/931 4728/3192/3004 4731/3196/3007 1347/3207/930
f 1349/3200/932 4725/3189/3001 4728/3192/3004 1348/3208/931
f 4734/3209/3010 4735/3210/3011 4738/3211/3014 4737/3212/3013
f 4735/3210/3011 4736/3213/3012 4739/3214/3015 4738/3211/3014
f 4737/3212/3013 4738/3211/3014 4741/3215/3017 4740/3216/3016
f 4738/3211/3014 4739/3214/3015 4742/3217/3018 4741/3215/3017
f 421/3218/301 1484/3219/1047 4734/3209/3010 1548/3220/1111
f 1484/3219/1047 1483/3221/1046 4735/3210/3011 4734/3209/3010
f 1483/3221/1046 1482/3222/1045 4736/3213/3012 4735/3210/3011
f 1482/3222/1045 160/3223/121 1349/3224/932 4736/3213/3012
f 4736/3213/3012 1349/3224/932 1348/3225/931 4739/3214/3015
f 4739/3214/3015 1348/3225/931 1347/3226/930 4742/3217/3018
f 4742/3217/3018 1347/3226/930 152/3167/113 1473/3166/1036
f 4741/3215/3017 4742/3217/3018 1473/3166/1036 1474/3165/1037
f 4740/3216/3016 4741/3215/3017 1474/3165/1037 1475/3163/1038
f 1550/3227/1113 4740/3216/3016 1475/3163/1038 414/3162/294
f 1549/3228/1112 4737/3212/3013 4740/3216/3016 1550/3227/1113
f 1548/3220/1111 4734/3209/3010 4737/3212/3013 1549/3228/1112
f 4743/3229/3019 4744/3230/3020 4747/3231/3023 4746/3232/3022
f 4744/3230/3020 4745/3233/3021 4748/3234/3024 4747/3231/3023
f 4746/3232/3022 4747/3231/3023 4750/3235/3026 4749/3236/3025
f 4747/3231/3023 4748/3234/3024 4751/3237/3027 4750/3235/3026
f 415/3238/295 1547/3239/1110 4743/3229/3019 1314/3240/897
f 1547/3239/1110 1546/3241/1109 4744/3230/3020 4743/3229/3019
f 1546/3241/1109 1545/3242/1108 4745/3233/3021 4744/3230/3020
f 1545/3242/1108 416/3243/296 1317/3244/900 4745/3233/3021
f 4745/3233/3021 1317/3244/900 1318/3245/901 4748/3234/3024
f 4748/3234/3024 1318/3245/901 1319/3246/902 4751/3237/3027
f 4751/3237/3027 1319/3246/902 155/3247/116 1322/3248/905
f 4750/3235/3026 4751/3237/3027 1322/3248/905 1321/3249/904
f 4749/3236/3025 4750/3235/3026 1321/3249/904 1320/3250/903
f 1316/3251/899 4749/3236/3025 1320/3250/903 154/3252/115
f 1315/3253/898 4746/3232/3022 4749/3236/3025 1316/3251/899
f 1314/3240/897 4743/3229/3019 4746/3232/3022 1315/3253/898
f 4752/3254/3028 4753/3255/3029 4756/3256/3032 4755/3257/3031
f 4753/3255/3029 4754/3258/3030 4757/3259/3033 4756/3256/3032
f 4755/3257/3031 4756/3256/3032 4759/3260/3035 4758/3261/3034
f 4756/3256/3032 4757/3259/3033 4760/3262/3036 4759/3260/3035
f 430/3263/310 1496/3264/1059 4752/3254/3028 1542/3265/1105
f 1496/3264/1059 1495/3266/1058 4753/3255/3029 4752/3254/3028
f 1495/3266/1058 1494/3267/1057 4754/3258/3030 4753/3255/3029
f 1494/3267/1057 167/3268/128 1323/3269/906 4754/3258/3030
f 4754/3258/3030 1323/3269/906 1324/3270/907 4757/3259/3033
f 4757/3259/3033 1324/3270/907 1325/3271/908 4760/3262/3036
f 4760/3262/3036 1325/3271/908 155/3247/116 1319/3272/902
f 4759/3260/3035 4760/3262/3036 1319/3272/902 1318/3245/901
f 4758/3261/3034 4759/3260/3035 1318/3245/901 1317/3273/900
f 1544/3274/1107 4758/3261/3034 1317/3273/900 416/3275/296
f 1543/3276/1106 4755/3257/3031 4758/3261/3034 1544/3274/1107
f 1542/3265/1105 4752/3254/3028 4755/3257/3031 1543/3276/1106
f 4761/3277/3037 4762/3278/3038 4765/3279/3041 4764/3280/3040
f 4762/3278/3038 4763/3281/3039 4766/3282/3042 4765/3279/3041
f 4764/3280/3040 4765/3279/3041 4768/3283/3044 4767/3284/3043
f 4765/3279/3041 4766/3282/3042 4769/3285/3045 4768/3283/3044
f 167/3286/128 3290/3287/2155 4761/3277/3037 1323/3288/906
f 3290/3287/2155 3289/3289/2154 4762/3278/3038 4761/3277/3037
f 3289/3289/2154 3288/3290/2153 4763/3281/3039 4762/3278/3038
f 3288/3290/2153 168/3291/129 3231/3292/2096 4763/3281/3039
f 4763/3281/3039 3231/3292/2096 3232/3293/2097 4766/3282/3042
f 4766/3282/3042 3232/3293/2097 3233/3294/2098 4769/3285/3045
f 4769/3285/3045 3233/3294/2098 154/3252/115 1320/3295/903
f 4768/3283/3044 4769/3285/3045 1320/3295/903 1321/3296/904
f 4767/3284/3043 4768/3283/3044 1321/3296/904 1322/3297/905
f 1325/3298/908 4767/3284/3043 1322/3297/905 155/3247/116
f 1324/3299/907 4764/3280/3040 4767/3284/3043 1325/3298/908
f 1323/3288/906 4761/3277/3037 4764/3280/3040 1324/3299/907
f 4770/3300/3046 4771/3301/3047 4774/3302/3050 4773/3303/3049
f 4771/3301/3047 4772/3304/3048 4775/3305/3051 4774/3302/3050
f 4773/3303/3049 4774/3302/3050 4777/3306/3053 4776/3307/3052
f 4774/3302/3050 4775/3305/3051 4778/3308/3054 4777/3306/3053
f 146/3106/107 1274/3104/857 4770/3300/3046 1326/3309/909
f 1274/3104/857 1273/3103/856 4771/3301/3047 4770/3300/3046
f 1273/3103/856 1272/3102/855 4772/3304/3048 4771/3301/3047
f 1272/3102/855 147/3101/108 1329/3310/912 4772/3304/3048
f 4772/3304/3048 1329/3310/912 1330/3311/913 4775/3305/3051
f 4775/3305/3051 1330/3311/913 1331/3312/914 4778/3308/3054
f 4778/3308/3054 1331/3312/914 157/3072/118 1335/3071/918
f 4777/3306/3053 4778/3308/3054 1335/3071/918 1336/3070/919
f 4776/3307/3052 4777/3306/3053 1336/3070/919 1337/3068/920
f 1328/3313/911 4776/3307/3052 1337/3068/920 156/3067/117
f 1327/3314/910 4773/3303/3049 4776/3307/3052 1328/3313/911
f 1326/3309/909 4770/3300/3046 4773/3303/3049 1327/3314/910
f 4779/3315/3055 4780/3316/3056 4783/3317/3059 4782/3318/3058
f 4780/3316/3056 4781/3319/3057 4784/3320/3060 4783/3317/3059
f 4782/3318/3058 4783/3317/3059 4786/3321/3062 4785/3322/3061
f 4783/3317/3059 4784/3320/3060 4787/3323/3063 4786/3321/3062
f 408/3131/288 1469/3129/1032 4779/3315/3055 1533/3324/1096
f 1469/3129/1032 1468/3128/1031 4780/3316/3056 4779/3315/3055
f 1468/3128/1031 1467/3127/1030 4781/3319/3057 4780/3316/3056
f 1467/3127/1030 146/3126/107 1326/3325/909 4781/3319/3057
f 4781/3319/3057 1326/3325/909 1327/3326/910 4784/3320/3060
f 4784/3320/3060 1327/3326/910 1328/3327/911 4787/3323/3063
f 4787/3323/3063 1328/3327/911 156/3047/117 1476/3046/1039
f 4786/3321/3062 4787/3323/3063 1476/3046/1039 1477/3045/1040
f 4785/3322/3061 4786/3321/3062 1477/3045/1040 1478/3043/1041
f 1535/3328/1098 4785/3322/3061 1478/3043/1041 418/3042/298
f 1534/3329/1097 4782/3318/3058 4785/3322/3061 1535/3328/1098
f 1533/3324/1096 4779/3315/3055 4782/3318/3058 1534/3329/1097
f 4788/3330/3064 4789/3331/3065 4792/3332/3068 4791/3333/3067
f 4789/3331/3065 4790/3334/3066 4793/3335/3069 4792/3332/3068
f 4791/3333/3067 4792/3332/3068 4795/3336/3071 4794/3337/3070
f 4792/3332/3068 4793/3335/3069 4796/3338/3072 4795/3336/3071
f 391/2053/273 2891/2051/1903 4788/3330/3064 1530/3339/1093
f 2891/2051/1903 2890/2050/1902 4789/3331/3065 4788/3330/3064
f 2890/2050/1902 2889/2049/1901 4790/3334/3066 4789/3331/3065
f 2889/2049/1901 300/2048/212 3279/3340/2144 4790/3334/3066
f 4790/3334/3066 3279/3340/2144 3280/3341/2145 4793/3335/3069
f 4793/3335/3069 3280/3341/2145 3281/3342/2146 4796/3338/3072
f 4796/3338/3072 3281/3342/2146 158/3343/119 1479/3344/1042
f 4795/3336/3071 4796/3338/3072 1479/3344/1042 1480/3345/1043
f 4794/3337/3070 4795/3336/3071 1480/3345/1043 1481/3346/1044
f 1532/3347/1095 4794/3337/3070 1481/3346/1044 419/3348/299
f 1531/3349/1094 4791/3333/3067 4794/3337/3070 1532/3347/1095
f 1530/3339/1093 4788/3330/3064 4791/3333/3067 1531/3349/1094
f 4797/3350/3073 4798/3351/3074 4801/3352/3077 4800/3353/3076
f 4798/3351/3074 4799/3354/3075 4802/3355/3078 4801/3352/3077
f 4800/3353/3076 4801/3352/3077 4804/3356/3080 4803/3357/3079
f 4801/3352/3077 4802/3355/3078 4805/3358/3081 4804/3356/3080
f 300/2048/212 3245/2074/2110 4797/3350/3073 3279/3359/2144
f 3245/2074/2110 3244/2073/2109 4798/3351/3074 4797/3350/3073
f 3244/2073/2109 3243/2072/2108 4799/3354/3075 4798/3351/3074
f 3243/2072/2108 97/2071/74 1338/3360/921 4799/3354/3075
f 4799/3354/3075 1338/3360/921 1339/3361/922 4802/3355/3078
f 4802/3355/3078 1339/3361/922 1340/3362/923 4805/3358/3081
f 4805/3358/3081 1340/3362/923 159/3097/120 1341/3363/924
f 4804/3356/3080 4805/3358/3081 1341/3363/924 1342/3095/925
f 4803/3357/3079 4804/3356/3080 1342/3095/925 1343/3364/926
f 3281/3365/2146 4803/3357/3079 1343/3364/926 158/3092/119
f 3280/3366/2145 4800/3353/3076 4803/3357/3079 3281/3365/2146
f 3279/3359/2144 4797/3350/3073 4800/3353/3076 3280/3366/2145
f 4806/3367/3082 4807/3368/3083 4810/3369/3086 4809/3370/3085
f 4807/3368/3083 4808/3371/3084 4811/3372/3087 4810/3369/3086
f 4809/3370/3085 4810/3369/3086 4813/3373/3089 4812/3374/3088
f 4810/3369/3086 4811/3372/3087 4814/3375/3090 4813/3373/3089
f 406/3376/286 1251/3377/834 4806/3367/3082 1524/3378/1087
f 1251/3377/834 1252/3379/835 4807/3368/3083 4806/3367/3082
f 1252/3379/835 1253/3380/836 4808/3371/3084 4807/3368/3083
f 1253/3380/836 145/3381/106 1289/3382/872 4808/3371/3084
f 4808/3371/3084 1289/3382/872 1288/3383/871 4811/3372/3087
f 4811/3372/3087 1288/3383/871 1287/3384/870 4814/3375/3090
f 4814/3375/3090 1287/3384/870 160/3223/121 1482/3385/1045
f 4813/3373/3089 4814/3375/3090 1482/3385/1045 1483/3386/1046
f 4812/3374/3088 4813/3373/3089 1483/3386/1046 1484/3387/1047
f 1526/3388/1089 4812/3374/3088 1484/3387/1047 421/3389/301
f 1525/3390/1088 4809/3370/3085 4812/3374/3088 1526/3388/1089
f 1524/3378/1087 4806/3367/3082 4809/3370/3085 1525/3390/1088
f 4815/3391/3091 4816/3392/3092 4819/3393/3095 4818/3394/3094
f 4816/3392/3092 4817/3395/3093 4820/3396/3096 4819/3393/3095
f 4818/3394/3094 4819/3393/3095 4822/3397/3098 4821/3398/3097
f 4819/3393/3095 4820/3396/3096 4823/3399/3099 4822/3397/3098
f 145/3400/106 1256/3401/839 4815/3391/3091 1289/3402/872
f 1256/3401/839 1255/3403/838 4816/3392/3092 4815/3391/3091
f 1255/3403/838 1254/3404/837 4817/3395/3093 4816/3392/3092
f 1254/3404/837 144/3405/105 1350/3406/933 4817/3395/3093
f 4817/3395/3093 1350/3406/933 1351/3407/934 4820/3396/3096
f 4820/3396/3096 1351/3407/934 1352/3408/935 4823/3399/3099
f 4823/3399/3099 1352/3408/935 161/3409/122 1356/3410/939
f 4822/3397/3098 4823/3399/3099 1356/3410/939 1357/3411/940
f 4821/3398/3097 4822/3397/3098 1357/3411/940 1358/3412/941
f 1287/3413/870 4821/3398/3097 1358/3412/941 160/3198/121
f 1288/3414/871 4818/3394/3094 4821/3398/3097 1287/3413/870
f 1289/3402/872 4815/3391/3091 4818/3394/3094 1288/3414/871
f 4824/3415/3100 4825/3416/3101 4828/3417/3104 4827/3418/3103
f 4825/3416/3101 4826/3419/3102 4829/3420/3105 4828/3417/3104
f 4827/3418/3103 4828/3417/3104 4831/3421/3107 4830/3422/3106
f 4828/3417/3104 4829/3420/3105 4832/3423/3108 4831/3421/3107
f 149/3031/110 1283/3029/866 4824/3415/3100 1359/3424/942
f 1283/3029/866 1282/3028/865 4825/3416/3101 4824/3415/3100
f 1282/3028/865 1281/3027/864 4826/3419/3102 4825/3416/3101
f 1281/3027/864 148/3026/109 1362/3425/945 4826/3419/3102
f 4826/3419/3102 1362/3425/945 1363/3426/946 4829/3420/3105
f 4829/3420/3105 1363/3426/946 1364/3427/947 4832/3423/3108
f 4832/3423/3108 1364/3427/947 163/3428/124 1368/3429/951
f 4831/3421/3107 4832/3423/3108 1368/3429/951 1369/3430/952
f 4830/3422/3106 4831/3421/3107 1369/3430/952 1370/3431/953
f 1361/3432/944 4830/3422/3106 1370/3431/953 162/3433/123
f 1360/3434/943 4827/3418/3103 4830/3422/3106 1361/3432/944
f 1359/3424/942 4824/3415/3100 4827/3418/3103 1360/3434/943
f 4833/3435/3109 4834/3436/3110 4837/3437/3113 4836/3438/3112
f 4834/3436/3110 4835/3439/3111 4838/3440/3114 4837/3437/3113
f 4836/3438/3112 4837/3437/3113 4840/3441/3116 4839/3442/3115
f 4837/3437/3113 4838/3440/3114 4841/3443/3117 4840/3441/3116
f 410/3151/290 1278/3149/861 4833/3435/3109 1515/3444/1078
f 1278/3149/861 1279/3148/862 4834/3436/3110 4833/3435/3109
f 1279/3148/862 1280/3147/863 4835/3439/3111 4834/3436/3110
f 1280/3147/863 149/3031/110 1359/3445/942 4835/3439/3111
f 4835/3439/3111 1359/3445/942 1360/3446/943 4838/3440/3114
f 4838/3440/3114 1360/3446/943 1361/3447/944 4841/3443/3117
f 4841/3443/3117 1361/3447/944 162/3448/123 1485/3449/1048
f 4840/3441/3116 4841/3443/3117 1485/3449/1048 1486/3450/1049
f 4839/3442/3115 4840/3441/3116 1486/3450/1049 1487/3451/1050
f 1517/3452/1080 4839/3442/3115 1487/3451/1050 424/3453/304
f 1516/3454/1079 4836/3438/3112 4839/3442/3115 1517/3452/1080
f 1515/3444/1078 4833/3435/3109 4836/3438/3112 1516/3454/1079
f 4842/3455/3118 4843/3456/3119 4846/3457/3122 4845/3458/3121
f 4843/3456/3119 4844/3459/3120 4847/3460/3123 4846/3457/3122
f 4845/3458/3121 4846/3457/3122 4849/3461/3125 4848/3462/3124
f 4846/3457/3122 4847/3460/3123 4850/3463/3126 4849/3461/3125
f 165/3464/126 1388/3465/971 4842/3455/3118 1371/3466/954
f 1388/3465/971 1387/3467/970 4843/3456/3119 4842/3455/3118
f 1387/3467/970 1386/3468/969 4844/3459/3120 4843/3456/3119
f 1386/3468/969 166/3469/127 1374/3470/957 4844/3459/3120
f 4844/3459/3120 1374/3470/957 1375/3471/958 4847/3460/3123
f 4847/3460/3123 1375/3471/958 1376/3472/959 4850/3463/3126
f 4850/3463/3126 1376/3472/959 473/3473/342 1377/3474/960
f 4849/3461/3125 4850/3463/3126 1377/3474/960 1378/3475/961
f 4848/3462/3124 4849/3461/3125 1378/3475/961 1379/3476/962
f 1373/3477/956 4848/3462/3124 1379/3476/962 164/3478/125
f 1372/3479/955 4845/3458/3121 4848/3462/3124 1373/3477/956
f 1371/3466/954 4842/3455/3118 4845/3458/3121 1372/3479/955
f 4851/3480/3127 4852/3481/3128 4855/3482/3131 4854/3483/3130
f 4852/3481/3128 4853/3484/3129 4856/3485/3132 4855/3482/3131
f 4854/3483/3130 4855/3482/3131 4858/3486/3134 4857/3487/3133
f 4855/3482/3131 4856/3485/3132 4859/3488/3135 4858/3486/3134
f 427/3489/307 1493/3490/1056 4851/3480/3127 1509/3491/1072
f 1493/3490/1056 1492/3492/1055 4852/3481/3128 4851/3480/3127
f 1492/3492/1055 1491/3493/1054 4853/3484/3129 4852/3481/3128
f 1491/3493/1054 165/3494/126 1371/3495/954 4853/3484/3129
f 4853/3484/3129 1371/3495/954 1372/3496/955 4856/3485/3132
f 4856/3485/3132 1372/3496/955 1373/3497/956 4859/3488/3135
f 4859/3488/3135 1373/3497/956 164/3498/125 1488/3499/1051
f 4858/3486/3134 4859/3488/3135 1488/3499/1051 1489/3500/1052
f 4857/3487/3133 4858/3486/3134 1489/3500/1052 1490/3501/1053
f 1511/3502/1074 4857/3487/3133 1490/3501/1053 426/3503/306
f 1510/3504/1073 4854/3483/3130 4857/3487/3133 1511/3502/1074
f 1509/3491/1072 4851/3480/3127 4854/3483/3130 1510/3504/1073
f 4860/3505/3136 4861/3506/3137 4864/3507/3140 4863/3508/3139
f 4861/3506/3137 4862/3509/3138 4865/3510/3141 4864/3507/3140
f 4863/3508/3139 4864/3507/3140 4867/3511/3143 4866/3512/3142
f 4864/3507/3140 4865/3510/3141 4868/3513/3144 4867/3511/3143
f 424/3514/304 1487/3515/1050 4860/3505/3136 1506/3516/1069
f 1487/3515/1050 1486/3450/1049 4861/3506/3137 4860/3505/3136
f 1486/3450/1049 1485/3517/1048 4862/3509/3138 4861/3506/3137
f 1485/3517/1048 162/3448/123 1380/3518/963 4862/3509/3138
f 4862/3509/3138 1380/3518/963 1381/3519/964 4865/3510/3141
f 4865/3510/3141 1381/3519/964 1382/3520/965 4868/3513/3144
f 4868/3513/3144 1382/3520/965 165/3494/126 1491/3493/1054
f 4867/3511/3143 4868/3513/3144 1491/3493/1054 1492/3492/1055
f 4866/3512/3142 4867/3511/3143 1492/3492/1055 1493/3490/1056
f 1508/3521/1071 4866/3512/3142 1493/3490/1056 427/3489/307
f 1507/3522/1070 4863/3508/3139 4866/3512/3142 1508/3521/1071
f 1506/3516/1069 4860/3505/3136 4863/3508/3139 1507/3522/1070
f 4869/3523/3145 4870/3524/3146 4873/3525/3149 4872/3526/3148
f 4870/3524/3146 4871/3527/3147 4874/3528/3150 4873/3525/3149
f 4872/3526/3148 4873/3525/3149 4876/3529/3152 4875/3530/3151
f 4873/3525/3149 4874/3528/3150 4877/3531/3153 4876/3529/3152
f 162/3532/123 1370/3533/953 4869/3523/3145 1380/3534/963
f 1370/3533/953 1369/3535/952 4870/3524/3146 4869/3523/3145
f 1369/3535/952 1368/3429/951 4871/3527/3147 4870/3524/3146
f 1368/3429/951 163/3536/124 1383/3537/966 4871/3527/3147
f 4871/3527/3147 1383/3537/966 1384/3538/967 4874/3528/3150
f 4874/3528/3150 1384/3538/967 1385/3539/968 4877/3531/3153
f 4877/3531/3153 1385/3539/968 166/3469/127 1386/3468/969
f 4876/3529/3152 4877/3531/3153 1386/3468/969 1387/3467/970
f 4875/3530/3151 4876/3529/3152 1387/3467/970 1388/3465/971
f 1382/3540/965 4875/3530/3151 1388/3465/971 165/3464/126
f 1381/3541/964 4872/3526/3148 4875/3530/3151 1382/3540/965
f 1380/3534/963 4869/3523/3145 4872/3526/3148 1381/3541/964
f 4878/3542/3154 4879/3543/3155 4882/3544/3158 4881/3545/3157
f 4879/3543/3155 4880/3546/3156 4883/3547/3159 4882/3544/3158
f 4881/3545/3157 4882/3544/3158 4885/3548/3161 4884/3549/3160
f 4882/3544/3158 4883/3547/3159 4886/3550/3162 4885/3548/3161
f 164/3551/125 1379/3552/962 4878/3542/3154 1392/3553/975
f 1379/3552/962 1378/3554/961 4879/3543/3155 4878/3542/3154
f 1378/3554/961 1377/3555/960 4880/3546/3156 4879/3543/3155
f 1377/3555/960 473/3556/342 3285/3557/2150 4880/3546/3156
f 4880/3546/3156 3285/3557/2150 3286/3558/2151 4883/3547/3159
f 4883/3547/3159 3286/3558/2151 3287/3559/2152 4886/3550/3162
f 4886/3550/3162 3287/3559/2152 168/3291/129 3288/3560/2153
f 4885/3548/3161 4886/3550/3162 3288/3560/2153 3289/3561/2154
f 4884/3549/3160 4885/3548/3161 3289/3561/2154 3290/3562/2155
f 1394/3563/977 4884/3549/3160 3290/3562/2155 167/3564/128
f 1393/3565/976 4881/3545/3157 4884/3549/3160 1394/3563/977
f 1392/3553/975 4878/3542/3154 4881/3545/3157 1393/3565/976
f 4887/3566/3163 4888/3567/3164 4891/3568/3167 4890/3569/3166
f 4888/3567/3164 4889/3570/3165 4892/3571/3168 4891/3568/3167
f 4890/3569/3166 4891/3568/3167 4894/3572/3170 4893/3573/3169
f 4891/3568/3167 4892/3571/3168 4895/3574/3171 4894/3572/3170
f 426/3575/306 1490/3576/1053 4887/3566/3163 1497/3577/1060
f 1490/3576/1053 1489/3578/1052 4888/3567/3164 4887/3566/3163
f 1489/3578/1052 1488/3579/1051 4889/3570/3165 4888/3567/3164
f 1488/3579/1051 164/3580/125 1392/3581/975 4889/3570/3165
f 4889/3570/3165 1392/3581/975 1393/3582/976 4892/3571/3168
f 4892/3571/3168 1393/3582/976 1394/3583/977 4895/3574/3171
f 4895/3574/3171 1394/3583/977 167/3268/128 1494/3267/1057
f 4894/3572/3170 4895/3574/3171 1494/3267/1057 1495/3584/1058
f 4893/3573/3169 4894/3572/3170 1495/3584/1058 1496/3585/1059
f 1499/3586/1062 4893/3573/3169 1496/3585/1059 430/3587/310
f 1498/3588/1061 4890/3569/3166 4893/3573/3169 1499/3586/1062
f 1497/3577/1060 4887/3566/3163 4890/3569/3166 1498/3588/1061
f 4896/3589/3172 4897/3590/3173 4900/3591/3176 4899/3592/3175
f 4897/3590/3173 4898/3593/3174 4901/3594/3177 4900/3591/3176
f 4899/3592/3175 4900/3591/3176 4903/3595/3179 4902/3596/3178
f 4900/3591/3176 4901/3594/3177 4904/3597/3180 4903/3595/3179
f 473/3598/342 3284/3599/2149 4896/3589/3172 3285/3600/2150
f 3284/3599/2149 3283/3601/2148 4897/3590/3173 4896/3589/3172
f 3283/3601/2148 3282/3602/2147 4898/3593/3174 4897/3590/3173
f 3282/3602/2147 425/3603/305 1500/3604/1063 4898/3593/3174
f 4898/3593/3174 1500/3604/1063 1501/3605/1064 4901/3594/3177
f 4901/3594/3177 1501/3605/1064 1502/3606/1065 4904/3597/3180
f 4904/3597/3180 1502/3606/1065 429/3607/309 1395/3608/978
f 4903/3595/3179 4904/3597/3180 1395/3608/978 1396/3609/979
f 4902/3596/3178 4903/3595/3179 1396/3609/979 1397/3610/980
f 3287/3611/2152 4902/3596/3178 1397/3610/980 168/3612/129
f 3286/3613/2151 4899/3592/3175 4902/3596/3178 3287/3611/2152
f 3285/3600/2150 4896/3589/3172 4899/3592/3175 3286/3613/2151
f 4905/3614/3181 4906/3615/3182 4909/3616/3185 4908/3617/3184
f 4906/3615/3182 4907/3618/3183 4910/3619/3186 4909/3616/3185
f 4908/3617/3184 4909/3616/3185 4912/3620/3188 4911/3621/3187
f 4909/3616/3185 4910/3619/3186 4913/3622/3189 4912/3620/3188
f 163/3623/124 1367/3624/950 4905/3614/3181 1383/3625/966
f 1367/3624/950 1366/3626/949 4906/3615/3182 4905/3614/3181
f 1366/3626/949 1365/3627/948 4907/3618/3183 4906/3615/3182
f 1365/3627/948 423/3628/303 1503/3629/1066 4907/3618/3183
f 4907/3618/3183 1503/3629/1066 1504/3630/1067 4910/3619/3186
f 4910/3619/3186 1504/3630/1067 1505/3631/1068 4913/3622/3189
f 4913/3622/3189 1505/3631/1068 428/3632/308 1389/3633/972
f 4912/3620/3188 4913/3622/3189 1389/3633/972 1390/3634/973
f 4911/3621/3187 4912/3620/3188 1390/3634/973 1391/3635/974
f 1385/3636/968 4911/3621/3187 1391/3635/974 166/3637/127
f 1384/3638/967 4908/3617/3184 4911/3621/3187 1385/3636/968
f 1383/3625/966 4905/3614/3181 4908/3617/3184 1384/3638/967
f 4914/3639/3190 4915/3640/3191 4918/3641/3194 4917/3642/3193
f 4915/3640/3191 4916/3643/3192 4919/3644/3195 4918/3641/3194
f 4917/3642/3193 4918/3641/3194 4921/3645/3197 4920/3646/3196
f 4918/3641/3194 4919/3644/3195 4922/3647/3198 4921/3645/3197
f 166/3637/127 1391/3635/974 4914/3639/3190 1374/3648/957
f 1391/3635/974 1390/3634/973 4915/3640/3191 4914/3639/3190
f 1390/3634/973 1389/3633/972 4916/3643/3192 4915/3640/3191
f 1389/3633/972 428/3632/308 1512/3649/1075 4916/3643/3192
f 4916/3643/3192 1512/3649/1075 1513/3650/1076 4919/3644/3195
f 4919/3644/3195 1513/3650/1076 1514/3651/1077 4922/3647/3198
f 4922/3647/3198 1514/3651/1077 425/3652/305 3282/3653/2147
f 4921/3645/3197 4922/3647/3198 3282/3653/2147 3283/3654/2148
f 4920/3646/3196 4921/3645/3197 3283/3654/2148 3284/3655/2149
f 1376/3656/959 4920/3646/3196 3284/3655/2149 473/3657/342
f 1375/3658/958 4917/3642/3193 4920/3646/3196 1376/3656/959
f 1374/3648/957 4914/3639/3190 4917/3642/3193 1375/3658/958
f 4923/3659/3199 4924/3660/3200 4927/3661/3203 4926/3662/3202
f 4924/3660/3200 4925/3663/3201 4928/3664/3204 4927/3661/3203
f 4926/3662/3202 4927/3661/3203 4930/3665/3206 4929/3666/3205
f 4927/3661/3203 4928/3664/3204 4931/3667/3207 4930/3665/3206
f 148/3026/109 1277/3668/860 4923/3659/3199 1362/3669/945
f 1277/3668/860 1276/3670/859 4924/3660/3200 4923/3659/3199
f 1276/3670/859 1275/3671/858 4925/3663/3201 4924/3660/3200
f 1275/3671/858 409/3672/289 1518/3673/1081 4925/3663/3201
f 4925/3663/3201 1518/3673/1081 1519/3674/1082 4928/3664/3204
f 4928/3664/3204 1519/3674/1082 1520/3675/1083 4931/3667/3207
f 4931/3667/3207 1520/3675/1083 423/3676/303 1365/3677/948
f 4930/3665/3206 4931/3667/3207 1365/3677/948 1366/3678/949
f 4929/3666/3205 4930/3665/3206 1366/3678/949 1367/3624/950
f 1364/3679/947 4929/3666/3205 1367/3624/950 163/3623/124
f 1363/3680/946 4926/3662/3202 4929/3666/3205 1364/3679/947
f 1362/3669/945 4923/3659/3199 4926/3662/3202 1363/3680/946
f 4932/3681/3208 4933/3682/3209 4936/3683/3212 4935/3684/3211
f 4933/3682/3209 4934/3685/3210 4937/3686/3213 4936/3683/3212
f 4935/3684/3211 4936/3683/3212 4939/3687/3215 4938/3688/3214
f 4936/3683/3212 4937/3686/3213 4940/3689/3216 4939/3687/3215
f 144/3690/105 1250/3691/833 4932/3681/3208 1350/3692/933
f 1250/3691/833 1249/3693/832 4933/3682/3209 4932/3681/3208
f 1249/3693/832 1248/3694/831 4934/3685/3210 4933/3682/3209
f 1248/3694/831 405/3695/285 1521/3696/1084 4934/3685/3210
f 4934/3685/3210 1521/3696/1084 1522/3697/1085 4937/3686/3213
f 4937/3686/3213 1522/3697/1085 1523/3698/1086 4940/3689/3216
f 4940/3689/3216 1523/3698/1086 422/3699/302 1353/3700/936
f 4939/3687/3215 4940/3689/3216 1353/3700/936 1354/3701/937
f 4938/3688/3214 4939/3687/3215 1354/3701/937 1355/3702/938
f 1352/3703/935 4938/3688/3214 1355/3702/938 161/3704/122
f 1351/3705/934 4935/3684/3211 4938/3688/3214 1352/3703/935
f 1350/3692/933 4932/3681/3208 4935/3684/3211 1351/3705/934
f 4941/3706/3217 4942/3707/3218 4945/3708/3221 4944/3709/3220
f 4942/3707/3218 4943/3710/3219 4946/3711/3222 4945/3708/3221
f 4944/3709/3220 4945/3708/3221 4948/3712/3224 4947/3713/3223
f 4945/3708/3221 4946/3711/3222 4949/3714/3225 4948/3712/3224
f 97/2071/74 1031/3715/679 4941/3706/3217 1338/3716/921
f 1031/3715/679 1030/3717/678 4942/3707/3218 4941/3706/3217
f 1030/3717/678 1029/3718/677 4943/3710/3219 4942/3707/3218
f 1029/3718/677 390/1943/272 1527/3719/1090 4943/3710/3219
f 4943/3710/3219 1527/3719/1090 1528/3720/1091 4946/3711/3222
f 4946/3711/3222 1528/3720/1091 1529/3721/1092 4949/3714/3225
f 4949/3714/3225 1529/3721/1092 420/3722/300 1344/3723/927
f 4948/3712/3224 4949/3714/3225 1344/3723/927 1345/3724/928
f 4947/3713/3223 4948/3712/3224 1345/3724/928 1346/3725/929
f 1340/3726/923 4947/3713/3223 1346/3725/929 159/3727/120
f 1339/3728/922 4944/3709/3220 4947/3713/3223 1340/3726/923
f 1338/3716/921 4941/3706/3217 4944/3709/3220 1339/3728/922
f 4950/3729/3226 4951/3730/3227 4954/3731/3230 4953/3732/3229
f 4951/3730/3227 4952/3733/3228 4955/3734/3231 4954/3731/3230
f 4953/3732/3229 4954/3731/3230 4957/3735/3233 4956/3736/3232
f 4954/3731/3230 4955/3734/3231 4958/3737/3234 4957/3735/3233
f 147/3738/108 1271/3739/854 4950/3729/3226 1329/3740/912
f 1271/3739/854 1270/3741/853 4951/3730/3227 4950/3729/3226
f 1270/3741/853 1269/3742/852 4952/3733/3228 4951/3730/3227
f 1269/3742/852 407/3743/287 1536/3744/1099 4952/3733/3228
f 4952/3733/3228 1536/3744/1099 1537/3745/1100 4955/3734/3231
f 4955/3734/3231 1537/3745/1100 1538/3746/1101 4958/3737/3234
f 4958/3737/3234 1538/3746/1101 417/3747/297 1332/3748/915
f 4957/3735/3233 4958/3737/3234 1332/3748/915 1333/3749/916
f 4956/3736/3232 4957/3735/3233 1333/3749/916 1334/3750/917
f 1331/3751/914 4956/3736/3232 1334/3750/917 157/3752/118
f 1330/3753/913 4953/3732/3229 4956/3736/3232 1331/3751/914
f 1329/3740/912 4950/3729/3226 4953/3732/3229 1330/3753/913
f 4959/3754/3235 4960/3755/3236 4963/3756/3239 4962/3757/3238
f 4960/3755/3236 4961/3758/3237 4964/3759/3240 4963/3756/3239
f 4962/3757/3238 4963/3756/3239 4966/3760/3242 4965/3761/3241
f 4963/3756/3239 4964/3759/3240 4967/3762/3243 4966/3760/3242
f 168/3763/129 1397/3764/980 4959/3754/3235 3231/3765/2096
f 1397/3764/980 1396/3766/979 4960/3755/3236 4959/3754/3235
f 1396/3766/979 1395/3767/978 4961/3758/3237 4960/3755/3236
f 1395/3767/978 429/3768/309 1539/3769/1102 4961/3758/3237
f 4961/3758/3237 1539/3769/1102 1540/3770/1103 4964/3759/3240
f 4964/3759/3240 1540/3770/1103 1541/3771/1104 4967/3762/3243
f 4967/3762/3243 1541/3771/1104 415/3238/295 1314/3772/897
f 4966/3760/3242 4967/3762/3243 1314/3772/897 1315/3253/898
f 4965/3761/3241 4966/3760/3242 1315/3253/898 1316/3773/899
f 3233/3774/2098 4965/3761/3241 1316/3773/899 154/3252/115
f 3232/3775/2097 4962/3757/3238 4965/3761/3241 3233/3774/2098
f 3231/3765/2096 4959/3754/3235 4962/3757/3238 3232/3775/2097
f 4968/3776/3244 4969/3777/3245 4972/3778/3248 4971/3779/3247
f 4969/3777/3245 4970/3780/3246 4973/3781/3249 4972/3778/3248
f 4971/3779/3247 4972/3778/3248 4975/3782/3251 4974/3783/3250
f 4972/3778/3248 4973/3781/3249 4976/3784/3252 4975/3782/3251
f 161/3785/122 1355/3786/938 4968/3776/3244 1305/3787/888
f 1355/3786/938 1354/3788/937 4969/3777/3245 4968/3776/3244
f 1354/3788/937 1353/3789/936 4970/3780/3246 4969/3777/3245
f 1353/3789/936 422/3699/302 1551/3790/1114 4970/3780/3246
f 4970/3780/3246 1551/3790/1114 1552/3791/1115 4973/3781/3249
f 4973/3781/3249 1552/3791/1115 1553/3792/1116 4976/3784/3252
f 4976/3784/3252 1553/3792/1116 413/3793/293 1311/3794/894
f 4975/3782/3251 4976/3784/3252 1311/3794/894 1312/3795/895
f 4974/3783/3250 4975/3782/3251 1312/3795/895 1313/3796/896
f 1307/3797/890 4974/3783/3250 1313/3796/896 153/3185/114
f 1306/3798/889 4971/3779/3247 4974/3783/3250 1307/3797/890
f 1305/3787/888 4968/3776/3244 4971/3779/3247 1306/3798/889
f 4977/3799/3253 4978/3800/3254 4981/3801/3257 4980/3802/3256
f 4978/3800/3254 4979/3803/3255 4982/3804/3258 4981/3801/3257
f 4980/3802/3256 4981/3801/3257 4984/3805/3260 4983/3806/3259
f 4981/3801/3257 4982/3804/3258 4985/3807/3261 4984/3805/3260
f 153/3185/114 1313/3796/896 4977/3799/3253 1290/3186/873
f 1313/3796/896 1312/3795/895 4978/3800/3254 4977/3799/3253
f 1312/3795/895 1311/3794/894 4979/3803/3255 4978/3800/3254
f 1311/3794/894 413/3793/293 1554/3808/1117 4979/3803/3255
f 4979/3803/3255 1554/3808/1117 1555/3809/1118 4982/3804/3258
f 4982/3804/3258 1555/3809/1118 1556/3810/1119 4985/3807/3261
f 4985/3807/3261 1556/3810/1119 412/3811/292 1296/3812/879
f 4984/3805/3260 4985/3807/3261 1296/3812/879 1297/3813/880
f 4983/3806/3259 4984/3805/3260 1297/3813/880 1298/3814/881
f 1292/3188/875 4983/3806/3259 1298/3814/881 150/3022/111
f 1291/3187/874 4980/3802/3256 4983/3806/3259 1292/3188/875
f 1290/3186/873 4977/3799/3253 4980/3802/3256 1291/3187/874
f 4986/3815/3262 4987/3816/3263 4990/3817/3266 4989/3818/3265
f 4987/3816/3263 4988/3819/3264 4991/3820/3267 4990/3817/3266
f 4989/3818/3265 4990/3817/3266 4993/3821/3269 4992/3822/3268
f 4990/3817/3266 4991/3820/3267 4994/3823/3270 4993/3821/3269
f 150/3022/111 1298/3814/881 4986/3815/3262 1284/3023/867
f 1298/3814/881 1297/3813/880 4987/3816/3263 4986/3815/3262
f 1297/3813/880 1296/3812/879 4988/3819/3264 4987/3816/3263
f 1296/3812/879 412/3811/292 1563/3824/1126 4988/3819/3264
f 4988/3819/3264 1563/3824/1126 1564/3825/1127 4991/3820/3267
f 4991/3820/3267 1564/3825/1127 1565/3826/1128 4994/3823/3270
f 4994/3823/3270 1565/3826/1128 409/3672/289 1275/3671/858
f 4993/3821/3269 4994/3823/3270 1275/3671/858 1276/3670/859
f 4992/3822/3268 4993/3821/3269 1276/3670/859 1277/3668/860
f 1286/3025/869 4992/3822/3268 1277/3668/860 148/3026/109
f 1285/3024/868 4989/3818/3265 4992/3822/3268 1286/3025/869
f 1284/3023/867 4986/3815/3262 4989/3818/3265 1285/3024/868
f 4995/3827/3271 4996/3828/3272 4999/3829/3275 4998/3830/3274
f 4996/3828/3272 4997/3831/3273 5000/3832/3276 4999/3829/3275
f 4998/3830/3274 4999/3829/3275 5002/3833/3278 5001/3834/3277
f 4999/3829/3275 5000/3832/3276 5003/3835/3279 5002/3833/3278
f 159/3836/120 1346/3837/929 4995/3827/3271 1266/3838/849
f 1346/3837/929 1345/3839/928 4996/3828/3272 4995/3827/3271
f 1345/3839/928 1344/3840/927 4997/3831/3273 4996/3828/3272
f 1344/3840/927 420/3841/300 1569/3842/1132 4997/3831/3273
f 4997/3831/3273 1569/3842/1132 1570/3843/1133 5000/3832/3276
f 5000/3832/3276 1570/3843/1133 1571/3844/1134 5003/3835/3279
f 5003/3835/3279 1571/3844/1134 407/3743/287 1269/3742/852
f 5002/3833/3278 5003/3835/3279 1269/3742/852 1270/3741/853
f 5001/3834/3277 5002/3833/3278 1270/3741/853 1271/3739/854
f 1268/3845/851 5001/3834/3277 1271/3739/854 147/3738/108
f 1267/3846/850 4998/3830/3274 5001/3834/3277 1268/3845/851
f 1266/3838/849 4995/3827/3271 4998/3830/3274 1267/3846/850
f 5004/3847/3280 5005/3848/3281 5008/3849/3284 5007/3850/3283
f 5005/3848/3281 5006/3851/3282 5009/3852/3285 5008/3849/3284
f 5007/3850/3283 5008/3849/3284 5011/3853/3287 5010/3854/3286
f 5008/3849/3284 5009/3852/3285 5012/3855/3288 5011/3853/3287
f 157/3752/118 1334/3750/917 5004/3847/3280 1260/3856/843
f 1334/3750/917 1333/3749/916 5005/3848/3281 5004/3847/3280
f 1333/3749/916 1332/3748/915 5006/3851/3282 5005/3848/3281
f 1332/3748/915 417/3747/297 1572/3857/1135 5006/3851/3282
f 5006/3851/3282 1572/3857/1135 1573/3858/1136 5009/3852/3285
f 5009/3852/3285 1573/3858/1136 1574/3859/1137 5012/3855/3288
f 5012/3855/3288 1574/3859/1137 405/3860/285 1248/3861/831
f 5011/3853/3287 5012/3855/3288 1248/3861/831 1249/3862/832
f 5010/3854/3286 5011/3853/3287 1249/3862/832 1250/3863/833
f 1262/3864/845 5010/3854/3286 1250/3863/833 144/3865/105
f 1261/3866/844 5007/3850/3283 5010/3854/3286 1262/3864/845
f 1260/3856/843 5004/3847/3280 5007/3850/3283 1261/3866/844
f 5013/3867/3289 5014/3868/3290 5017/3869/3293 5016/3870/3292
f 5014/3868/3290 5015/3871/3291 5018/3872/3294 5017/3869/3293
f 5016/3870/3292 5017/3869/3293 5020/3873/3296 5019/3874/3295
f 5017/3869/3293 5018/3872/3294 5021/3875/3297 5020/3873/3296
f 34/833/23 596/3876/413 5013/3867/3289 3270/3001/2135
f 596/3876/413 595/3877/412 5014/3868/3290 5013/3867/3289
f 595/3877/412 594/3878/411 5015/3871/3291 5014/3868/3290
f 594/3878/411 375/3879/264 1578/3880/1141 5015/3871/3291
f 5015/3871/3291 1578/3880/1141 1579/3881/1142 5018/3872/3294
f 5018/3872/3294 1579/3881/1142 1580/3882/1143 5021/3875/3297
f 5021/3875/3297 1580/3882/1143 404/3883/284 2915/3884/1925
f 5020/3873/3296 5021/3875/3297 2915/3884/1925 2914/3885/1924
f 5019/3874/3295 5020/3873/3296 2914/3885/1924 2913/3886/1923
f 3272/3003/2137 5019/3874/3295 2913/3886/1923 340/3004/236
f 3271/3002/2136 5016/3870/3292 5019/3874/3295 3272/3003/2137
f 3270/3001/2135 5013/3867/3289 5016/3870/3292 3271/3002/2136
f 5022/3887/3298 5023/3888/3299 5026/3889/3302 5025/3890/3301
f 5023/3888/3299 5024/3891/3300 5027/3892/3303 5026/3889/3302
f 5025/3890/3301 5026/3889/3302 5029/3893/3305 5028/3894/3304
f 5026/3889/3302 5027/3892/3303 5030/3895/3306 5029/3893/3305
f 99/2093/76 1058/3896/706 5022/3887/3298 1040/2175/688
f 1058/3896/706 1057/3897/705 5023/3888/3299 5022/3887/3298
f 1057/3897/705 1056/3898/704 5024/3891/3300 5023/3888/3299
f 1056/3898/704 393/2163/275 1599/2227/1157 5024/3891/3300
f 5024/3891/3300 1599/2227/1157 1600/2231/1158 5027/3892/3303
f 5027/3892/3303 1600/2231/1158 1601/2229/1159 5030/3895/3306
f 5030/3895/3306 1601/2229/1159 395/2230/277 1068/3899/716
f 5029/3893/3305 5030/3895/3306 1068/3899/716 1069/3900/717
f 5028/3894/3304 5029/3893/3305 1069/3900/717 1070/3901/718
f 1038/2177/686 5028/3894/3304 1070/3901/718 103/2067/80
f 1039/2176/687 5025/3890/3301 5028/3894/3304 1038/2177/686
f 1040/2175/688 5022/3887/3298 5025/3890/3301 1039/2176/687
f 5031/3902/3307 5032/3903/3308 5035/3904/3311 5034/3905/3310
f 5032/3903/3308 5033/3906/3309 5036/3907/3312 5035/3904/3311
f 5034/3905/3310 5035/3904/3311 5038/3908/3314 5037/3909/3313
f 5035/3904/3311 5036/3907/3312 5039/3910/3315 5038/3908/3314
f 100/2138/77 1052/3911/700 5031/3902/3307 3261/2208/2126
f 1052/3911/700 1051/3912/699 5032/3903/3308 5031/3902/3307
f 1051/3912/699 1050/3913/698 5033/3906/3309 5032/3903/3308
f 1050/3913/698 392/3914/274 1602/3915/1160 5033/3906/3309
f 5033/3906/3309 1602/3915/1160 1603/3916/1160 5036/3907/3312
f 5036/3907/3312 1603/3916/1160 1604/3917/1160 5039/3910/3315
f 5039/3910/3315 1604/3917/1160 394/3918/276 2894/3919/1906
f 5038/3908/3314 5039/3910/3315 2894/3919/1906 2893/3920/1905
f 5037/3909/3313 5038/3908/3314 2893/3920/1905 2892/3921/1904
f 3263/2210/2128 5037/3909/3313 2892/3921/1904 301/2211/213
f 3262/2209/2127 5034/3905/3310 5037/3909/3313 3263/2210/2128
f 3261/2208/2126 5031/3902/3307 5034/3905/3310 3262/2209/2127
f 5040/3922/3316 5041/3923/3317 5044/3924/3320 5043/3925/3319
f 5041/3923/3317 5042/3926/3318 5045/3927/3321 5044/3924/3320
f 5043/3925/3319 5044/3924/3320 5047/3928/3323 5046/3929/3322
f 5044/3924/3320 5045/3927/3321 5048/3930/3324 5047/3928/3323
f 93/2089/70 1019/3931/667 5040/3922/3316 1037/2090/685
f 1019/3931/667 1018/3932/666 5041/3923/3317 5040/3922/3316
f 1018/3932/666 1017/3933/665 5042/3926/3318 5041/3923/3317
f 1017/3933/665 388/2154/270 1605/2156/1161 5042/3926/3318
f 5042/3926/3318 1605/2156/1161 1606/2164/1162 5045/3927/3321
f 5045/3927/3321 1606/2164/1162 1607/2162/1163 5048/3930/3324
f 5048/3930/3324 1607/2162/1163 393/2163/275 1056/3898/704
f 5047/3928/3323 5048/3930/3324 1056/3898/704 1057/3897/705
f 5046/3929/3322 5047/3928/3323 1057/3897/705 1058/3896/706
f 1035/2092/683 5046/3929/3322 1058/3896/706 99/2093/76
f 1036/2091/684 5043/3925/3319 5046/3929/3322 1035/2092/683
f 1037/2090/685 5040/3922/3316 5043/3925/3319 1036/2091/684
f 5049/3934/3325 5050/3935/3326 5053/3936/3329 5052/3937/3328
f 5050/3935/3326 5051/3938/3327 5054/3939/3330 5053/3936/3329
f 5052/3937/3328 5053/3936/3329 5056/3940/3332 5055/3941/3331
f 5053/3936/3329 5054/3939/3330 5057/3942/3333 5056/3940/3332
f 95/2134/72 1428/3943/991 5049/3934/3325 1041/2135/689
f 1428/3943/991 1429/3944/992 5050/3935/3326 5049/3934/3325
f 1429/3944/992 1430/3945/993 5051/3938/3327 5050/3935/3326
f 1430/3945/993 389/3946/271 1608/3947/1164 5051/3938/3327
f 5051/3938/3327 1608/3947/1164 1609/3948/1165 5054/3939/3330
f 5054/3939/3330 1609/3948/1165 1610/3949/1166 5057/3942/3333
f 5057/3942/3333 1610/3949/1166 392/3914/274 1050/3913/698
f 5056/3940/3332 5057/3942/3333 1050/3913/698 1051/3912/699
f 5055/3941/3331 5056/3940/3332 1051/3912/699 1052/3911/700
f 1043/2137/691 5055/3941/3331 1052/3911/700 100/2138/77
f 1042/2136/690 5052/3937/3328 5055/3941/3331 1043/2137/691
f 1041/2135/689 5049/3934/3325 5052/3937/3328 1042/2136/690
f 5058/3950/3334 5059/3951/3335 5062/3952/3338 5061/3953/3337
f 5059/3951/3335 5060/3954/3336 5063/3955/3339 5062/3952/3338
f 5061/3953/3337 5062/3952/3338 5065/3956/3341 5064/3957/3340
f 5062/3952/3338 5063/3955/3339 5066/3958/3342 5065/3956/3341
f 301/2022/213 2892/3959/1904 5058/3950/3334 3249/2023/2114
f 2892/3959/1904 2893/3960/1905 5059/3951/3335 5058/3950/3334
f 2893/3960/1905 2894/3961/1906 5060/3954/3336 5059/3951/3335
f 2894/3961/1906 394/3918/276 1611/3962/1167 5060/3954/3336
f 5060/3954/3336 1611/3962/1167 1612/3963/1168 5063/3955/3339
f 5063/3955/3339 1612/3963/1168 1613/3964/1169 5066/3958/3342
f 5066/3958/3342 1613/3964/1169 391/3965/273 1436/3966/999
f 5065/3956/3341 5066/3958/3342 1436/3966/999 1435/3967/998
f 5064/3957/3340 5065/3956/3341 1435/3967/998 1434/3968/997
f 3251/2025/2116 5064/3957/3340 1434/3968/997 98/2026/75
f 3250/2024/2115 5061/3953/3337 5064/3957/3340 3251/2025/2116
f 3249/2023/2114 5058/3950/3334 5061/3953/3337 3250/2024/2115
f 5067/3969/3343 5068/3970/3344 5071/3971/3347 5070/3972/3346
f 5068/3970/3344 5069/3973/3345 5072/3974/3348 5071/3971/3347
f 5070/3972/3346 5071/3971/3347 5074/3975/3350 5073/3976/3349
f 5071/3971/3347 5072/3974/3348 5075/3977/3351 5074/3975/3350
f 341/808/237 2910/3978/1922 5067/3969/3343 3237/809/2102
f 2910/3978/1922 2911/3979/1025 5068/3970/3344 5067/3969/3343
f 2911/3979/1025 2912/3980/1026 5069/3973/3345 5068/3970/3344
f 2912/3980/1026 403/3981/283 1614/3982/1170 5069/3973/3345
f 5069/3973/3345 1614/3982/1170 1615/3983/1171 5072/3974/3348
f 5072/3974/3348 1615/3983/1171 1616/3984/1172 5075/3977/3351
f 5075/3977/3351 1616/3984/1172 389/3985/271 1430/3986/993
f 5074/3975/3350 5075/3977/3351 1430/3986/993 1429/3987/992
f 5073/3976/3349 5074/3975/3350 1429/3987/992 1428/3988/991
f 3239/811/2104 5073/3976/3349 1428/3988/991 95/812/72
f 3238/810/2103 5070/3972/3346 5073/3976/3349 3239/811/2104
f 3237/809/2102 5067/3969/3343 5070/3972/3346 3238/810/2103
f 5076/3989/3352 5077/3990/3353 5080/3991/3356 5079/3992/3355
f 5077/3990/3353 5078/3993/3354 5081/3994/3357 5080/3991/3356
f 5079/3992/3355 5080/3991/3356 5083/3995/3359 5082/3996/3358
f 5080/3991/3356 5081/3994/3357 5084/3997/3360 5083/3995/3359
f 340/1959/236 2913/3886/1923 5076/3989/3352 3240/1960/2105
f 2913/3886/1923 2914/3998/1924 5077/3990/3353 5076/3989/3352
f 2914/3998/1924 2915/3999/1925 5078/3993/3354 5077/3990/3353
f 2915/3999/1925 404/3883/284 1617/4000/1173 5078/3993/3354
f 5078/3993/3354 1617/4000/1173 1618/4001/1174 5081/3994/3357
f 5081/3994/3357 1618/4001/1174 1619/4002/1175 5084/3997/3360
f 5084/3997/3360 1619/4002/1175 388/4003/270 1017/4004/665
f 5083/3995/3359 5084/3997/3360 1017/4004/665 1018/4005/666
f 5082/3996/3358 5083/3995/3359 1018/4005/666 1019/4006/667
f 3242/1962/2107 5082/3996/3358 1019/4006/667 93/1963/70
f 3241/1961/2106 5079/3992/3355 5082/3996/3358 3242/1962/2107
f 3240/1960/2105 5076/3989/3352 5079/3992/3355 3241/1961/2106
f 5085/4007/3361 5086/4008/3362 5089/4009/3365 5088/4010/3364
f 5086/4008/3362 5087/4011/3363 5090/4012/3366 5089/4009/3365
f 5088/4010/3364 5089/4009/3365 5092/4013/3368 5091/4014/3367
f 5089/4009/3365 5090/4012/3366 5093/4015/3369 5092/4013/3368
f 103/2067/80 1070/4016/718 5085/4007/3361 1064/2068/712
f 1070/4016/718 1069/4017/717 5086/4008/3362 5085/4007/3361
f 1069/4017/717 1068/4018/716 5087/4011/3363 5086/4008/3362
f 1068/4018/716 395/1929/277 1620/1931/1176 5087/4011/3363
f 5087/4011/3363 1620/1931/1176 1621/1944/1177 5090/4012/3366
f 5090/4012/3366 1621/1944/1177 1622/1942/1178 5093/4015/3369
f 5093/4015/3369 1622/1942/1178 390/1943/272 1029/3718/677
f 5092/4013/3368 5093/4015/3369 1029/3718/677 1030/3717/678
f 5091/4014/3367 5092/4013/3368 1030/3717/678 1031/3715/679
f 1062/2070/710 5091/4014/3367 1031/3715/679 97/2071/74
f 1063/2069/711 5088/4010/3364 5091/4014/3367 1062/2070/710
f 1064/2068/712 5085/4007/3361 5088/4010/3364 1063/2069/711
f 5094/4019/3370 5095/4020/3371 5098/4021/3374 5097/4022/3373
f 5095/4020/3371 5096/4023/3372 5099/4024/3375 5098/4021/3374
f 5097/4022/3373 5098/4021/3374 5101/4025/3377 5100/4026/3376
f 5098/4021/3374 5099/4024/3375 5102/4027/3378 5101/4025/3377
f 84/2506/63 1425/281/988 5094/4019/3370 1118/2507/761
f 1425/281/988 1426/4028/989 5095/4020/3371 5094/4019/3370
f 1426/4028/989 1427/4029/990 5096/4023/3372 5095/4020/3371
f 1427/4029/990 387/4030/269 1623/4031/1179 5096/4023/3372
f 5096/4023/3372 1623/4031/1179 1624/4032/1180 5099/4024/3375
f 5099/4024/3375 1624/4032/1180 1625/4033/1181 5102/4027/3378
f 5102/4027/3378 1625/4033/1181 397/4034/279 1451/4035/1014
f 5101/4025/3377 5102/4027/3378 1451/4035/1014 1450/4036/1013
f 5100/4026/3376 5101/4025/3377 1450/4036/1013 1449/4037/1012
f 1116/2509/759 5100/4026/3376 1449/4037/1012 112/2510/87
f 1117/2508/760 5097/4022/3373 5100/4026/3376 1116/2509/759
f 1118/2507/761 5094/4019/3370 5097/4022/3373 1117/2508/760
f 5103/4038/542 5104/4039/542 5107/4040/543 5106/4041/543
f 5104/4039/542 5105/4042/542 5108/4043/543 5107/4040/543
f 5106/4041/543 5107/4040/543 5110/4044/544 5109/4045/544
f 5107/4040/543 5108/4043/543 5111/4046/544 5110/4044/544
f 16/1142/13 1398/742/13 5103/4038/542 825/1143/542
f 1398/742/13 1399/741/13 5104/4039/542 5103/4038/542
f 1399/741/13 1400/739/13 5105/4042/542 5104/4039/542
f 1400/739/13 369/4047/13 1641/4048/542 5105/4042/542
f 5105/4042/542 1641/4048/542 1642/4049/543 5108/4043/543
f 5108/4043/543 1642/4049/543 1643/4050/544 5111/4046/544
f 5111/4046/544 1643/4050/544 382/4051/45 828/4052/45
f 5110/4044/544 5111/4046/544 828/4052/45 829/4053/45
f 5109/4045/544 5110/4044/544 829/4053/45 830/4054/45
f 827/1145/544 5109/4045/544 830/4054/45 64/1146/45
f 826/1144/543 5106/4041/543 5109/4045/544 827/1145/544
f 825/1143/542 5103/4038/542 5106/4041/543 826/1144/543
f 5112/4055/516 5113/4056/516 5116/4057/517 5115/4058/517
f 5113/4056/516 5114/4059/516 5117/4060/517 5116/4057/517
f 5115/4058/517 5116/4057/517 5119/4061/518 5118/4062/3379
f 5116/4057/517 5117/4060/517 5120/4063/518 5119/4061/518
f 22/593/19 560/4064/19 5112/4055/516 768/1086/516
f 560/4064/19 559/4065/19 5113/4056/516 5112/4055/516
f 559/4065/19 558/4066/19 5114/4059/516 5113/4056/516
f 558/4066/19 371/4067/19 1647/4068/516 5114/4059/516
f 5114/4059/516 1647/4068/516 1648/4069/517 5117/4060/517
f 5117/4060/517 1648/4069/517 1649/4070/518 5120/4063/518
f 5120/4063/518 1649/4070/518 380/4071/36 795/4072/36
f 5119/4061/518 5120/4063/518 795/4072/36 796/4073/36
f 5118/4062/3379 5119/4061/518 796/4073/36 797/4074/37
f 770/1088/519 5118/4062/3379 797/4074/37 53/935/37
f 769/1087/517 5115/4058/517 5118/4062/3379 770/1088/519
f 768/1086/516 5112/4055/516 5115/4058/517 769/1087/517
f 5121/4075/502 5122/4076/502 5125/4077/503 5124/4078/1191
f 5122/4076/502 5123/4079/502 5126/4080/1191 5125/4077/503
f 5124/4078/1191 5125/4077/503 5128/4081/504 5127/4082/504
f 5125/4077/503 5126/4080/1191 5129/4083/504 5128/4081/504
f 53/935/37 797/4074/37 5121/4075/502 720/936/502
f 797/4074/37 796/4073/36 5122/4076/502 5121/4075/502
f 796/4073/36 795/4072/36 5123/4079/502 5122/4076/502
f 795/4072/36 380/4071/36 1650/4084/502 5123/4079/502
f 5123/4079/502 1650/4084/502 1651/4085/1191 5126/4080/1191
f 5126/4080/1191 1651/4085/1191 1652/4086/504 5129/4083/504
f 5129/4083/504 1652/4086/504 379/4087/32 738/4088/32
f 5128/4081/504 5129/4083/504 738/4088/32 739/4089/32
f 5127/4082/504 5128/4081/504 739/4089/32 740/4090/32
f 722/938/504 5127/4082/504 740/4090/32 45/394/32
f 721/937/503 5124/4078/1191 5127/4082/504 722/938/504
f 720/936/502 5121/4075/502 5124/4078/1191 721/937/503
f 5130/4091/3380 5131/4092/3381 5134/4093/3384 5133/4094/3383
f 5131/4092/3381 5132/4095/3382 5135/4096/3385 5134/4093/3384
f 5133/4094/3383 5134/4093/3384 5137/4097/3387 5136/4098/3386
f 5134/4093/3384 5135/4096/3385 5138/4099/3388 5137/4097/3387
f 199/858/153 1943/4100/1329 5130/4091/3380 705/859/493
f 1943/4100/1329 1942/4101/1328 5131/4092/3381 5130/4091/3380
f 1942/4101/1328 1941/4102/1327 5132/4095/3382 5131/4092/3381
f 1941/4102/1327 467/4103/337 1656/4104/1192 5132/4095/3382
f 5132/4095/3382 1656/4104/1192 1657/4105/1193 5135/4096/3385
f 5135/4096/3385 1657/4105/1193 1658/4106/1194 5138/4099/3388
f 5138/4099/3388 1658/4106/1194 383/4107/267 1421/1249/984
f 5137/4097/3387 5138/4099/3388 1421/1249/984 1420/1248/983
f 5136/4098/3386 5137/4097/3387 1420/1248/983 1419/4108/982
f 707/861/495 5136/4098/3386 1419/4108/982 59/862/42
f 706/860/494 5133/4094/3383 5136/4098/3386 707/861/495
f 705/859/493 5130/4091/3380 5133/4094/3383 706/860/494
f 5139/4109/478 5140/4110/478 5143/4111/479 5142/4112/479
f 5140/4110/478 5141/4113/478 5144/4114/479 5143/4111/479
f 5142/4112/479 5143/4111/479 5146/4115/1195 5145/4116/3389
f 5143/4111/479 5144/4114/479 5147/4117/1195 5146/4115/1195
f 21/678/18 1401/4118/18 5139/4109/478 684/725/478
f 1401/4118/18 1402/4119/18 5140/4110/478 5139/4109/478
f 1402/4119/18 1403/4120/18 5141/4113/478 5140/4110/478
f 1403/4120/18 370/4121/18 1662/4122/478 5141/4113/478
f 5141/4113/478 1662/4122/478 1663/4123/479 5144/4114/479
f 5144/4114/479 1663/4123/479 1664/4124/1195 5147/4117/1195
f 5147/4117/1195 1664/4124/1195 376/4125/265 1412/4126/265
f 5146/4115/1195 5147/4117/1195 1412/4126/265 1411/4127/265
f 5145/4116/3389 5146/4115/1195 1411/4127/265 1410/287/981
f 686/727/480 5145/4116/3389 1410/287/981 39/286/28
f 685/726/479 5142/4112/479 5145/4116/3389 686/727/480
f 684/725/478 5139/4109/478 5142/4112/479 685/726/479
f 5148/4128/469 5149/4129/469 5152/4130/470 5151/4131/470
f 5149/4129/469 5150/4132/469 5153/4133/470 5152/4130/470
f 5151/4131/470 5152/4130/470 5155/4134/471 5154/4135/471
f 5152/4130/470 5153/4133/470 5156/4136/471 5155/4134/471
f 198/674/152 1940/4137/152 5148/4128/469 675/675/469
f 1940/4137/152 1939/4138/152 5149/4129/469 5148/4128/469
f 1939/4138/152 1938/4139/152 5150/4132/469 5149/4129/469
f 1938/4139/152 468/4140/152 1665/4141/469 5150/4132/469
f 5150/4132/469 1665/4141/469 1666/4142/470 5153/4133/470
f 5153/4133/470 1666/4142/470 1667/4143/471 5156/4136/471
f 5156/4136/471 1667/4143/471 370/4121/18 1403/4120/18
f 5155/4134/471 5156/4136/471 1403/4120/18 1402/4119/18
f 5154/4135/471 5155/4134/471 1402/4119/18 1401/4118/18
f 677/677/471 5154/4135/471 1401/4118/18 21/678/18
f 676/676/470 5151/4131/470 5154/4135/471 677/677/471
f 675/675/469 5148/4128/469 5151/4131/470 676/676/470
f 5157/4144/454 5158/4145/454 5161/4146/455 5160/4147/455
f 5158/4145/454 5159/4148/454 5162/4149/455 5161/4146/455
f 5160/4147/455 5161/4146/455 5164/4150/456 5163/4151/456
f 5161/4146/455 5162/4149/455 5165/4152/456 5164/4150/456
f 11/589/11 530/1246/11 5157/4144/454 660/590/454
f 530/1246/11 529/4153/11 5158/4145/454 5157/4144/454
f 529/4153/11 528/4154/11 5159/4148/454 5158/4145/454
f 528/4154/11 368/4155/11 1668/4156/454 5159/4148/454
f 5159/4148/454 1668/4156/454 1669/4157/455 5162/4149/455
f 5162/4149/455 1669/4157/455 1670/4158/456 5165/4152/456
f 5165/4152/456 1670/4158/456 371/4067/19 558/4066/19
f 5164/4150/456 5165/4152/456 558/4066/19 559/4065/19
f 5163/4151/456 5164/4150/456 559/4065/19 560/4064/19
f 662/592/456 5163/4151/456 560/4064/19 22/593/19
f 661/591/455 5160/4147/455 5163/4151/456 662/592/456
f 660/590/454 5157/4144/454 5160/4147/455 661/591/455
f 5166/4159/444 5167/4160/444 5170/4161/3390 5169/4162/445
f 5167/4160/444 5168/4163/1442 5171/4164/445 5170/4161/3390
f 5169/4162/445 5170/4161/3390 5173/4165/446 5172/4166/446
f 5170/4161/3390 5171/4164/445 5174/4167/446 5173/4165/446
f 45/394/32 740/4090/32 5166/4159/444 633/395/444
f 740/4090/32 739/4089/32 5167/4160/444 5166/4159/444
f 739/4089/32 738/4088/32 5168/4163/1442 5167/4160/444
f 738/4088/32 379/4087/32 1677/4168/444 5168/4163/1442
f 5168/4163/1442 1677/4168/444 1678/4169/445 5171/4164/445
f 5171/4164/445 1678/4169/445 1679/4170/446 5174/4167/446
f 5174/4167/446 1679/4170/446 373/4171/21 576/4172/21
f 5173/4165/446 5174/4167/446 576/4172/21 577/4173/21
f 5172/4166/446 5173/4165/446 577/4173/21 578/4174/21
f 635/397/446 5172/4166/446 578/4174/21 28/398/21
f 634/396/445 5169/4162/445 5172/4166/446 635/397/446
f 633/395/444 5166/4159/444 5169/4162/445 634/396/445
f 5184/4190/3391 5185/4191/3392 5188/4192/3395 5187/4193/3394
f 5185/4191/3392 5186/4194/3393 5189/4195/3396 5188/4192/3395
f 5187/4193/3394 5188/4192/3395 5191/4196/3398 5190/4197/3397
f 5188/4192/3395 5189/4195/3396 5192/4198/3399 5191/4196/3398
f 72/2862/53 920/4199/605 5184/4190/3391 1224/2863/819
f 920/4199/605 919/4200/604 5185/4191/3392 5184/4190/3391
f 919/4200/604 918/4201/603 5186/4194/3393 5185/4191/3392
f 918/4201/603 185/1532/143 1758/2930/1244 5186/4194/3393
f 5186/4194/3393 1758/2930/1244 1759/2935/1245 5189/4195/3396
f 5189/4195/3396 1759/2935/1245 1760/2934/1246 5192/4198/3399
f 5192/4198/3399 1760/2934/1246 189/2692/147 1761/4202/1247
f 5191/4196/3398 5192/4198/3399 1761/4202/1247 1762/4203/1248
f 5190/4197/3397 5191/4196/3398 1762/4203/1248 1763/4204/1249
f 1226/2865/821 5190/4197/3397 1763/4204/1249 141/2290/102
f 1225/2864/820 5187/4193/3394 5190/4197/3397 1226/2865/821
f 1224/2863/819 5184/4190/3391 5187/4193/3394 1225/2864/820
f 5193/4205/3400 5194/4206/3401 5197/4207/3404 5196/4208/3403
f 5194/4206/3401 5195/4209/3402 5198/4210/3405 5197/4207/3404
f 5196/4208/3403 5197/4207/3404 5200/4211/3407 5199/4212/3406
f 5197/4207/3404 5198/4210/3405 5201/4213/3408 5200/4211/3407
f 109/1821/84 1085/4214/730 5193/4205/3400 1134/4215/774
f 1085/4214/730 1084/4216/729 5194/4206/3401 5193/4205/3400
f 1084/4216/729 1083/4217/728 5195/4209/3402 5194/4206/3401
f 1083/4217/728 189/2692/147 1755/2694/1241 5195/4209/3402
f 5195/4209/3402 1755/2694/1241 1756/2706/1242 5198/4210/3405
f 5198/4210/3405 1756/2706/1242 1757/2704/1243 5201/4213/3408
f 5201/4213/3408 1757/2704/1243 191/2705/148 1191/4218/804
f 5200/4211/3407 5201/4213/3408 1191/4218/804 1192/4219/805
f 5199/4212/3406 5200/4211/3407 1192/4219/805 1193/4220/806
f 1136/4221/776 5199/4212/3406 1193/4220/806 123/4222/95
f 1135/4223/775 5196/4208/3403 5199/4212/3406 1136/4221/776
f 1134/4215/774 5193/4205/3400 5196/4208/3403 1135/4223/775
f 5212/4236/3410 5213/4237/3411 5211/4238/3409 5217/4239/3415
f 5214/4240/3412 5215/4241/3413 5211/4238/3409 5213/4237/3411
f 5216/4242/3414 5217/4239/3415 5211/4238/3409 5215/4243/3413
f 141/4244/102 1763/4245/1249 5212/4236/3410 1080/4246/725
f 1763/4245/1249 1762/4203/1248 5213/4237/3411 5212/4236/3410
f 1080/4246/725 5212/4236/3410 5217/4239/3415 1081/2292/726
f 189/2692/147 1083/4247/728 5214/4240/3412 1761/4248/1247
f 1083/4247/728 1084/4249/729 5215/4241/3413 5214/4240/3412
f 1761/4248/1247 5214/4240/3412 5213/4237/3411 1762/4203/1248
f 109/1821/84 1082/4250/727 5216/4242/3414 1085/4251/730
f 1082/4250/727 1081/4252/726 5217/4239/3415 5216/4242/3414
f 1085/4251/730 5216/4242/3414 5215/4243/3413 1084/4249/729
f 5227/4265/3416 5228/4266/3417 5231/4267/3420 5230/4268/3419
f 5228/4266/3417 5229/4269/3418 5232/4270/3421 5231/4267/3420
f 5230/4268/3419 5231/4267/3420 5234/4271/3423 5233/4272/3422
f 5231/4267/3420 5232/4270/3421 5235/4273/3424 5234/4271/3423
f 123/4222/95 1193/4220/806 5227/4265/3416 954/4274/625
f 1193/4220/806 1192/4219/805 5228/4266/3417 5227/4265/3416
f 1192/4219/805 1191/4218/804 5229/4269/3418 5228/4266/3417
f 1191/4218/804 191/2705/148 1767/4275/1250 5229/4269/3418
f 5229/4269/3418 1767/4275/1250 1768/4276/1251 5232/4270/3421
f 5232/4270/3421 1768/4276/1251 1769/4277/1252 5235/4273/3424
f 5235/4273/3424 1769/4277/1252 187/185/145 1008/4278/656
f 5234/4271/3423 5235/4273/3424 1008/4278/656 1009/4279/657
f 5233/4272/3422 5234/4271/3423 1009/4279/657 1010/4280/658
f 956/4281/627 5233/4272/3422 1010/4280/658 86/327/65
f 955/2467/626 5230/4268/3419 5233/4272/3422 956/4281/627
f 954/4274/625 5227/4265/3416 5230/4268/3419 955/2467/626
f 5245/4297/3425 5246/4298/3426 5249/4299/3429 5248/4300/3428
f 5246/4298/3426 5247/4301/3427 5250/4302/3430 5249/4299/3429
f 5248/4300/3428 5249/4299/3429 5252/4303/3432 5251/4304/3431
f 5249/4299/3429 5250/4302/3430 5253/4305/3433 5252/4303/3432
f 36/261/25 1695/4306/1202 5245/4297/3425 873/1437/578
f 1695/4306/1202 1696/4307/1203 5246/4298/3426 5245/4297/3425
f 1696/4307/1203 1697/4308/1204 5247/4301/3427 5246/4298/3426
f 1697/4308/1204 173/4309/132 1773/4310/1256 5247/4301/3427
f 5247/4301/3427 1773/4310/1256 1774/4311/1257 5250/4302/3430
f 5250/4302/3430 1774/4311/1257 1775/4312/1258 5253/4305/3433
f 5253/4305/3433 1775/4312/1258 185/4313/143 918/4314/603
f 5252/4303/3432 5253/4305/3433 918/4314/603 919/4315/604
f 5251/4304/3431 5252/4303/3432 919/4315/604 920/4316/605
f 875/1439/580 5251/4304/3431 920/4316/605 72/1440/53
f 874/1438/579 5248/4300/3428 5251/4304/3431 875/1439/580
f 873/1437/578 5245/4297/3425 5248/4300/3428 874/1438/579
f 5254/4317/539 5255/4318/539 5258/4319/3434 5257/4320/3434
f 5255/4318/539 5256/4321/539 5259/4322/3434 5258/4319/3434
f 5257/4320/3434 5258/4319/3434 5261/4323/541 5260/4324/541
f 5258/4319/3434 5259/4322/3434 5262/4325/541 5261/4323/541
f 13/1205/12 1683/4326/12 5254/4317/539 816/1206/539
f 1683/4326/12 1684/4327/12 5255/4318/539 5254/4317/539
f 1684/4327/12 1685/4328/12 5256/4321/539 5255/4318/539
f 1685/4328/12 169/541/12 1776/1288/1259 5256/4321/539
f 5256/4321/539 1776/1288/1259 1777/1301/1260 5259/4322/3434
f 5259/4322/3434 1777/1301/1260 1778/1299/1261 5262/4325/541
f 5262/4325/541 1778/1299/1261 184/1300/142 849/4329/44
f 5261/4323/541 5262/4325/541 849/4329/44 850/4330/44
f 5260/4324/541 5261/4323/541 850/4330/44 851/4331/44
f 818/1208/541 5260/4324/541 851/4331/44 61/1209/44
f 817/1207/540 5257/4320/3434 5260/4324/541 818/1208/541
f 816/1206/539 5254/4317/539 5257/4320/3434 817/1207/540
f 5263/4332/3435 5264/4333/3436 5267/4334/3439 5266/4335/3438
f 5264/4333/3436 5265/4336/3437 5268/4337/3440 5267/4334/3439
f 5266/4335/3438 5267/4334/3439 5270/4338/3442 5269/4339/3441
f 5267/4334/3439 5268/4337/3440 5271/4340/3443 5270/4338/3442
f 2/15/2 1698/4341/1205 5263/4332/3435 488/4342/357
f 1698/4341/1205 1699/13/1206 5264/4333/3436 5263/4332/3435
f 1699/13/1206 1700/11/1207 5265/4336/3437 5264/4333/3436
f 1700/11/1207 174/1181/133 1779/1183/1262 5265/4336/3437
f 5265/4336/3437 1779/1183/1262 1780/1191/1263 5268/4337/3440
f 5268/4337/3440 1780/1191/1263 1781/1189/1264 5271/4340/3443
f 5271/4340/3443 1781/1189/1264 183/1190/141 837/4343/545
f 5270/4338/3442 5271/4340/3443 837/4343/545 838/4344/546
f 5269/4339/3441 5270/4338/3442 838/4344/546 839/4345/547
f 486/4346/355 5269/4339/3441 839/4345/547 57/4347/40
f 487/4348/356 5266/4335/3438 5269/4339/3441 486/4346/355
f 488/4342/357 5263/4332/3435 5266/4335/3438 487/4348/356
f 5272/4349/3444 5273/4350/3445 5276/4351/3448 5275/4352/3447
f 5273/4350/3445 5274/4353/3446 5277/4354/3449 5276/4351/3448
f 5275/4352/3447 5276/4351/3448 5279/4355/3451 5278/4356/3450
f 5276/4351/3448 5277/4354/3449 5280/4357/3452 5279/4355/3451
f 5/4358/5 494/4359/363 5272/4349/3444 759/4360/513
f 494/4359/363 493/4361/362 5273/4350/3445 5272/4349/3444
f 493/4361/362 492/4362/361 5274/4353/3446 5273/4350/3445
f 492/4362/361 171/555/19 1782/1059/1265 5274/4353/3446
f 5274/4353/3446 1782/1059/1265 1783/1064/1266 5277/4354/3449
f 5277/4354/3449 1783/1064/1266 1784/1063/1267 5280/4357/3452
f 5280/4357/3452 1784/1063/1267 182/966/140 786/4363/526
f 5279/4355/3451 5280/4357/3452 786/4363/526 787/4364/527
f 5278/4356/3450 5279/4355/3451 787/4364/527 788/4365/528
f 761/4366/515 5278/4356/3450 788/4365/528 50/4367/35
f 760/4368/514 5275/4352/3447 5278/4356/3450 761/4366/515
f 759/4360/513 5272/4349/3444 5275/4352/3447 760/4368/514
f 5281/4369/520 5282/4370/520 5285/4371/521 5284/4372/521
f 5282/4370/520 5283/4373/520 5286/4374/521 5285/4371/521
f 5284/4372/521 5285/4371/521 5288/4375/522 5287/4376/522
f 5285/4371/521 5286/4374/521 5289/4377/522 5288/4375/522
f 25/790/20 569/4378/20 5281/4369/520 777/1125/520
f 569/4378/20 568/4379/20 5282/4370/520 5281/4369/520
f 568/4379/20 567/4380/20 5283/4373/520 5282/4370/520
f 567/4380/20 176/24/20 1785/1044/1268 5283/4373/520
f 5283/4373/520 1785/1044/1268 1786/1049/1269 5286/4374/521
f 5286/4374/521 1786/1049/1269 1787/1048/1270 5289/4377/522
f 5289/4377/522 1787/1048/1270 181/982/139 783/4381/38
f 5288/4375/522 5289/4377/522 783/4381/38 784/4382/39
f 5287/4376/522 5288/4375/522 784/4382/39 785/4383/39
f 779/1127/522 5287/4376/522 785/4383/39 56/883/39
f 778/1126/521 5284/4372/521 5287/4376/522 779/1127/522
f 777/1125/520 5281/4369/520 5284/4372/521 778/1126/521
f 5290/4384/505 5291/4385/505 5294/4386/505 5293/4387/505
f 5291/4385/505 5292/4388/505 5295/4389/505 5294/4386/505
f 5293/4387/505 5294/4386/505 5297/4390/505 5296/4391/505
f 5294/4386/505 5295/4389/505 5298/4392/505 5297/4390/505
f 56/883/39 785/4383/39 5290/4384/505 729/884/505
f 785/4383/39 784/4382/39 5291/4385/505 5290/4384/505
f 784/4382/39 783/4381/38 5292/4388/505 5291/4385/505
f 783/4381/38 181/982/139 1788/984/1271 5292/4388/505
f 5292/4388/505 1788/984/1271 1789/995/1271 5295/4389/505
f 5295/4389/505 1789/995/1271 1790/994/1271 5298/4392/505
f 5298/4392/505 1790/994/1271 180/160/138 750/4393/33
f 5297/4390/505 5298/4392/505 750/4393/33 751/4394/33
f 5296/4391/505 5297/4390/505 751/4394/33 752/4395/33
f 731/886/505 5296/4391/505 752/4395/33 48/459/33
f 730/885/505 5293/4387/505 5296/4391/505 731/886/505
f 729/884/505 5290/4384/505 5293/4387/505 730/885/505
f 5299/4396/3453 5300/4397/3454 5303/4398/3457 5302/4399/3456
f 5300/4397/3454 5301/4400/3455 5304/4401/3458 5303/4398/3457
f 5302/4399/3456 5303/4398/3457 5306/4402/3460 5305/4403/3459
f 5303/4398/3457 5304/4401/3458 5307/4404/3461 5306/4402/3460
f 50/4367/35 788/4365/528 5299/4396/3453 708/4405/496
f 788/4365/528 787/4364/527 5300/4397/3454 5299/4396/3453
f 787/4364/527 786/4363/526 5301/4400/3455 5300/4397/3454
f 786/4363/526 182/966/140 1791/968/1272 5301/4400/3455
f 5301/4400/3455 1791/968/1272 1792/972/1273 5304/4401/3458
f 5304/4401/3458 1792/972/1273 1793/971/1274 5307/4404/3461
f 5307/4404/3461 1793/971/1274 179/346/137 747/4406/506
f 5306/4402/3460 5307/4404/3461 747/4406/506 748/4407/507
f 5305/4403/3459 5306/4402/3460 748/4407/507 749/4408/508
f 710/4409/498 5305/4403/3459 749/4408/508 41/4410/30
f 709/4411/497 5302/4399/3456 5305/4403/3459 710/4409/498
f 708/4405/496 5299/4396/3453 5302/4399/3456 709/4411/497
f 5308/4412/3462 5309/4413/3463 5312/4414/3466 5311/4415/3465
f 5309/4413/3463 5310/4416/3464 5313/4417/3467 5312/4414/3466
f 5311/4415/3465 5312/4414/3466 5315/4418/3469 5314/4419/3468
f 5312/4414/3466 5313/4417/3467 5316/4420/3470 5315/4418/3469
f 4/4421/4 1701/4422/1208 5308/4412/3462 524/4423/393
f 1701/4422/1208 1702/4424/1209 5309/4413/3463 5308/4412/3462
f 1702/4424/1209 1703/4425/1210 5310/4416/3464 5309/4413/3463
f 1703/4425/1210 175/4426/134 1794/4427/1275 5310/4416/3464
f 5310/4416/3464 1794/4427/1275 1795/700/1276 5313/4417/3467
f 5313/4417/3467 1795/700/1276 1796/4428/1277 5316/4420/3470
f 5316/4420/3470 1796/4428/1277 178/4429/136 1712/197/1219
f 5315/4418/3469 5316/4420/3470 1712/197/1219 1711/4430/1218
f 5314/4419/3468 5315/4418/3469 1711/4430/1218 1710/4431/1217
f 522/4432/391 5314/4419/3468 1710/4431/1217 10/194/10
f 523/4433/392 5311/4415/3465 5314/4419/3468 522/4432/391
f 524/4423/393 5308/4412/3462 5311/4415/3465 523/4433/392
f 5317/4434/3471 5318/4435/3472 5321/4436/3475 5320/4437/3474
f 5318/4435/3472 5319/4438/3473 5322/4439/3476 5321/4436/3475
f 5320/4437/3474 5321/4436/3475 5324/4440/3478 5323/4441/3477
f 5321/4436/3475 5322/4439/3476 5325/4442/3479 5324/4440/3478
f 200/4443/154 1937/4444/1326 5317/4434/3471 1907/4445/1317
f 1937/4444/1326 1936/4446/1325 5318/4435/3472 5317/4434/3471
f 1936/4446/1325 1935/4447/1324 5319/4438/3473 5318/4435/3472
f 1935/4447/1324 205/626/158 1797/628/1278 5319/4438/3473
f 5319/4438/3473 1797/628/1278 1798/641/1279 5322/4439/3476
f 5322/4439/3476 1798/641/1279 1799/639/1280 5325/4442/3479
f 5325/4442/3479 1799/639/1280 175/640/134 1703/4425/1210
f 5324/4440/3478 5325/4442/3479 1703/4425/1210 1702/4448/1209
f 5323/4441/3477 5324/4440/3478 1702/4448/1209 1701/4422/1208
f 1905/4449/1315 5323/4441/3477 1701/4422/1208 4/4421/4
f 1906/4450/1316 5320/4437/3474 5323/4441/3477 1905/4449/1315
f 1907/4445/1317 5317/4434/3471 5320/4437/3474 1906/4450/1316
f 5326/4451/3480 5327/4452/3481 5330/4453/3484 5329/4454/3483
f 5327/4452/3481 5328/4455/3482 5331/4456/455 5330/4453/3484
f 5329/4454/3483 5330/4453/3484 5333/4457/3486 5332/4458/3485
f 5330/4453/3484 5331/4456/455 5334/4459/3487 5333/4457/3486
f 1/4460/1 476/1290/345 5326/4451/3480 503/4461/372
f 476/1290/345 475/4462/344 5327/4452/3481 5326/4451/3480
f 475/4462/344 474/4463/343 5328/4455/3482 5327/4452/3481
f 474/4463/343 169/541/12 1800/543/454 5328/4455/3482
f 5328/4455/3482 1800/543/454 1801/556/455 5331/4456/455
f 5331/4456/455 1801/556/455 1802/554/456 5334/4459/3487
f 5334/4459/3487 1802/554/456 171/555/19 492/4362/361
f 5333/4457/3486 5334/4459/3487 492/4362/361 493/4361/362
f 5332/4458/3485 5333/4457/3486 493/4361/362 494/4359/363
f 501/4464/370 5332/4458/3485 494/4359/363 5/4358/5
f 502/4465/371 5329/4454/3483 5332/4458/3485 501/4464/370
f 503/4461/372 5326/4451/3480 5329/4454/3483 502/4465/371
f 5335/4466/3488 5336/4467/3489 5339/4468/3492 5338/4469/3491
f 5336/4467/3489 5337/4470/3490 5340/4471/3493 5339/4468/3492
f 5338/4469/3491 5339/4468/3492 5342/4472/3495 5341/4473/3494
f 5339/4468/3492 5340/4471/3493 5343/4474/3496 5342/4472/3495
f 41/4475/30 749/4476/508 5335/4466/3488 510/4477/379
f 749/4476/508 748/4478/507 5336/4467/3489 5335/4466/3488
f 748/4478/507 747/4406/506 5337/4470/3490 5336/4467/3489
f 747/4406/506 179/4479/137 1803/4480/1281 5337/4470/3490
f 5337/4470/3490 1803/4480/1281 1804/4481/1282 5340/4471/3493
f 5340/4471/3493 1804/4481/1282 1805/4482/1283 5343/4474/3496
f 5343/4474/3496 1805/4482/1283 172/360/131 504/4483/373
f 5342/4472/3495 5343/4474/3496 504/4483/373 505/4484/374
f 5341/4473/3494 5342/4472/3495 505/4484/374 506/4485/375
f 512/4486/381 5341/4473/3494 506/4485/375 7/4487/7
f 511/4488/380 5338/4469/3491 5341/4473/3494 512/4486/381
f 510/4477/379 5335/4466/3488 5338/4469/3491 511/4488/380
f 5344/4489/3497 5345/4490/3498 5348/4491/3501 5347/4492/3500
f 5345/4490/3498 5346/4493/3499 5349/4494/3502 5348/4491/3501
f 5347/4492/3500 5348/4491/3501 5351/4495/3504 5350/4496/3503
f 5348/4491/3501 5349/4494/3502 5352/4497/3505 5351/4495/3504
f 18/257/15 1686/4498/1199 5344/4489/3497 615/258/432
f 1686/4498/1199 1687/4499/1200 5345/4490/3498 5344/4489/3497
f 1687/4499/1200 1688/4500/1201 5346/4493/3499 5345/4490/3498
f 1688/4500/1201 170/49/130 1806/4501/1284 5346/4493/3499
f 5346/4493/3499 1806/4501/1284 1807/223/1285 5349/4494/3502
f 5349/4494/3502 1807/223/1285 1808/4502/1286 5352/4497/3505
f 5352/4497/3505 1808/4502/1286 173/4309/132 1697/4308/1204
f 5351/4495/3504 5352/4497/3505 1697/4308/1204 1696/4307/1203
f 5350/4496/3503 5351/4495/3504 1696/4307/1203 1695/4306/1202
f 617/260/434 5350/4496/3503 1695/4306/1202 36/261/25
f 616/259/433 5347/4492/3500 5350/4496/3503 617/260/434
f 615/258/432 5344/4489/3497 5347/4492/3500 616/259/433
f 5353/4503/3506 5354/4504/3507 5357/4505/3510 5356/4506/3509
f 5354/4504/3507 5355/4507/3508 5358/4508/3511 5357/4505/3510
f 5356/4506/3509 5357/4505/3510 5360/4509/3513 5359/4510/3512
f 5357/4505/3510 5358/4508/3511 5361/4511/3514 5360/4509/3513
f 86/327/65 1010/4280/658 5353/4503/3506 624/328/441
f 1010/4280/658 1009/4279/657 5354/4504/3507 5353/4503/3506
f 1009/4279/657 1008/4278/656 5355/4507/3508 5354/4504/3507
f 1008/4278/656 187/185/145 1809/187/1287 5355/4507/3508
f 5355/4507/3508 1809/187/1287 1810/200/1288 5358/4508/3511
f 5358/4508/3511 1810/200/1288 1811/198/1289 5361/4511/3514
f 5361/4511/3514 1811/198/1289 178/199/136 603/4512/420
f 5360/4509/3513 5361/4511/3514 603/4512/420 604/4513/421
f 5359/4510/3512 5360/4509/3513 604/4513/421 605/4514/422
f 626/330/443 5359/4510/3512 605/4514/422 37/331/26
f 625/329/442 5356/4506/3509 5359/4510/3512 626/330/443
f 624/328/441 5353/4503/3506 5356/4506/3509 625/329/442
f 5362/4515/447 5363/4516/447 5366/4517/448 5365/4518/448
f 5363/4516/447 5364/4519/447 5367/4520/448 5366/4517/448
f 5365/4518/448 5366/4517/448 5369/4521/449 5368/4522/449
f 5366/4517/448 5367/4520/448 5370/4523/449 5369/4521/449
f 48/459/33 752/4395/33 5362/4515/447 642/460/447
f 752/4395/33 751/4394/33 5363/4516/447 5362/4515/447
f 751/4394/33 750/4393/33 5364/4519/447 5363/4516/447
f 750/4393/33 180/160/138 1812/4524/1290 5364/4519/447
f 5364/4519/447 1812/4524/1290 1813/4525/1291 5367/4520/448
f 5367/4520/448 1813/4525/1291 1814/4526/1292 5370/4523/449
f 5370/4523/449 1814/4526/1292 177/174/135 585/4527/22
f 5369/4521/449 5370/4523/449 585/4527/22 586/4528/22
f 5368/4522/449 5369/4521/449 586/4528/22 587/4529/22
f 644/462/449 5368/4522/449 587/4529/22 31/463/22
f 643/461/448 5365/4518/448 5368/4522/449 644/462/449
f 642/460/447 5362/4515/447 5365/4518/448 643/461/448
f 5380/4546/3515 5381/4547/3515 5384/4548/3516 5383/4549/3516
f 5381/4547/3515 5382/4550/3515 5385/4551/3516 5384/4548/3516
f 5383/4549/3516 5384/4548/3516 5387/4552/3517 5386/4553/3517
f 5384/4548/3516 5385/4551/3516 5388/4554/3517 5387/4552/3517
f 195/611/151 1934/4555/151 5380/4546/3515 666/612/460
f 1934/4555/151 1933/4556/151 5381/4547/3515 5380/4546/3515
f 1933/4556/151 1932/4557/151 5382/4550/3515 5381/4547/3515
f 1932/4557/151 206/35/159 1818/37/1296 5382/4550/3515
f 5382/4550/3515 1818/37/1296 1819/50/1297 5385/4551/3516
f 5385/4551/3516 1819/50/1297 1820/48/1298 5388/4554/3517
f 5388/4554/3517 1820/48/1298 170/49/130 1688/4500/1201
f 5387/4552/3517 5388/4554/3517 1688/4500/1201 1687/4499/1200
f 5386/4553/3517 5387/4552/3517 1687/4499/1200 1686/4498/1199
f 668/614/462 5386/4553/3517 1686/4498/1199 18/257/15
f 667/613/461 5383/4549/3516 5386/4553/3517 668/614/462
f 666/612/460 5380/4546/3515 5383/4549/3516 667/613/461
f 5389/4558/481 5390/4559/481 5393/4560/482 5392/4561/482
f 5390/4559/481 5391/4562/481 5394/4563/482 5393/4560/482
f 5392/4561/482 5393/4560/482 5396/4564/483 5395/4565/483
f 5393/4560/482 5394/4563/482 5397/4566/483 5396/4564/483
f 14/786/13 539/4567/13 5389/4558/481 693/787/481
f 539/4567/13 538/1184/13 5390/4559/481 5389/4558/481
f 538/1184/13 537/4568/13 5391/4562/481 5390/4559/481
f 537/4568/13 174/10/133 1821/12/481 5391/4562/481
f 5391/4562/481 1821/12/481 1822/25/482 5394/4563/482
f 5394/4563/482 1822/25/482 1823/23/483 5397/4566/483
f 5397/4566/483 1823/23/483 176/24/20 567/4380/20
f 5396/4564/483 5397/4566/483 567/4380/20 568/4379/20
f 5395/4565/483 5396/4564/483 568/4379/20 569/4378/20
f 695/789/483 5395/4565/483 569/4378/20 25/790/20
f 694/788/482 5392/4561/482 5395/4565/483 695/789/483
f 693/787/481 5389/4558/481 5392/4561/482 694/788/482
f 5398/4569/505 5399/4570/505 5402/4571/505 5401/4572/505
f 5399/4570/505 5400/4573/505 5403/4574/505 5402/4571/505
f 5401/4572/505 5402/4571/505 5405/4575/505 5404/4576/505
f 5402/4571/505 5403/4574/505 5406/4577/505 5405/4575/505
f 61/1209/44 851/4331/44 5398/4569/505 1890/4578/505
f 851/4331/44 850/4330/44 5399/4570/505 5398/4569/505
f 850/4330/44 849/4329/44 5400/4573/505 5399/4570/505
f 849/4329/44 184/1300/142 1929/4579/1323 5400/4573/505
f 5400/4573/505 1929/4579/1323 1930/4580/1323 5403/4574/505
f 5403/4574/505 1930/4580/1323 1931/4581/1323 5406/4577/505
f 5406/4577/505 1931/4581/1323 206/35/159 1932/4557/151
f 5405/4575/505 5406/4577/505 1932/4557/151 1933/4556/151
f 5404/4576/505 5405/4575/505 1933/4556/151 1934/4555/151
f 1892/4582/1310 5404/4576/505 1934/4555/151 195/611/151
f 1891/4583/1310 5401/4572/505 5404/4576/505 1892/4582/1310
f 1890/4578/505 5398/4569/505 5401/4572/505 1891/4583/1310
f 5407/4584/3518 5408/4585/3519 5411/4586/3519 5410/4587/3518
f 5408/4585/3519 5409/4588/3520 5412/4589/3520 5411/4586/3519
f 5410/4587/3518 5411/4586/3519 5414/4590/3519 5413/4591/3518
f 5411/4586/3519 5412/4589/3520 5415/4592/3520 5414/4590/3519
f 57/4347/40 839/4345/547 5407/4584/3518 806/4593/529
f 839/4345/547 838/4344/546 5408/4585/3519 5407/4584/3518
f 838/4344/546 837/4343/545 5409/4588/3520 5408/4585/3519
f 837/4343/545 183/1190/141 1926/4594/1322 5409/4588/3520
f 5409/4588/3520 1926/4594/1322 1927/4595/1322 5412/4589/3520
f 5412/4589/3520 1927/4595/1322 1928/4596/1322 5415/4592/3520
f 5415/4592/3520 1928/4596/1322 205/626/158 1935/4447/1324
f 5414/4590/3519 5415/4592/3520 1935/4447/1324 1936/4446/1325
f 5413/4591/3518 5414/4590/3519 1936/4446/1325 1937/4444/1326
f 804/4597/529 5413/4591/3518 1937/4444/1326 200/4443/154
f 805/4598/529 5410/4587/3518 5413/4591/3518 804/4597/529
f 806/4593/529 5407/4584/3518 5410/4587/3518 805/4598/529
f 5416/4599/1311 5417/4600/1311 5420/4601/1311 5419/4602/1311
f 5417/4600/1311 5418/4603/1311 5421/4604/1311 5420/4601/1311
f 5419/4602/1311 5420/4601/1311 5423/4605/1311 5422/4606/1311
f 5420/4601/1311 5421/4604/1311 5424/4607/1311 5423/4605/1311
f 64/1146/45 830/4054/45 5416/4599/1311 1899/4608/1311
f 830/4054/45 829/4053/45 5417/4600/1311 5416/4599/1311
f 829/4053/45 828/4052/45 5418/4603/1311 5417/4600/1311
f 828/4052/45 382/4051/45 1923/4609/1311 5418/4603/1311
f 5418/4603/1311 1923/4609/1311 1924/4610/1311 5421/4604/1311
f 5421/4604/1311 1924/4610/1311 1925/4611/1311 5424/4607/1311
f 5424/4607/1311 1925/4611/1311 468/4140/152 1938/4139/152
f 5423/4605/1311 5424/4607/1311 1938/4139/152 1939/4138/152
f 5422/4606/1311 5423/4605/1311 1939/4138/152 1940/4137/152
f 1901/4612/1311 5422/4606/1311 1940/4137/152 198/674/152
f 1900/4613/1311 5419/4602/1311 5422/4606/1311 1901/4612/1311
f 1899/4608/1311 5416/4599/1311 5419/4602/1311 1900/4613/1311
f 5425/4614/3521 5426/4615/3522 5429/4616/3525 5428/4617/3524
f 5426/4615/3522 5427/4618/3523 5430/4619/3526 5429/4616/3525
f 5428/4617/3524 5429/4616/3525 5432/4620/3528 5431/4621/3527
f 5429/4616/3525 5430/4619/3526 5433/4622/3529 5432/4620/3528
f 40/837/29 701/2979/489 5425/4614/3521 1902/4623/1312
f 701/2979/489 700/2978/488 5426/4615/3522 5425/4614/3521
f 700/2978/488 699/4624/487 5427/4618/3523 5426/4615/3522
f 699/4624/487 377/2975/266 1920/4625/1144 5427/4618/3523
f 5427/4618/3523 1920/4625/1144 1921/4626/1145 5430/4619/3526
f 5430/4619/3526 1921/4626/1145 1922/4627/1321 5433/4622/3529
f 5433/4622/3529 1922/4627/1321 467/4628/337 1941/4629/1327
f 5432/4620/3528 5433/4622/3529 1941/4629/1327 1942/4630/1328
f 5431/4621/3527 5432/4620/3528 1942/4630/1328 1943/4631/1329
f 1904/4632/1314 5431/4621/3527 1943/4631/1329 199/4633/153
f 1903/4634/1313 5428/4617/3524 5431/4621/3527 1904/4632/1314
f 1902/4623/1312 5425/4614/3521 5428/4617/3524 1903/4634/1313
f 5434/4635/1320 5435/4636/1320 5438/4637/1320 5437/4638/1320
f 5435/4636/1320 5436/4639/1320 5439/4640/1320 5438/4637/1320
f 5437/4638/1320 5438/4637/1320 5441/4641/1320 5440/4642/1320
f 5438/4637/1320 5439/4640/1320 5442/4643/1320 5441/4641/1320
f 78/1319/57 890/2809/96 5434/4635/1320 1908/4644/1318
f 890/2809/96 889/2808/96 5435/4636/1320 5434/4635/1320
f 889/2808/96 888/2807/96 5436/4639/1320 5435/4636/1320
f 888/2807/96 135/2793/96 1917/4645/1320 5436/4639/1320
f 5436/4639/1320 1917/4645/1320 1918/4646/1320 5439/4640/1320
f 5439/4640/1320 1918/4646/1320 1919/4647/1320 5442/4643/1320
f 5442/4643/1320 1919/4647/1320 204/2652/157 1944/2965/157
f 5441/4641/1320 5442/4643/1320 1944/2965/157 1945/2964/157
f 5440/4642/1320 5441/4641/1320 1945/2964/157 1946/2963/157
f 1910/4648/1318 5440/4642/1320 1946/2963/157 201/1607/155
f 1909/4649/1318 5437/4638/1320 5440/4642/1320 1910/4648/1318
f 1908/4644/1318 5434/4635/1320 5437/4638/1320 1909/4649/1318
f 5443/4650/1320 5444/4651/1320 5447/4652/1320 5446/4653/1320
f 5444/4651/1320 5445/4654/1320 5448/4655/1320 5447/4652/1320
f 5446/4653/1320 5447/4652/1320 5450/4656/1320 5449/4657/1320
f 5447/4652/1320 5448/4655/1320 5451/4658/1320 5450/4656/1320
f 135/2793/96 1835/2791/96 5443/4650/1320 1917/4645/1320
f 1835/2791/96 1834/2790/96 5444/4651/1320 5443/4650/1320
f 1834/2790/96 1833/2789/96 5445/4654/1320 5444/4651/1320
f 1833/2789/96 129/1728/96 1914/4659/1320 5445/4654/1320
f 5445/4654/1320 1914/4659/1320 1915/4660/1320 5448/4655/1320
f 5448/4655/1320 1915/4660/1320 1916/4661/1320 5451/4658/1320
f 5451/4658/1320 1916/4661/1320 203/1913/157 1947/2656/157
f 5450/4656/1320 5451/4658/1320 1947/2656/157 1948/2655/157
f 5449/4657/1320 5450/4656/1320 1948/2655/157 1949/2653/157
f 1919/4647/1320 5449/4657/1320 1949/2653/157 204/2652/157
f 1918/4646/1320 5446/4653/1320 5449/4657/1320 1919/4647/1320
f 1917/4645/1320 5443/4650/1320 5446/4653/1320 1918/4646/1320
f 5452/4662/1320 5453/4663/1320 5456/4664/1320 5455/4665/1320
f 5453/4663/1320 5454/4666/1320 5457/4667/1320 5456/4664/1320
f 5455/4665/1320 5456/4664/1320 5459/4668/1320 5458/4669/1320
f 5456/4664/1320 5457/4667/1320 5460/4670/1320 5459/4668/1320
f 129/1728/96 1154/1726/96 5452/4662/1320 1914/4659/1320
f 1154/1726/96 1153/1725/96 5453/4663/1320 5452/4662/1320
f 1153/1725/96 1152/1724/96 5454/4666/1320 5453/4663/1320
f 1152/1724/96 92/1276/69 1911/4671/1319 5454/4666/1320
f 5454/4666/1320 1911/4671/1319 1912/4672/1319 5457/4667/1320
f 5457/4667/1320 1912/4672/1319 1913/4673/1319 5460/4670/1320
f 5460/4670/1320 1913/4673/1319 202/60/156 1950/1917/157
f 5459/4668/1320 5460/4670/1320 1950/1917/157 1951/1916/157
f 5458/4669/1320 5459/4668/1320 1951/1916/157 1952/1914/157
f 1916/4661/1320 5458/4669/1320 1952/1914/157 203/1913/157
f 1915/4660/1320 5455/4665/1320 5458/4669/1320 1916/4661/1320
f 1914/4659/1320 5452/4662/1320 5455/4665/1320 1915/4660/1320
f 5461/4674/3530 5462/4675/3531 5465/4676/3531 5464/4677/3530
f 5462/4675/3531 5463/4678/3532 5466/4679/3532 5465/4676/3531
f 5464/4677/3530 5465/4676/3531 5468/4680/3531 5467/4681/3530
f 5465/4676/3531 5466/4679/3532 5469/4682/3532 5468/4680/3531
f 58/1324/41 848/1322/556 5461/4674/3530 1884/4683/1306
f 848/1322/556 847/1321/555 5462/4675/3531 5461/4674/3530
f 847/1321/555 846/1320/554 5463/4678/3532 5462/4675/3531
f 846/1320/554 78/1319/57 1908/4644/1318 5463/4678/3532
f 5463/4678/3532 1908/4644/1318 1909/4649/1318 5466/4679/3532
f 5466/4679/3532 1909/4649/1318 1910/4648/1318 5469/4682/3532
f 5469/4682/3532 1910/4648/1318 201/1607/155 1953/1606/1330
f 5468/4680/3531 5469/4682/3532 1953/1606/1330 1954/1605/1331
f 5467/4681/3530 5468/4680/3531 1954/1605/1331 1955/1603/1332
f 1886/4684/1306 5467/4681/3530 1955/1603/1332 193/1602/149
f 1885/4685/1306 5464/4677/3530 5467/4681/3530 1886/4684/1306
f 1884/4683/1306 5461/4674/3530 5464/4677/3530 1885/4685/1306
f 5470/4686/3533 5471/4687/3534 5474/4688/3537 5473/4689/3536
f 5471/4687/3534 5472/4690/3535 5475/4691/3538 5474/4688/3537
f 5473/4689/3536 5474/4688/3537 5477/4692/3540 5476/4693/3539
f 5474/4688/3537 5475/4691/3538 5478/4694/3541 5477/4692/3540
f 17/842/14 698/840/486 5470/4686/3533 665/4695/459
f 698/840/486 697/839/485 5471/4687/3534 5470/4686/3533
f 697/839/485 696/838/484 5472/4690/3535 5471/4687/3534
f 696/838/484 40/837/29 1902/4623/1312 5472/4690/3535
f 5472/4690/3535 1902/4623/1312 1903/4634/1313 5475/4691/3538
f 5475/4691/3538 1903/4634/1313 1904/4632/1314 5478/4694/3541
f 5478/4694/3541 1904/4632/1314 199/4633/153 1956/4696/1333
f 5477/4692/3540 5478/4694/3541 1956/4696/1333 1957/4697/1334
f 5476/4693/3539 5477/4692/3540 1957/4697/1334 1958/4698/1335
f 663/4699/457 5476/4693/3539 1958/4698/1335 194/4700/150
f 664/4701/458 5473/4689/3536 5476/4693/3539 663/4699/457
f 665/4695/459 5470/4686/3533 5473/4689/3536 664/4701/458
f 5479/4702/1311 5480/4703/1311 5483/4704/1311 5482/4705/1311
f 5480/4703/1311 5481/4706/1311 5484/4707/1311 5483/4704/1311
f 5482/4705/1311 5483/4704/1311 5486/4708/1311 5485/4709/1311
f 5483/4704/1311 5484/4707/1311 5487/4710/1311 5486/4708/1311
f 63/1151/45 833/1149/45 5479/4702/1311 1896/4711/1311
f 833/1149/45 832/1148/45 5480/4703/1311 5479/4702/1311
f 832/1148/45 831/1147/45 5481/4706/1311 5480/4703/1311
f 831/1147/45 64/1146/45 1899/4608/1311 5481/4706/1311
f 5481/4706/1311 1899/4608/1311 1900/4613/1311 5484/4707/1311
f 5484/4707/1311 1900/4613/1311 1901/4612/1311 5487/4710/1311
f 5487/4710/1311 1901/4612/1311 198/674/152 1959/673/152
f 5486/4708/1311 5487/4710/1311 1959/673/152 1960/672/152
f 5485/4709/1311 5486/4708/1311 1960/672/152 1961/671/152
f 1898/4712/1311 5485/4709/1311 1961/671/152 197/654/152
f 1897/4713/1311 5482/4705/1311 5485/4709/1311 1898/4712/1311
f 1896/4711/1311 5479/4702/1311 5482/4705/1311 1897/4713/1311
f 5488/4714/1311 5489/4715/1311 5492/4716/1311 5491/4717/1311
f 5489/4715/1311 5490/4718/1311 5493/4719/1311 5492/4716/1311
f 5491/4717/1311 5492/4716/1311 5495/4720/1311 5494/4721/1311
f 5492/4716/1311 5493/4719/1311 5496/4722/1311 5495/4720/1311
f 62/1170/45 836/1168/45 5488/4714/1311 1893/4723/1311
f 836/1168/45 835/1167/45 5489/4715/1311 5488/4714/1311
f 835/1167/45 834/1166/45 5490/4718/1311 5489/4715/1311
f 834/1166/45 63/1151/45 1896/4711/1311 5490/4718/1311
f 5490/4718/1311 1896/4711/1311 1897/4713/1311 5493/4719/1311
f 5493/4719/1311 1897/4713/1311 1898/4712/1311 5496/4722/1311
f 5496/4722/1311 1898/4712/1311 197/654/152 1962/653/152
f 5495/4720/1311 5496/4722/1311 1962/653/152 1963/652/152
f 5494/4721/1311 5495/4720/1311 1963/652/152 1964/651/152
f 1895/4724/1311 5494/4721/1311 1964/651/152 196/631/152
f 1894/4725/1311 5491/4717/1311 5494/4721/1311 1895/4724/1311
f 1893/4723/1311 5488/4714/1311 5491/4717/1311 1894/4725/1311
f 5497/4726/1311 5498/4727/1311 5501/4728/1311 5500/4729/1311
f 5498/4727/1311 5499/4730/1311 5502/4731/1311 5501/4728/1311
f 5500/4729/1311 5501/4728/1311 5504/4732/1311 5503/4733/1311
f 5501/4728/1311 5502/4731/1311 5505/4734/1311 5504/4732/1311
f 183/1190/141 1727/1188/45 5497/4726/1311 1926/4594/1322
f 1727/1188/45 1726/1187/45 5498/4727/1311 5497/4726/1311
f 1726/1187/45 1725/1186/45 5499/4730/1311 5498/4727/1311
f 1725/1186/45 62/1170/45 1893/4723/1311 5499/4730/1311
f 5499/4730/1311 1893/4723/1311 1894/4725/1311 5502/4731/1311
f 5502/4731/1311 1894/4725/1311 1895/4724/1311 5505/4734/1311
f 5505/4734/1311 1895/4724/1311 196/631/152 1965/630/152
f 5504/4732/1311 5505/4734/1311 1965/630/152 1966/629/152
f 5503/4733/1311 5504/4732/1311 1966/629/152 1967/627/152
f 1928/4596/1322 5503/4733/1311 1967/627/152 205/626/158
f 1927/4595/1322 5500/4729/1311 5503/4733/1311 1928/4596/1322
f 1926/4594/1322 5497/4726/1311 5500/4729/1311 1927/4595/1322
f 5506/4735/3542 5507/4736/3543 5510/4737/3546 5509/4738/3545
f 5507/4736/3543 5508/4739/3544 5511/4740/3547 5510/4737/3546
f 5509/4738/3545 5510/4737/3546 5513/4741/3549 5512/4742/3548
f 5510/4737/3546 5511/4740/3547 5514/4743/3550 5513/4741/3549
f 60/867/43 842/1212/550 5506/4735/3542 1887/4744/1307
f 842/1212/550 841/1211/549 5507/4736/3543 5506/4735/3542
f 841/1211/549 840/1210/548 5508/4739/3544 5507/4736/3543
f 840/1210/548 61/1209/44 1890/4578/505 5508/4739/3544
f 5508/4739/3544 1890/4578/505 1891/4583/1310 5511/4740/3547
f 5511/4740/3547 1891/4583/1310 1892/4582/1310 5514/4743/3550
f 5514/4743/3550 1892/4582/1310 195/611/151 1968/610/1336
f 5513/4741/3549 5514/4743/3550 1968/610/1336 1969/609/551
f 5512/4742/3548 5513/4741/3549 1969/609/551 1970/607/1337
f 1889/4745/1309 5512/4742/3548 1970/607/1337 194/606/150
f 1888/868/1308 5509/4738/3545 5512/4742/3548 1889/4745/1309
f 1887/4744/1307 5506/4735/3542 5509/4738/3545 1888/868/1308
f 5515/4746/3551 5516/4747/3552 5519/4748/3552 5518/4749/3551
f 5516/4747/3552 5517/4750/3553 5520/4751/3553 5519/4748/3552
f 5518/4749/3551 5519/4748/3552 5522/4752/3552 5521/4753/3551
f 5519/4748/3552 5520/4751/3553 5523/4754/3553 5522/4752/3552
f 92/1276/69 974/1274/635 5515/4746/3551 1911/4671/1319
f 974/1274/635 973/1273/634 5516/4747/3552 5515/4746/3551
f 973/1273/634 972/1272/633 5517/4750/3553 5516/4747/3552
f 972/1272/633 57/1271/40 806/4755/529 5517/4750/3553
f 5517/4750/3553 806/4755/529 805/4756/529 5520/4751/3553
f 5520/4751/3553 805/4756/529 804/4757/529 5523/4754/3553
f 5523/4754/3553 804/4757/529 200/65/154 1971/64/1338
f 5522/4752/3552 5523/4754/3553 1971/64/1338 1972/63/1339
f 5521/4753/3551 5522/4752/3552 1972/63/1339 1973/61/1340
f 1913/4673/1319 5521/4753/3551 1973/61/1340 202/60/156
f 1912/4672/1319 5518/4749/3551 5521/4753/3551 1913/4673/1319
f 1911/4671/1319 5515/4746/3551 5518/4749/3551 1912/4672/1319
f 5524/4758/3554 5525/4759/3555 5528/4760/3555 5527/4761/3554
f 5525/4759/3555 5526/4762/3556 5529/4763/3556 5528/4760/3555
f 5527/4761/3554 5528/4760/3555 5531/4764/3555 5530/4765/3554
f 5528/4760/3555 5529/4763/3556 5532/4766/3556 5531/4764/3555
f 184/1300/142 1730/1298/1228 5524/4758/3554 1929/4579/1323
f 1730/1298/1228 1729/1297/1227 5525/4759/3555 5524/4758/3554
f 1729/1297/1227 1728/1296/1226 5526/4762/3556 5525/4759/3555
f 1728/1296/1226 58/1295/41 1884/4767/1306 5526/4762/3556
f 5526/4762/3556 1884/4767/1306 1885/4768/1306 5529/4763/3556
f 5529/4763/3556 1885/4768/1306 1886/4769/1306 5532/4766/3556
f 5532/4766/3556 1886/4769/1306 193/40/149 1974/39/1341
f 5531/4764/3555 5532/4766/3556 1974/39/1341 1975/38/1342
f 5530/4765/3554 5531/4764/3555 1975/38/1342 1976/36/1343
f 1931/4581/1323 5530/4765/3554 1976/36/1343 206/35/159
f 1930/4580/1323 5527/4761/3554 5530/4765/3554 1931/4581/1323
f 1929/4579/1323 5524/4758/3554 5527/4761/3554 1930/4580/1323
f 5533/4770/3557 5534/4771/3558 5537/4772/3561 5536/4773/3560
f 5534/4771/3558 5535/4774/3559 5538/4775/3562 5537/4772/3561
f 5536/4773/3560 5537/4772/3561 5540/4776/3564 5539/4777/3563
f 5537/4772/3561 5538/4775/3562 5541/4778/3565 5540/4776/3564
f 436/4779/314 3084/4780/481 5533/4770/3557 2963/4781/1963
f 3084/4780/481 3085/4782/482 5534/4771/3558 5533/4770/3557
f 3085/4782/482 3086/4783/483 5535/4774/3559 5534/4771/3558
f 3086/4783/483 438/4784/20 2969/4785/1969 5535/4774/3559
f 5535/4774/3559 2969/4785/1969 2968/4786/1968 5538/4775/3562
f 5538/4775/3562 2968/4786/1968 2967/4787/1967 5541/4778/3565
f 5541/4778/3565 2967/4787/1967 212/4788/165 2003/4789/1370
f 5540/4776/3564 5541/4778/3565 2003/4789/1370 2002/4790/1369
f 5539/4777/3563 5540/4776/3564 2002/4790/1369 2001/4791/1368
f 2961/4792/1961 5539/4777/3563 2001/4791/1368 208/4793/161
f 2962/4794/1962 5536/4773/3560 5539/4777/3563 2961/4792/1961
f 2963/4781/1963 5533/4770/3557 5536/4773/3560 2962/4794/1962
f 5542/4795/3566 5543/4796/3567 5546/4797/3570 5545/4798/3569
f 5543/4796/3567 5544/4799/3568 5547/4800/3571 5546/4797/3570
f 5545/4798/3569 5546/4797/3570 5549/4801/3573 5548/4802/3572
f 5546/4797/3570 5547/4800/3571 5550/4803/3574 5549/4801/3573
f 470/4804/339 3081/4805/2052 5542/4795/3566 3230/4806/2095
f 3081/4805/2052 3082/4807/2053 5543/4796/3567 5542/4795/3566
f 3082/4807/2053 3083/4808/2054 5544/4799/3568 5543/4796/3567
f 3083/4808/2054 432/4809/311 1983/4810/1350 5544/4799/3568
f 5544/4799/3568 1983/4810/1350 1984/4811/1351 5547/4800/3571
f 5547/4800/3571 1984/4811/1351 1985/4812/1352 5550/4803/3574
f 5550/4803/3574 1985/4812/1352 209/4813/162 1994/4814/1361
f 5549/4801/3573 5550/4803/3574 1994/4814/1361 1993/4815/1360
f 5548/4802/3572 5549/4801/3573 1993/4815/1360 1992/4816/1359
f 3228/4817/2093 5548/4802/3572 1992/4816/1359 455/4818/330
f 3229/4819/2094 5545/4798/3569 5548/4802/3572 3228/4817/2093
f 3230/4806/2095 5542/4795/3566 5545/4798/3569 3229/4819/2094
f 5551/4820/3575 5552/4821/3576 5555/4822/3579 5554/4823/3578
f 5552/4821/3576 5553/4824/3577 5556/4825/3580 5555/4822/3579
f 5554/4823/3578 5555/4822/3579 5558/4826/3582 5557/4827/3581
f 5555/4822/3579 5556/4825/3580 5559/4828/3583 5558/4826/3582
f 464/4829/335 2517/4830/1615 5551/4820/3575 3227/4831/2092
f 2517/4830/1615 2518/4832/1616 5552/4821/3576 5551/4820/3575
f 2518/4832/1616 2519/4833/1617 5553/4824/3577 5552/4821/3576
f 2519/4833/1617 286/4834/201 1986/4835/1353 5553/4824/3577
f 5553/4824/3577 1986/4835/1353 1987/4836/1354 5556/4825/3580
f 5556/4825/3580 1987/4836/1354 1988/4837/1355 5559/4828/3583
f 5559/4828/3583 1988/4837/1355 210/4838/163 3165/4839/2068
f 5558/4826/3582 5559/4828/3583 3165/4839/2068 3166/4840/2069
f 5557/4827/3581 5558/4826/3582 3166/4840/2069 3167/4841/2070
f 3225/4842/2090 5557/4827/3581 3167/4841/2070 462/4843/333
f 3226/4844/2091 5554/4823/3578 5557/4827/3581 3225/4842/2090
f 3227/4831/2092 5551/4820/3575 5554/4823/3578 3226/4844/2091
f 5560/4845/3584 5561/4846/3585 5564/4847/3588 5563/4848/3587
f 5561/4846/3585 5562/4849/3586 5565/4850/3589 5564/4847/3588
f 5563/4848/3587 5564/4847/3588 5567/4851/3591 5566/4852/3590
f 5564/4847/3588 5565/4850/3589 5568/4853/3592 5567/4851/3591
f 282/4854/197 2430/4855/1568 5560/4845/3584 2387/4856/1539
f 2430/4855/1568 2431/4857/1569 5561/4846/3585 5560/4845/3584
f 2431/4857/1569 2432/4858/1570 5562/4849/3586 5561/4846/3585
f 2432/4858/1570 274/4859/192 2366/4860/1524 5562/4849/3586
f 5562/4849/3586 2366/4860/1524 2365/4861/1523 5565/4850/3589
f 5565/4850/3589 2365/4861/1523 2364/4862/1522 5568/4853/3592
f 5568/4853/3592 2364/4862/1522 213/4863/166 2015/4864/1382
f 5567/4851/3591 5568/4853/3592 2015/4864/1382 2014/4865/1381
f 5566/4852/3590 5567/4851/3591 2014/4865/1381 2013/4866/1380
f 2385/4867/1537 5566/4852/3590 2013/4866/1380 247/4868/181
f 2386/4869/1538 5563/4848/3587 5566/4852/3590 2385/4867/1537
f 2387/4856/1539 5560/4845/3584 5563/4848/3587 2386/4869/1538
f 5569/4870/3593 5570/4871/3594 5573/4872/3597 5572/4873/3596
f 5570/4871/3594 5571/4874/3595 5574/4875/3598 5573/4872/3597
f 5572/4873/3596 5573/4872/3597 5576/4876/3600 5575/4877/3599
f 5573/4872/3597 5574/4875/3598 5577/4878/3601 5576/4876/3600
f 271/4879/189 2427/4880/1565 5569/4870/3593 2357/4881/1515
f 2427/4880/1565 2428/4882/1566 5570/4871/3594 5569/4870/3593
f 2428/4882/1566 2429/4883/1567 5571/4874/3595 5570/4871/3594
f 2429/4883/1567 273/4884/191 2363/4885/1521 5571/4874/3595
f 5571/4874/3595 2363/4885/1521 2362/4886/1520 5574/4875/3598
f 5574/4875/3598 2362/4886/1520 2361/4887/1519 5577/4878/3601
f 5577/4878/3601 2361/4887/1519 211/4888/164 2004/4889/1371
f 5576/4876/3600 5577/4878/3601 2004/4889/1371 2005/4890/1372
f 5575/4877/3599 5576/4876/3600 2005/4890/1372 2006/4891/1373
f 2355/4892/1513 5575/4877/3599 2006/4891/1373 207/4893/160
f 2356/4894/1514 5572/4873/3596 5575/4877/3599 2355/4892/1513
f 2357/4881/1515 5569/4870/3593 5572/4873/3596 2356/4894/1514
f 5587/4920/3611 5588/4921/3612 5591/4922/3615 5590/4923/3614
f 5588/4921/3612 5589/4924/3613 5592/4925/3616 5591/4922/3615
f 5590/4923/3614 5591/4922/3615 5594/4926/3618 5593/4927/3617
f 5591/4922/3615 5592/4925/3616 5595/4928/3619 5594/4926/3618
f 442/4929/319 3075/4930/2046 5587/4920/3611 2981/4931/1978
f 3075/4930/2046 3076/4932/2047 5588/4921/3612 5587/4920/3611
f 3076/4932/2047 3077/4933/2048 5589/4924/3613 5588/4921/3612
f 3077/4933/2048 439/4934/316 2972/4935/1972 5589/4924/3613
f 5589/4924/3613 2972/4935/1972 2971/4936/1971 5592/4925/3616
f 5592/4925/3616 2971/4936/1971 2970/4937/1970 5595/4928/3619
f 5595/4928/3619 2970/4937/1970 214/4938/167 2214/4939/1474
f 5594/4926/3618 5595/4928/3619 2214/4939/1474 2215/4940/1475
f 5593/4927/3617 5594/4926/3618 2215/4940/1475 2216/4941/1476
f 2979/4942/1976 5593/4927/3617 2216/4941/1476 248/4943/182
f 2980/4944/1977 5590/4923/3614 5593/4927/3617 2979/4942/1976
f 2981/4931/1978 5587/4920/3611 5590/4923/3614 2980/4944/1977
f 5596/4945/3620 5597/4946/3621 5600/4947/3624 5599/4948/3623
f 5597/4946/3621 5598/4949/3622 5601/4950/3625 5600/4947/3624
f 5599/4948/3623 5600/4947/3624 5603/4951/3627 5602/4952/3626
f 5600/4947/3624 5601/4950/3625 5604/4953/3628 5603/4951/3627
f 449/4954/326 3072/4955/2043 5596/4945/3620 3002/4956/1990
f 3072/4955/2043 3073/4957/2044 5597/4946/3621 5596/4945/3620
f 3073/4957/2044 3074/4958/2045 5598/4949/3622 5597/4946/3621
f 3074/4958/2045 440/4959/317 2975/4960/1975 5598/4949/3622
f 5598/4949/3622 2975/4960/1975 2974/4961/1974 5601/4950/3625
f 5601/4950/3625 2974/4961/1974 2973/4962/1973 5604/4953/3628
f 5604/4953/3628 2973/4962/1973 216/4963/169 2024/4964/1391
f 5603/4951/3627 5604/4953/3628 2024/4964/1391 2023/4965/1390
f 5602/4952/3626 5603/4951/3627 2023/4965/1390 2022/4966/1389
f 3000/4967/1988 5602/4952/3626 2022/4966/1389 289/4968/204
f 3001/4969/1989 5599/4948/3623 5602/4952/3626 3000/4967/1988
f 3002/4956/1990 5596/4945/3620 5599/4948/3623 3001/4969/1989
f 5605/4970/3629 5606/4971/3630 5609/4972/3633 5608/4973/3632
f 5606/4971/3630 5607/4974/3631 5610/4975/3634 5609/4972/3633
f 5608/4973/3632 5609/4972/3633 5612/4976/3636 5611/4977/3635
f 5609/4972/3633 5610/4975/3634 5613/4978/3637 5612/4976/3636
f 432/4979/311 3069/4980/2040 5605/4970/3629 1983/4981/1350
f 3069/4980/2040 3070/4982/2041 5606/4971/3630 5605/4970/3629
f 3070/4982/2041 3071/4983/2042 5607/4974/3631 5606/4971/3630
f 3071/4983/2042 435/4984/313 2019/4985/1386 5607/4974/3631
f 5607/4974/3631 2019/4985/1386 2020/4986/1387 5610/4975/3634
f 5610/4975/3634 2020/4986/1387 2021/4987/1388 5613/4978/3637
f 5613/4978/3637 2021/4987/1388 215/4988/168 2030/4989/1397
f 5612/4976/3636 5613/4978/3637 2030/4989/1397 2029/4990/1396
f 5611/4977/3635 5612/4976/3636 2029/4990/1396 2028/4991/1395
f 1985/4992/1352 5611/4977/3635 2028/4991/1395 209/4993/162
f 1984/4811/1351 5608/4973/3632 5611/4977/3635 1985/4992/1352
f 1983/4981/1350 5605/4970/3629 5608/4973/3632 1984/4811/1351
f 5614/4994/3638 5615/4995/3639 5618/4996/3642 5617/4997/3641
f 5615/4995/3639 5616/4998/3640 5619/4999/3643 5618/4996/3642
f 5617/4997/3641 5618/4996/3642 5621/5000/3645 5620/5001/3644
f 5618/4996/3642 5619/4999/3643 5622/5002/3646 5621/5000/3645
f 286/5003/201 2508/5004/1606 5614/4994/3638 1986/5005/1353
f 2508/5004/1606 2509/5006/1607 5615/4995/3639 5614/4994/3638
f 2509/5006/1607 2510/5007/1608 5616/4998/3640 5615/4995/3639
f 2510/5007/1608 289/5008/204 2022/4966/1389 5616/4998/3640
f 5616/4998/3640 2022/4966/1389 2023/5009/1390 5619/4999/3643
f 5619/4999/3643 2023/5009/1390 2024/5010/1391 5622/5002/3646
f 5622/5002/3646 2024/5010/1391 216/4963/169 2025/5011/1392
f 5621/5000/3645 5622/5002/3646 2025/5011/1392 2026/5012/1393
f 5620/5001/3644 5621/5000/3645 2026/5012/1393 2027/5013/1394
f 1988/5014/1355 5620/5001/3644 2027/5013/1394 210/4838/163
f 1987/5015/1354 5617/4997/3641 5620/5001/3644 1988/5014/1355
f 1986/5005/1353 5614/4994/3638 5617/4997/3641 1987/5015/1354
f 5623/5016/3647 5624/5017/3648 5627/5018/3651 5626/5019/3650
f 5624/5017/3648 5625/5020/3649 5628/5021/3652 5627/5018/3651
f 5626/5019/3650 5627/5018/3651 5630/5022/3654 5629/5023/3653
f 5627/5018/3651 5628/5021/3652 5631/5024/3655 5630/5022/3654
f 223/5025/170 2115/5026/1427 5623/5016/3647 2049/5027/1398
f 2115/5026/1427 2116/5028/1428 5624/5017/3648 5623/5016/3647
f 2116/5028/1428 2117/5029/1429 5625/5020/3649 5624/5017/3648
f 2117/5029/1429 241/5030/175 2103/5031/1415 5625/5020/3649
f 5625/5020/3649 2103/5031/1415 2104/5032/1416 5628/5021/3652
f 5628/5021/3652 2104/5032/1416 2105/5033/1417 5631/5024/3655
f 5631/5024/3655 2105/5033/1417 242/5034/176 2120/5035/1432
f 5630/5022/3654 5631/5024/3655 2120/5035/1432 2119/5036/1431
f 5629/5023/3653 5630/5022/3654 2119/5036/1431 2118/5037/1430
f 2051/5038/1400 5629/5023/3653 2118/5037/1430 224/5039/171
f 2050/5040/1399 5626/5019/3650 5629/5023/3653 2051/5038/1400
f 2049/5027/1398 5623/5016/3647 5626/5019/3650 2050/5040/1399
f 5632/5041/3656 5633/5042/2270 5636/5043/3658 5635/5044/3657
f 5633/5042/2270 5634/5045/1198 5637/5046/3659 5636/5043/3658
f 5635/5044/3657 5636/5043/3658 5639/5047/3661 5638/5048/3660
f 5636/5043/3658 5637/5046/3659 5640/5049/3662 5639/5047/3661
f 387/5050/269 1680/5051/1196 5632/5041/3656 2888/5052/1900
f 1680/5051/1196 1681/5053/1197 5633/5042/2270 5632/5041/3656
f 1681/5053/1197 1682/290/1198 5634/5045/1198 5633/5042/2270
f 1682/290/1198 376/4125/265 2873/5054/265 5634/5045/1198
f 5634/5045/1198 2873/5054/265 2872/5055/265 5637/5046/3659
f 5637/5046/3659 2872/5055/265 2871/5056/1891 5640/5049/3662
f 5640/5049/3662 2871/5056/1891 245/5057/179 2123/5058/1435
f 5639/5047/3661 5640/5049/3662 2123/5058/1435 2122/5059/1434
f 5638/5048/3660 5639/5047/3661 2122/5059/1434 2121/5060/1433
f 2886/5061/1898 5638/5048/3660 2121/5060/1433 290/5062/205
f 2887/5063/1899 5635/5044/3657 5638/5048/3660 2886/5061/1898
f 2888/5052/1900 5632/5041/3656 5635/5044/3657 2887/5063/1899
f 5641/5064/3663 5642/5065/3664 5645/5066/3667 5644/5067/3666
f 5642/5065/3664 5643/5068/3665 5646/5069/3668 5645/5066/3667
f 5644/5067/3666 5645/5066/3667 5648/5070/3670 5647/5071/3669
f 5645/5066/3667 5646/5069/3668 5649/5072/3671 5648/5070/3670
f 290/5062/205 2121/5060/1433 5641/5064/3663 2507/5073/1605
f 2121/5060/1433 2122/5059/1434 5642/5065/3664 5641/5064/3663
f 2122/5059/1434 2123/5058/1435 5643/5068/3665 5642/5065/3664
f 2123/5058/1435 245/5057/179 2114/5074/1426 5643/5068/3665
f 5643/5068/3665 2114/5074/1426 2113/5075/1425 5646/5069/3668
f 5646/5069/3668 2113/5075/1425 2112/5076/1424 5649/5072/3671
f 5649/5072/3671 2112/5076/1424 244/5077/178 2126/5078/1438
f 5648/5070/3670 5649/5072/3671 2126/5078/1438 2125/5079/1437
f 5647/5071/3669 5648/5070/3670 2125/5079/1437 2124/5080/1436
f 2505/5081/1603 5647/5071/3669 2124/5080/1436 291/5082/206
f 2506/5083/1604 5644/5067/3666 5647/5071/3669 2505/5081/1603
f 2507/5073/1605 5641/5064/3663 5644/5067/3666 2506/5083/1604
f 5650/5084/3672 5651/5085/3673 5654/5086/3676 5653/5087/3675
f 5651/5085/3673 5652/5088/3674 5655/5089/3677 5654/5086/3676
f 5653/5087/3675 5654/5086/3676 5657/5090/3679 5656/5091/3678
f 5654/5086/3676 5655/5089/3677 5658/5092/3680 5657/5090/3679
f 291/5082/206 2124/5093/1436 5650/5084/3672 2504/5094/1602
f 2124/5093/1436 2125/5095/1437 5651/5085/3673 5650/5084/3672
f 2125/5095/1437 2126/5078/1438 5652/5088/3674 5651/5085/3673
f 2126/5078/1438 244/5096/178 2111/5097/1423 5652/5088/3674
f 5652/5088/3674 2111/5097/1423 2110/5098/1422 5655/5089/3677
f 5655/5089/3677 2110/5098/1422 2109/5099/1421 5658/5092/3680
f 5658/5092/3680 2109/5099/1421 243/5100/177 2129/5101/1441
f 5657/5090/3679 5658/5092/3680 2129/5101/1441 2128/5102/1440
f 5656/5091/3678 5657/5090/3679 2128/5102/1440 2127/5103/1439
f 2502/5104/1600 5656/5091/3678 2127/5103/1439 292/5105/207
f 2503/5106/1601 5653/5087/3675 5656/5091/3678 2502/5104/1600
f 2504/5094/1602 5650/5084/3672 5653/5087/3675 2503/5106/1601
f 5659/5107/444 5660/5108/445 5663/5109/445 5662/5110/444
f 5660/5108/445 5661/5111/446 5664/5112/446 5663/5109/445
f 5662/5110/444 5663/5109/445 5666/5113/445 5665/5114/444
f 5663/5109/445 5664/5112/446 5667/5115/446 5666/5113/445
f 441/5116/318 3066/5117/2037 5659/5107/444 2978/5118/32
f 3066/5117/2037 3067/5119/2038 5660/5108/445 5659/5107/444
f 3067/5119/2038 3068/5120/2039 5661/5111/446 5660/5108/445
f 3068/5120/2039 434/5121/312 2957/5122/21 5661/5111/446
f 5661/5111/446 2957/5122/21 2956/5123/21 5664/5112/446
f 5664/5112/446 2956/5123/21 2955/5124/21 5667/5115/446
f 5667/5115/446 2955/5124/21 236/5125/21 2132/5126/446
f 5666/5113/445 5667/5115/446 2132/5126/446 2131/5127/445
f 5665/5114/444 5666/5113/445 2131/5127/445 2130/5128/444
f 2976/5129/32 5665/5114/444 2130/5128/444 249/5130/32
f 2977/5131/32 5662/5110/444 5665/5114/444 2976/5129/32
f 2978/5118/32 5659/5107/444 5662/5110/444 2977/5131/32
f 5668/5132/444 5669/5133/3390 5672/5134/3390 5671/5135/444
f 5669/5133/3390 5670/5136/446 5673/5137/446 5672/5134/3390
f 5671/5135/444 5672/5134/3390 5675/5138/445 5674/5139/1442
f 5672/5134/3390 5673/5137/446 5676/5140/446 5675/5138/445
f 249/5130/32 2130/5128/444 5668/5132/444 2249/5141/32
f 2130/5128/444 2131/5127/445 5669/5133/3390 5668/5132/444
f 2131/5127/445 2132/5126/446 5670/5136/446 5669/5133/3390
f 2132/5126/446 236/5125/21 2087/5142/21 5670/5136/446
f 5670/5136/446 2087/5142/21 2086/5143/21 5673/5137/446
f 5673/5137/446 2086/5143/21 2085/5144/21 5676/5140/446
f 5676/5140/446 2085/5144/21 235/5145/21 2135/5146/446
f 5675/5138/445 5676/5140/446 2135/5146/446 2134/5147/445
f 5674/5139/1442 5675/5138/445 2134/5147/445 2133/5148/1442
f 2247/5149/32 5674/5139/1442 2133/5148/1442 250/5150/32
f 2248/5151/32 5671/5135/444 5674/5139/1442 2247/5149/32
f 2249/5141/32 5668/5132/444 5671/5135/444 2248/5151/32
f 5677/5152/444 5678/5153/445 5681/5154/3390 5680/5155/444
f 5678/5153/445 5679/5156/446 5682/5157/446 5681/5154/3390
f 5680/5155/444 5681/5154/3390 5684/5158/2293 5683/5159/1442
f 5681/5154/3390 5682/5157/446 5685/5160/446 5684/5158/2293
f 250/5150/32 2133/5148/1442 5677/5152/444 2246/5161/32
f 2133/5148/1442 2134/5147/445 5678/5153/445 5677/5152/444
f 2134/5147/445 2135/5146/446 5679/5156/446 5678/5153/445
f 2135/5146/446 235/5145/21 2084/5162/21 5679/5156/446
f 5679/5156/446 2084/5162/21 2083/5163/21 5682/5157/446
f 5682/5157/446 2083/5163/21 2082/5164/21 5685/5160/446
f 5685/5160/446 2082/5164/21 234/5165/21 2138/5166/446
f 5684/5158/2293 5685/5160/446 2138/5166/446 2137/5167/445
f 5683/5159/1442 5684/5158/2293 2137/5167/445 2136/5168/444
f 2244/5169/32 5683/5159/1442 2136/5168/444 251/5170/32
f 2245/5171/32 5680/5155/444 5683/5159/1442 2244/5169/32
f 2246/5161/32 5677/5152/444 5680/5155/444 2245/5171/32
f 5686/5172/447 5687/5173/448 5690/5174/448 5689/5175/447
f 5687/5173/448 5688/5176/449 5691/5177/449 5690/5174/448
f 5689/5175/447 5690/5174/448 5693/5178/3681 5692/5179/447
f 5690/5174/448 5691/5177/449 5694/5180/449 5693/5178/3681
f 378/5181/33 1674/5182/447 5686/5172/447 2876/5183/33
f 1674/5182/447 1675/5184/448 5687/5173/448 5686/5172/447
f 1675/5184/448 1676/5185/449 5688/5176/449 5687/5173/448
f 1676/5185/449 374/425/22 2870/5186/22 5688/5176/449
f 5688/5176/449 2870/5186/22 2869/5187/22 5691/5177/449
f 5691/5177/449 2869/5187/22 2868/5188/22 5694/5180/449
f 5694/5180/449 2868/5188/22 239/5189/22 2141/5190/449
f 5693/5178/3681 5694/5180/449 2141/5190/449 2140/5191/448
f 5692/5179/447 5693/5178/3681 2140/5191/448 2139/5192/447
f 2874/5193/33 5692/5179/447 2139/5192/447 252/5194/33
f 2875/5195/33 5689/5175/447 5692/5179/447 2874/5193/33
f 2876/5183/33 5686/5172/447 5689/5175/447 2875/5195/33
f 5695/5196/447 5696/5197/448 5699/5198/448 5698/5199/447
f 5696/5197/448 5697/5200/449 5700/5201/449 5699/5198/448
f 5698/5199/447 5699/5198/448 5702/5202/448 5701/5203/447
f 5699/5198/448 5700/5201/449 5703/5204/449 5702/5202/448
f 252/5194/33 2139/5192/447 5695/5196/447 2240/5205/33
f 2139/5192/447 2140/5191/448 5696/5197/448 5695/5196/447
f 2140/5191/448 2141/5190/449 5697/5200/449 5696/5197/448
f 2141/5190/449 239/5189/22 2096/5206/22 5697/5200/449
f 5697/5200/449 2096/5206/22 2095/5207/22 5700/5201/449
f 5700/5201/449 2095/5207/22 2094/5208/22 5703/5204/449
f 5703/5204/449 2094/5208/22 238/5209/22 2144/5210/449
f 5702/5202/448 5703/5204/449 2144/5210/449 2143/5211/448
f 5701/5203/447 5702/5202/448 2143/5211/448 2142/5212/447
f 2238/5213/33 5701/5203/447 2142/5212/447 253/5214/33
f 2239/5215/33 5698/5199/447 5701/5203/447 2238/5213/33
f 2240/5205/33 5695/5196/447 5698/5199/447 2239/5215/33
f 5704/5216/450 5705/5217/448 5708/5218/448 5707/5219/447
f 5705/5217/448 5706/5220/449 5709/5221/449 5708/5218/448
f 5707/5219/447 5708/5218/448 5711/5222/448 5710/5223/447
f 5708/5218/448 5709/5221/449 5712/5224/449 5711/5222/448
f 253/5214/33 2142/5212/447 5704/5216/450 2237/5225/33
f 2142/5212/447 2143/5211/448 5705/5217/448 5704/5216/450
f 2143/5211/448 2144/5210/449 5706/5220/449 5705/5217/448
f 2144/5210/449 238/5209/22 2093/5226/22 5706/5220/449
f 5706/5220/449 2093/5226/22 2092/5227/22 5709/5221/449
f 5709/5221/449 2092/5227/22 2091/5228/22 5712/5224/449
f 5712/5224/449 2091/5228/22 237/5229/22 2147/5230/449
f 5711/5222/448 5712/5224/449 2147/5230/449 2146/5231/448
f 5710/5223/447 5711/5222/448 2146/5231/448 2145/5232/447
f 2235/5233/33 5710/5223/447 2145/5232/447 254/5234/33
f 2236/5235/33 5707/5219/447 5710/5223/447 2235/5233/33
f 2237/5225/33 5704/5216/450 5707/5219/447 2236/5235/33
f 5740/5299/454 5741/5300/455 5744/5301/455 5743/5302/454
f 5741/5300/455 5742/5303/456 5745/5304/456 5744/5301/455
f 5743/5302/454 5744/5301/455 5747/5305/455 5746/5306/454
f 5744/5301/455 5745/5304/456 5748/5307/456 5747/5305/455
f 431/5308/12 3063/5309/454 5740/5299/454 2948/5310/12
f 3063/5309/454 3064/5311/455 5741/5300/455 5740/5299/454
f 3064/5311/455 3065/5312/456 5742/5303/456 5741/5300/455
f 3065/5312/456 433/5313/19 2954/5314/19 5742/5303/456
f 5742/5303/456 2954/5314/19 2953/5315/19 5745/5304/456
f 5745/5304/456 2953/5315/19 2952/5316/19 5748/5307/456
f 5748/5307/456 2952/5316/19 230/5317/19 2159/5318/456
f 5747/5305/455 5748/5307/456 2159/5318/456 2158/5319/455
f 5746/5306/454 5747/5305/455 2158/5319/455 2157/5320/454
f 2946/5321/12 5746/5306/454 2157/5320/454 219/5322/12
f 2947/5323/12 5743/5302/454 5746/5306/454 2946/5321/12
f 2948/5310/12 5740/5299/454 5743/5302/454 2947/5323/12
f 5749/5324/454 5750/5325/455 5753/5326/455 5752/5327/454
f 5750/5325/455 5751/5328/456 5754/5329/456 5753/5326/455
f 5752/5327/454 5753/5326/455 5756/5330/455 5755/5331/454
f 5753/5326/455 5754/5329/456 5757/5332/456 5756/5330/455
f 219/5322/12 2157/5320/454 5749/5324/454 2039/5333/12
f 2157/5320/454 2158/5319/455 5750/5325/455 5749/5324/454
f 2158/5319/455 2159/5318/456 5751/5328/456 5750/5325/455
f 2159/5318/456 230/5317/19 2069/5334/19 5751/5328/456
f 5751/5328/456 2069/5334/19 2068/5335/19 5754/5329/456
f 5754/5329/456 2068/5335/19 2067/5336/19 5757/5332/456
f 5757/5332/456 2067/5336/19 229/5337/19 2162/5338/456
f 5756/5330/455 5757/5332/456 2162/5338/456 2161/5339/455
f 5755/5331/454 5756/5330/455 2161/5339/455 2160/5340/454
f 2037/5341/12 5755/5331/454 2160/5340/454 218/5342/12
f 2038/5343/12 5752/5327/454 5755/5331/454 2037/5341/12
f 2039/5333/12 5749/5324/454 5752/5327/454 2038/5343/12
f 5758/5344/454 5759/5345/455 5762/5346/455 5761/5347/454
f 5759/5345/455 5760/5348/456 5763/5349/456 5762/5346/455
f 5761/5347/454 5762/5346/455 5765/5350/455 5764/5351/454
f 5762/5346/455 5763/5349/456 5766/5352/456 5765/5350/455
f 218/5342/12 2160/5340/454 5758/5344/454 2036/5353/398
f 2160/5340/454 2161/5339/455 5759/5345/455 5758/5344/454
f 2161/5339/455 2162/5338/456 5760/5348/456 5759/5345/455
f 2162/5338/456 229/5337/19 2066/5354/19 5760/5348/456
f 5760/5348/456 2066/5354/19 2065/5355/19 5763/5349/456
f 5763/5349/456 2065/5355/19 2064/5356/19 5766/5352/456
f 5766/5352/456 2064/5356/19 228/5357/19 2165/5358/456
f 5765/5350/455 5766/5352/456 2165/5358/456 2164/5359/455
f 5764/5351/454 5765/5350/455 2164/5359/455 2163/5360/454
f 2034/5361/397 5764/5351/454 2163/5360/454 217/5362/11
f 2035/5363/397 5761/5347/454 5764/5351/454 2034/5361/397
f 2036/5353/398 5758/5344/454 5761/5347/454 2035/5363/397
f 5767/5364/3682 5768/5365/3683 5771/5366/3686 5770/5367/3685
f 5768/5365/3683 5769/5368/3684 5772/5369/3687 5771/5366/3686
f 5770/5367/3685 5771/5366/3686 5774/5370/3689 5773/5371/3688
f 5771/5366/3686 5772/5369/3687 5775/5372/3690 5774/5370/3689
f 456/5373/331 2166/5374/1443 5767/5364/3682 3224/5375/2089
f 2166/5374/1443 2167/5376/1444 5768/5365/3683 5767/5364/3682
f 2167/5376/1444 2168/5377/1445 5769/5368/3684 5768/5365/3683
f 2168/5377/1445 223/5025/170 2049/5027/1398 5769/5368/3684
f 5769/5368/3684 2049/5027/1398 2050/5040/1399 5772/5369/3687
f 5772/5369/3687 2050/5040/1399 2051/5038/1400 5775/5372/3690
f 5775/5372/3690 2051/5038/1400 224/5039/171 2171/5378/1448
f 5774/5370/3689 5775/5372/3690 2171/5378/1448 2170/5379/1447
f 5773/5371/3688 5774/5370/3689 2170/5379/1447 2169/5380/1446
f 3222/5381/2088 5773/5371/3688 2169/5380/1446 457/5382/151
f 3223/5383/1507 5770/5367/3685 5773/5371/3688 3222/5381/2088
f 3224/5375/2089 5767/5364/3682 5770/5367/3685 3223/5383/1507
f 5776/5384/2303 5777/5385/3691 5780/5386/3693 5779/5387/2304
f 5777/5385/3691 5778/5388/3692 5781/5389/3694 5780/5386/3693
f 5779/5387/2304 5780/5386/3693 5783/5390/3695 5782/5391/2305
f 5780/5386/3693 5781/5389/3694 5784/5392/3696 5783/5390/3695
f 469/5393/338 3060/5394/2034 5776/5384/2303 3221/5395/152
f 3060/5394/2034 3061/5396/2035 5777/5385/3691 5776/5384/2303
f 3061/5396/2035 3062/5397/2036 5778/5388/3692 5777/5385/3691
f 3062/5397/2036 437/5398/315 2052/5399/1401 5778/5388/3692
f 5778/5388/3692 2052/5399/1401 2053/5400/1402 5781/5389/3694
f 5781/5389/3694 2053/5400/1402 2054/5401/1403 5784/5392/3696
f 5784/5392/3696 2054/5401/1403 225/5402/172 2174/5403/1450
f 5783/5390/3695 5784/5392/3696 2174/5403/1450 2173/5404/1449
f 5782/5391/2305 5783/5390/3695 2173/5404/1449 2172/5405/463
f 3219/5406/152 5782/5391/2305 2172/5405/463 458/5407/152
f 3220/5408/152 5779/5387/2304 5782/5391/2305 3219/5406/152
f 3221/5395/152 5776/5384/2303 5779/5387/2304 3220/5408/152
f 5785/5409/2312 5786/5410/3697 5789/5411/3699 5788/5412/2313
f 5786/5410/3697 5787/5413/3698 5790/5414/3700 5789/5411/3699
f 5788/5412/2313 5789/5411/3699 5792/5415/3701 5791/5416/2314
f 5789/5411/3699 5790/5414/3700 5793/5417/3702 5792/5415/3701
f 458/5407/152 2172/5405/463 5785/5409/2312 3218/5418/152
f 2172/5405/463 2173/5404/1449 5786/5410/3697 5785/5409/2312
f 2173/5404/1449 2174/5403/1450 5787/5413/3698 5786/5410/3697
f 2174/5403/1450 225/5402/172 2055/5419/1404 5787/5413/3698
f 5787/5413/3698 2055/5419/1404 2056/5420/1405 5790/5414/3700
f 5790/5414/3700 2056/5420/1405 2057/5421/1406 5793/5417/3702
f 5793/5417/3702 2057/5421/1406 226/5422/173 2177/5423/1451
f 5792/5415/3701 5793/5417/3702 2177/5423/1451 2176/5424/467
f 5791/5416/2314 5792/5415/3701 2176/5424/467 2175/5425/466
f 3216/5426/152 5791/5416/2314 2175/5425/466 459/5427/152
f 3217/5428/152 5788/5412/2313 5791/5416/2314 3216/5426/152
f 3218/5418/152 5785/5409/2312 5788/5412/2313 3217/5428/152
f 5794/5429/2321 5795/5430/3703 5798/5431/2323 5797/5432/469
f 5795/5430/3703 5796/5433/3704 5799/5434/2326 5798/5431/2323
f 5797/5432/469 5798/5431/2323 5801/5435/2324 5800/5436/469
f 5798/5431/2323 5799/5434/2326 5802/5437/471 5801/5435/2324
f 459/5427/152 2175/5425/466 5794/5429/2321 3215/5438/152
f 2175/5425/466 2176/5424/467 5795/5430/3703 5794/5429/2321
f 2176/5424/467 2177/5423/1451 5796/5433/3704 5795/5430/3703
f 2177/5423/1451 226/5422/173 2058/5439/1407 5796/5433/3704
f 5796/5433/3704 2058/5439/1407 2059/5440/1408 5799/5434/2326
f 5799/5434/2326 2059/5440/1408 2060/5441/410 5802/5437/471
f 5802/5437/471 2060/5441/410 227/5442/18 2180/5443/471
f 5801/5435/2324 5802/5437/471 2180/5443/471 2179/5444/470
f 5800/5436/469 5801/5435/2324 2179/5444/470 2178/5445/469
f 3213/5446/2087 5800/5436/469 2178/5445/469 460/5447/152
f 3214/5448/2087 5797/5432/469 5800/5436/469 3213/5446/2087
f 3215/5438/152 5794/5429/2321 5797/5432/469 3214/5448/2087
f 5803/5449/3705 5804/5450/3706 5807/5451/3709 5806/5452/3708
f 5804/5450/3706 5805/5453/3707 5808/5454/3710 5807/5451/3709
f 5806/5452/3708 5807/5451/3709 5810/5455/3712 5809/5456/3711
f 5807/5451/3709 5808/5454/3710 5811/5457/3713 5810/5455/3712
f 437/5398/315 3057/5458/2031 5803/5449/3705 2052/5399/1401
f 3057/5458/2031 3058/5459/2032 5804/5450/3706 5803/5449/3705
f 3058/5459/2032 3059/5460/2033 5805/5453/3707 5804/5450/3706
f 3059/5460/2033 440/5461/317 2106/5462/1418 5805/5453/3707
f 5805/5453/3707 2106/5462/1418 2107/5463/1419 5808/5454/3710
f 5808/5454/3710 2107/5463/1419 2108/5464/1420 5811/5457/3713
f 5811/5457/3713 2108/5464/1420 243/5465/177 2183/5466/1454
f 5810/5455/3712 5811/5457/3713 2183/5466/1454 2182/5467/1453
f 5809/5456/3711 5810/5455/3712 2182/5467/1453 2181/5468/1452
f 2054/5401/1403 5809/5456/3711 2181/5468/1452 225/5402/172
f 2053/5400/1402 5806/5452/3708 5809/5456/3711 2054/5401/1403
f 2052/5399/1401 5803/5449/3705 5806/5452/3708 2053/5400/1402
f 5812/5469/3714 5813/5470/3715 5816/5471/3718 5815/5472/3717
f 5813/5470/3715 5814/5473/3716 5817/5474/3719 5816/5471/3718
f 5815/5472/3717 5816/5471/3718 5819/5475/3721 5818/5476/3720
f 5816/5471/3718 5817/5474/3719 5820/5477/3722 5819/5475/3721
f 225/5402/172 2181/5468/1452 5812/5469/3714 2055/5419/1404
f 2181/5468/1452 2182/5467/1453 5813/5470/3715 5812/5469/3714
f 2182/5467/1453 2183/5466/1454 5814/5473/3716 5813/5470/3715
f 2183/5466/1454 243/5465/177 2109/5478/1421 5814/5473/3716
f 5814/5473/3716 2109/5478/1421 2110/5098/1422 5817/5474/3719
f 5817/5474/3719 2110/5098/1422 2111/5479/1423 5820/5477/3722
f 5820/5477/3722 2111/5479/1423 244/5077/178 2186/5480/1457
f 5819/5475/3721 5820/5477/3722 2186/5480/1457 2185/5481/1456
f 5818/5476/3720 5819/5475/3721 2185/5481/1456 2184/5482/1455
f 2057/5421/1406 5818/5476/3720 2184/5482/1455 226/5422/173
f 2056/5420/1405 5815/5472/3717 5818/5476/3720 2057/5421/1406
f 2055/5419/1404 5812/5469/3714 5815/5472/3717 2056/5420/1405
f 5821/5483/3723 5822/5484/3724 5825/5485/3727 5824/5486/3726
f 5822/5484/3724 5823/5487/3725 5826/5488/3728 5825/5485/3727
f 5824/5486/3726 5825/5485/3727 5828/5489/3730 5827/5490/3729
f 5825/5485/3727 5826/5488/3728 5829/5491/3731 5828/5489/3730
f 226/5422/173 2184/5482/1455 5821/5483/3723 2058/5439/1407
f 2184/5482/1455 2185/5481/1456 5822/5484/3724 5821/5483/3723
f 2185/5481/1456 2186/5480/1457 5823/5487/3725 5822/5484/3724
f 2186/5480/1457 244/5077/178 2112/5076/1424 5823/5487/3725
f 5823/5487/3725 2112/5076/1424 2113/5492/1425 5826/5488/3728
f 5826/5488/3728 2113/5492/1425 2114/5074/1426 5829/5491/3731
f 5829/5491/3731 2114/5074/1426 245/5493/179 2189/5494/1458
f 5828/5489/3730 5829/5491/3731 2189/5494/1458 2188/5495/479
f 5827/5490/3729 5828/5489/3730 2188/5495/479 2187/5496/478
f 2060/5441/410 5827/5490/3729 2187/5496/478 227/5442/18
f 2059/5440/1408 5824/5486/3726 5827/5490/3729 2060/5441/410
f 2058/5439/1407 5821/5483/3723 5824/5486/3726 2059/5440/1408
f 5830/5497/481 5831/5498/482 5834/5499/482 5833/5500/481
f 5831/5498/482 5832/5501/483 5835/5502/483 5834/5499/482
f 5833/5500/481 5834/5499/482 5837/5503/482 5836/5504/481
f 5834/5499/482 5835/5502/483 5838/5505/483 5837/5503/482
f 369/5506/13 1659/5507/481 5830/5497/481 2861/5508/13
f 1659/5507/481 1660/753/482 5831/5498/482 5830/5497/481
f 1660/753/482 1661/751/483 5832/5501/483 5831/5498/482
f 1661/751/483 372/5509/20 2867/5510/20 5832/5501/483
f 5832/5501/483 2867/5510/20 2866/5511/20 5835/5502/483
f 5835/5502/483 2866/5511/20 2865/5512/20 5838/5505/483
f 5838/5505/483 2865/5512/20 233/5513/20 2192/5514/483
f 5837/5503/482 5838/5505/483 2192/5514/483 2191/5515/482
f 5836/5504/481 5837/5503/482 2191/5515/482 2190/5516/481
f 2859/5517/13 5836/5504/481 2190/5516/481 222/5518/13
f 2860/5519/13 5833/5500/481 5836/5504/481 2859/5517/13
f 2861/5508/13 5830/5497/481 5833/5500/481 2860/5519/13
f 5839/5520/481 5840/5521/482 5843/5522/482 5842/5523/481
f 5840/5521/482 5841/5524/483 5844/5525/483 5843/5522/482
f 5842/5523/481 5843/5522/482 5846/5526/482 5845/5527/481
f 5843/5522/482 5844/5525/483 5847/5528/483 5846/5526/482
f 222/5518/13 2190/5516/481 5839/5520/481 2048/5529/13
f 2190/5516/481 2191/5515/482 5840/5521/482 5839/5520/481
f 2191/5515/482 2192/5514/483 5841/5524/483 5840/5521/482
f 2192/5514/483 233/5513/20 2078/5530/20 5841/5524/483
f 5841/5524/483 2078/5530/20 2077/5531/20 5844/5525/483
f 5844/5525/483 2077/5531/20 2076/5532/20 5847/5528/483
f 5847/5528/483 2076/5532/20 232/5533/20 2195/5534/483
f 5846/5526/482 5847/5528/483 2195/5534/483 2194/5535/482
f 5845/5527/481 5846/5526/482 2194/5535/482 2193/5536/481
f 2046/5537/13 5845/5527/481 2193/5536/481 221/5538/13
f 2047/5539/13 5842/5523/481 5845/5527/481 2046/5537/13
f 2048/5529/13 5839/5520/481 5842/5523/481 2047/5539/13
f 5848/5540/481 5849/5541/482 5852/5542/482 5851/5543/481
f 5849/5541/482 5850/5544/483 5853/5545/483 5852/5542/482
f 5851/5543/481 5852/5542/482 5855/5546/482 5854/5547/481
f 5852/5542/482 5853/5545/483 5856/5548/483 5855/5546/482
f 221/5538/13 2193/5536/481 5848/5540/481 2045/5549/13
f 2193/5536/481 2194/5535/482 5849/5541/482 5848/5540/481
f 2194/5535/482 2195/5534/483 5850/5544/483 5849/5541/482
f 2195/5534/483 232/5533/20 2075/5550/20 5850/5544/483
f 5850/5544/483 2075/5550/20 2074/5551/20 5853/5545/483
f 5853/5545/483 2074/5551/20 2073/5552/20 5856/5548/483
f 5856/5548/483 2073/5552/20 231/5553/20 2198/5554/483
f 5855/5546/482 5856/5548/483 2198/5554/483 2197/5555/482
f 5854/5547/481 5855/5546/482 2197/5555/482 2196/5556/481
f 2043/5557/13 5854/5547/481 2196/5556/481 220/5558/13
f 2044/5559/13 5851/5543/481 5854/5547/481 2043/5557/13
f 2045/5549/13 5848/5540/481 5851/5543/481 2044/5559/13
f 5857/5560/3732 5858/5561/3733 5861/5562/3736 5860/5563/3735
f 5858/5561/3733 5859/5564/3734 5862/5565/3737 5861/5562/3736
f 5860/5563/3735 5861/5562/3736 5864/5566/3739 5863/5567/3738
f 5861/5562/3736 5862/5565/3737 5865/5568/3740 5864/5566/3739
f 241/5569/175 2117/5570/1429 5857/5560/3732 2102/5571/1414
f 2117/5570/1429 2116/5572/1428 5858/5561/3733 5857/5560/3732
f 2116/5572/1428 2115/5026/1427 5859/5564/3734 5858/5561/3733
f 2115/5026/1427 223/5573/170 2201/5574/1461 5859/5564/3734
f 5859/5564/3734 2201/5574/1461 2200/5575/1460 5862/5565/3737
f 5862/5565/3737 2200/5575/1460 2199/5576/1459 5865/5568/3740
f 5865/5568/3740 2199/5576/1459 246/5577/180 2207/5578/1467
f 5864/5566/3739 5865/5568/3740 2207/5578/1467 2206/5579/1466
f 5863/5567/3738 5864/5566/3739 2206/5579/1466 2205/5580/1465
f 2100/5581/1412 5863/5567/3738 2205/5580/1465 240/5582/174
f 2101/5583/1413 5860/5563/3735 5863/5567/3738 2100/5581/1412
f 2102/5571/1414 5857/5560/3732 5860/5563/3735 2101/5583/1413
f 5866/5584/3741 5867/5585/3742 5870/5586/3745 5869/5587/3744
f 5867/5585/3742 5868/5588/3743 5871/5589/3746 5870/5586/3745
f 5869/5587/3744 5870/5586/3745 5873/5590/3748 5872/5591/3747
f 5870/5586/3745 5871/5589/3746 5874/5592/3749 5873/5590/3748
f 456/5593/331 3149/5594/2064 5866/5584/3741 3212/5595/2086
f 3149/5594/2064 3148/5596/2063 5867/5585/3742 5866/5584/3741
f 3148/5596/2063 3147/5597/2062 5868/5588/3743 5867/5585/3742
f 3147/5597/2062 266/5598/188 2346/5599/1507 5868/5588/3743
f 5868/5588/3743 2346/5599/1507 2347/5600/1508 5871/5589/3746
f 5871/5589/3746 2347/5600/1508 2348/5601/1509 5874/5592/3749
f 5874/5592/3749 2348/5601/1509 265/5602/187 2210/5603/1470
f 5873/5590/3748 5874/5592/3749 2210/5603/1470 2209/5604/1469
f 5872/5591/3747 5873/5590/3748 2209/5604/1469 2208/5605/1468
f 3210/5606/2084 5872/5591/3747 2208/5605/1468 461/5607/332
f 3211/5608/2085 5869/5587/3744 5872/5591/3747 3210/5606/2084
f 3212/5595/2086 5866/5584/3741 5869/5587/3744 3211/5608/2085
f 5875/5609/3750 5876/5610/505 5879/5611/505 5878/5612/505
f 5876/5610/505 5877/5613/1310 5880/5614/505 5879/5611/505
f 5878/5612/505 5879/5611/505 5882/5615/505 5881/5616/505
f 5879/5611/505 5880/5614/505 5883/5617/505 5882/5615/505
f 261/5618/38 2229/5619/505 5875/5609/3750 2306/5620/39
f 2229/5619/505 2230/5621/505 5876/5610/505 5875/5609/3750
f 2230/5621/505 2231/5622/505 5877/5613/1310 5876/5610/505
f 2231/5622/505 253/5214/33 2237/5225/33 5877/5613/1310
f 5877/5613/1310 2237/5225/33 2236/5235/33 5880/5614/505
f 5880/5614/505 2236/5235/33 2235/5233/33 5883/5617/505
f 5883/5617/505 2235/5233/33 254/5234/33 2234/5623/505
f 5882/5615/505 5883/5617/505 2234/5623/505 2233/5624/505
f 5881/5616/505 5882/5615/505 2233/5624/505 2232/5625/505
f 2304/5626/38 5881/5616/505 2232/5625/505 262/5627/38
f 2305/5628/38 5878/5612/505 5881/5616/505 2304/5626/38
f 2306/5620/39 5875/5609/3750 5878/5612/505 2305/5628/38
f 5884/5629/505 5885/5630/505 5888/5631/505 5887/5632/505
f 5885/5630/505 5886/5633/505 5889/5634/505 5888/5631/505
f 5887/5632/505 5888/5631/505 5891/5635/505 5890/5636/505
f 5888/5631/505 5889/5634/505 5892/5637/505 5891/5635/505
f 260/5638/38 2226/5639/505 5884/5629/505 2303/5640/38
f 2226/5639/505 2227/5641/505 5885/5630/505 5884/5629/505
f 2227/5641/505 2228/5642/505 5886/5633/505 5885/5630/505
f 2228/5642/505 252/5194/33 2240/5205/33 5886/5633/505
f 5886/5633/505 2240/5205/33 2239/5215/33 5889/5634/505
f 5889/5634/505 2239/5215/33 2238/5213/33 5892/5637/505
f 5892/5637/505 2238/5213/33 253/5214/33 2231/5622/505
f 5891/5635/505 5892/5637/505 2231/5622/505 2230/5621/505
f 5890/5636/505 5891/5635/505 2230/5621/505 2229/5619/505
f 2301/5643/38 5890/5636/505 2229/5619/505 261/5618/38
f 2302/5644/38 5887/5632/505 5890/5636/505 2301/5643/38
f 2303/5640/38 5884/5629/505 5887/5632/505 2302/5644/38
f 5893/5645/505 5894/5646/505 5897/5647/505 5896/5648/505
f 5894/5646/505 5895/5649/505 5898/5650/505 5897/5647/505
f 5896/5648/505 5897/5647/505 5900/5651/505 5899/5652/505
f 5897/5647/505 5898/5650/505 5901/5653/505 5900/5651/505
f 381/914/39 1653/5654/505 5893/5645/505 2879/5655/39
f 1653/5654/505 1654/5656/505 5894/5646/505 5893/5645/505
f 1654/5656/505 1655/5657/505 5895/5649/505 5894/5646/505
f 1655/5657/505 378/5181/33 2876/5183/33 5895/5649/505
f 5895/5649/505 2876/5183/33 2875/5195/33 5898/5650/505
f 5898/5650/505 2875/5195/33 2874/5193/33 5901/5653/505
f 5901/5653/505 2874/5193/33 252/5194/33 2228/5642/505
f 5900/5651/505 5901/5653/505 2228/5642/505 2227/5641/505
f 5899/5652/505 5900/5651/505 2227/5641/505 2226/5639/505
f 2877/5658/39 5899/5652/505 2226/5639/505 260/5638/38
f 2878/5659/38 5896/5648/505 5899/5652/505 2877/5658/39
f 2879/5655/39 5893/5645/505 5896/5648/505 2878/5659/38
f 5902/5660/502 5903/5661/503 5906/5662/1191 5905/5663/502
f 5903/5661/503 5904/5664/504 5907/5665/504 5906/5662/1191
f 5905/5663/502 5906/5662/1191 5909/5666/1191 5908/5667/502
f 5906/5662/1191 5907/5665/504 5910/5668/504 5909/5666/1191
f 258/5669/36 2220/5670/502 5902/5660/502 2297/5671/36
f 2220/5670/502 2221/5672/503 5903/5661/503 5902/5660/502
f 2221/5672/503 2222/5673/504 5904/5664/504 5903/5661/503
f 2222/5673/504 250/5150/32 2246/5161/32 5904/5664/504
f 5904/5664/504 2246/5161/32 2245/5171/32 5907/5665/504
f 5907/5665/504 2245/5171/32 2244/5169/32 5910/5668/504
f 5910/5668/504 2244/5169/32 251/5170/32 2225/5674/504
f 5909/5666/1191 5910/5668/504 2225/5674/504 2224/5675/1191
f 5908/5667/502 5909/5666/1191 2224/5675/1191 2223/5676/502
f 2295/5677/36 5908/5667/502 2223/5676/502 259/5678/36
f 2296/5679/36 5905/5663/502 5908/5667/502 2295/5677/36
f 2297/5671/36 5902/5660/502 5905/5663/502 2296/5679/36
f 5911/5680/502 5912/5681/1191 5915/5682/1191 5914/5683/502
f 5912/5681/1191 5913/5684/504 5916/5685/504 5915/5682/1191
f 5914/5683/502 5915/5682/1191 5918/5686/1191 5917/5687/502
f 5915/5682/1191 5916/5685/504 5919/5688/504 5918/5686/1191
f 257/5689/36 2217/5690/502 5911/5680/502 2294/5691/36
f 2217/5690/502 2218/5692/1191 5912/5681/1191 5911/5680/502
f 2218/5692/1191 2219/5693/504 5913/5684/504 5912/5681/1191
f 2219/5693/504 249/5130/32 2249/5141/32 5913/5684/504
f 5913/5684/504 2249/5141/32 2248/5151/32 5916/5685/504
f 5916/5685/504 2248/5151/32 2247/5149/32 5919/5688/504
f 5919/5688/504 2247/5149/32 250/5150/32 2222/5673/504
f 5918/5686/1191 5919/5688/504 2222/5673/504 2221/5672/503
f 5917/5687/502 5918/5686/1191 2221/5672/503 2220/5670/502
f 2292/5694/36 5917/5687/502 2220/5670/502 258/5669/36
f 2293/5695/36 5914/5683/502 5917/5687/502 2292/5694/36
f 2294/5691/36 5911/5680/502 5914/5683/502 2293/5695/36
f 5920/5696/502 5921/5697/503 5924/5698/1191 5923/5699/502
f 5921/5697/503 5922/5700/504 5925/5701/504 5924/5698/1191
f 5923/5699/502 5924/5698/1191 5927/5702/1191 5926/5703/2381
f 5924/5698/1191 5925/5701/504 5928/5704/504 5927/5702/1191
f 444/5705/321 3054/5706/2028 5920/5696/502 2987/5707/36
f 3054/5706/2028 3055/5708/2029 5921/5697/503 5920/5696/502
f 3055/5708/2029 3056/5709/2030 5922/5700/504 5921/5697/503
f 3056/5709/2030 441/5116/318 2978/5118/32 5922/5700/504
f 5922/5700/504 2978/5118/32 2977/5131/32 5925/5701/504
f 5925/5701/504 2977/5131/32 2976/5129/32 5928/5704/504
f 5928/5704/504 2976/5129/32 249/5130/32 2219/5693/504
f 5927/5702/1191 5928/5704/504 2219/5693/504 2218/5692/1191
f 5926/5703/2381 5927/5702/1191 2218/5692/1191 2217/5690/502
f 2985/5710/36 5926/5703/2381 2217/5690/502 257/5689/36
f 2986/5711/36 5923/5699/502 5926/5703/2381 2985/5710/36
f 2987/5707/36 5920/5696/502 5923/5699/502 2986/5711/36
f 5929/5712/3751 5930/5713/3751 5933/5714/3752 5932/5715/3752
f 5930/5713/3751 5931/5716/3751 5934/5717/3752 5933/5714/3752
f 5932/5715/3752 5933/5714/3752 5936/5718/3753 5935/5719/3753
f 5933/5714/3752 5934/5717/3752 5937/5720/3753 5936/5718/3753
f 443/5721/320 3051/5722/2027 5929/5712/3751 2984/5723/1981
f 3051/5722/2027 3052/5724/2027 5930/5713/3751 5929/5712/3751
f 3052/5724/2027 3053/5725/2027 5931/5716/3751 5930/5713/3751
f 3053/5725/2027 442/5726/319 2981/4931/1978 5931/5716/3751
f 5931/5716/3751 2981/4931/1978 2980/5727/1977 5934/5717/3752
f 5934/5717/3752 2980/5727/1977 2979/5728/1976 5937/5720/3753
f 5937/5720/3753 2979/5728/1976 248/4943/182 2259/5729/1483
f 5936/5718/3753 5937/5720/3753 2259/5729/1483 2260/5730/1483
f 5935/5719/3753 5936/5718/3753 2260/5730/1483 2261/5731/1483
f 2982/5732/1979 5935/5719/3753 2261/5731/1483 255/5733/183
f 2983/5734/1980 5932/5715/3752 5935/5719/3753 2982/5732/1979
f 2984/5723/1981 5929/5712/3751 5932/5715/3752 2983/5734/1980
f 5938/5735/3754 5939/5736/3755 5942/5737/3757 5941/5738/3756
f 5939/5736/3755 5940/5739/3755 5943/5740/3758 5942/5737/3757
f 5941/5738/3756 5942/5737/3757 5945/5741/3760 5944/5742/3759
f 5942/5737/3757 5943/5740/3758 5946/5743/3761 5945/5741/3760
f 283/5744/198 2400/5745/1549 5938/5735/3754 2390/5746/1542
f 2400/5745/1549 2401/5747/1549 5939/5736/3755 5938/5735/3754
f 2401/5747/1549 2402/5748/1549 5940/5739/3755 5939/5736/3755
f 2402/5748/1549 282/5749/197 2387/5750/1539 5940/5739/3755
f 5940/5739/3755 2387/5750/1539 2386/5751/1538 5943/5740/3758
f 5943/5740/3758 2386/5751/1538 2385/5752/1537 5946/5743/3761
f 5946/5743/3761 2385/5752/1537 247/4868/181 2213/5753/1473
f 5945/5741/3760 5946/5743/3761 2213/5753/1473 2212/5754/1472
f 5944/5742/3759 5945/5741/3760 2212/5754/1472 2211/5755/1471
f 2388/5756/1540 5944/5742/3759 2211/5755/1471 256/5757/184
f 2389/5758/1541 5941/5738/3756 5944/5742/3759 2388/5756/1540
f 2390/5746/1542 5938/5735/3754 5941/5738/3756 2389/5758/1541
f 5947/5759/3762 5948/5760/3763 5951/5761/3766 5950/5762/3765
f 5948/5760/3763 5949/5763/3764 5952/5764/3767 5951/5761/3766
f 5950/5762/3765 5951/5761/3766 5954/5765/3769 5953/5766/3768
f 5951/5761/3766 5952/5764/3767 5955/5767/3770 5954/5765/3769
f 273/4884/191 2397/5768/1546 5947/5759/3762 2363/4885/1521
f 2397/5768/1546 2398/5769/1547 5948/5760/3763 5947/5759/3762
f 2398/5769/1547 2399/5770/1548 5949/5763/3764 5948/5760/3763
f 2399/5770/1548 283/5744/198 2390/5746/1542 5949/5763/3764
f 5949/5763/3764 2390/5746/1542 2389/5758/1541 5952/5764/3767
f 5952/5764/3767 2389/5758/1541 2388/5756/1540 5955/5767/3770
f 5955/5767/3770 2388/5756/1540 256/5757/184 2264/5771/1486
f 5954/5765/3769 5955/5767/3770 2264/5771/1486 2263/5772/1485
f 5953/5766/3768 5954/5765/3769 2263/5772/1485 2262/5773/1484
f 2361/4887/1519 5953/5766/3768 2262/5773/1484 211/4888/164
f 2362/4886/1520 5950/5762/3765 5953/5766/3768 2361/4887/1519
f 2363/4885/1521 5947/5759/3762 5950/5762/3765 2362/4886/1520
f 5956/5774/3771 5957/5775/3772 5960/5776/3775 5959/5777/3774
f 5957/5775/3772 5958/5778/3773 5961/5779/3776 5960/5776/3775
f 5959/5777/3774 5960/5776/3775 5963/5780/3778 5962/5781/3777
f 5960/5776/3775 5961/5779/3776 5964/5782/3779 5963/5780/3778
f 438/4784/20 3048/5783/2024 5956/5774/3771 2969/4785/1969
f 3048/5783/2024 3049/5784/2025 5957/5775/3772 5956/5774/3771
f 3049/5784/2025 3050/5785/2026 5958/5778/3773 5957/5775/3772
f 3050/5785/2026 443/5721/320 2984/5723/1981 5958/5778/3773
f 5958/5778/3773 2984/5723/1981 2983/5734/1980 5961/5779/3776
f 5961/5779/3776 2983/5734/1980 2982/5732/1979 5964/5782/3779
f 5964/5782/3779 2982/5732/1979 255/5733/183 2016/5786/1383
f 5963/5780/3778 5964/5782/3779 2016/5786/1383 2017/5787/1384
f 5962/5781/3777 5963/5780/3778 2017/5787/1384 2018/5788/1385
f 2967/4787/1967 5962/5781/3777 2018/5788/1385 212/4788/165
f 2968/4786/1968 5959/5777/3774 5962/5781/3777 2967/4787/1967
f 2969/4785/1969 5956/5774/3771 5959/5777/3774 2968/4786/1968
f 5965/5789/516 5966/5790/517 5969/5791/517 5968/5792/516
f 5966/5790/517 5967/5793/518 5970/5794/518 5969/5791/517
f 5968/5792/516 5969/5791/517 5972/5795/517 5971/5796/516
f 5969/5791/517 5970/5794/518 5973/5797/518 5972/5795/517
f 433/5313/19 3045/5798/2021 5965/5789/516 2954/5314/19
f 3045/5798/2021 3046/5799/2022 5966/5790/517 5965/5789/516
f 3046/5799/2022 3047/5800/2023 5967/5793/518 5966/5790/517
f 3047/5800/2023 444/5705/321 2987/5707/36 5967/5793/518
f 5967/5793/518 2987/5707/36 2986/5711/36 5970/5794/518
f 5970/5794/518 2986/5711/36 2985/5710/36 5973/5797/518
f 5973/5797/518 2985/5710/36 257/5689/36 2267/5801/518
f 5972/5795/517 5973/5797/518 2267/5801/518 2266/5802/517
f 5971/5796/516 5972/5795/517 2266/5802/517 2265/5803/516
f 2952/5316/19 5971/5796/516 2265/5803/516 230/5317/19
f 2953/5315/19 5968/5792/516 5971/5796/516 2952/5316/19
f 2954/5314/19 5965/5789/516 5968/5792/516 2953/5315/19
f 5974/5804/516 5975/5805/517 5978/5806/517 5977/5807/516
f 5975/5805/517 5976/5808/518 5979/5809/518 5978/5806/517
f 5977/5807/516 5978/5806/517 5981/5810/517 5980/5811/516
f 5978/5806/517 5979/5809/518 5982/5812/518 5981/5810/517
f 230/5317/19 2265/5803/516 5974/5804/516 2069/5334/19
f 2265/5803/516 2266/5802/517 5975/5805/517 5974/5804/516
f 2266/5802/517 2267/5801/518 5976/5808/518 5975/5805/517
f 2267/5801/518 257/5689/36 2294/5691/36 5976/5808/518
f 5976/5808/518 2294/5691/36 2293/5695/36 5979/5809/518
f 5979/5809/518 2293/5695/36 2292/5694/36 5982/5812/518
f 5982/5812/518 2292/5694/36 258/5669/36 2270/5813/518
f 5981/5810/517 5982/5812/518 2270/5813/518 2269/5814/517
f 5980/5811/516 5981/5810/517 2269/5814/517 2268/5815/516
f 2067/5336/19 5980/5811/516 2268/5815/516 229/5337/19
f 2068/5335/19 5977/5807/516 5980/5811/516 2067/5336/19
f 2069/5334/19 5974/5804/516 5977/5807/516 2068/5335/19
f 5983/5816/516 5984/5817/517 5987/5818/517 5986/5819/516
f 5984/5817/517 5985/5820/518 5988/5821/518 5987/5818/517
f 5986/5819/516 5987/5818/517 5990/5822/517 5989/5823/516
f 5987/5818/517 5988/5821/518 5991/5824/518 5990/5822/517
f 229/5337/19 2268/5815/516 5983/5816/516 2066/5354/19
f 2268/5815/516 2269/5814/517 5984/5817/517 5983/5816/516
f 2269/5814/517 2270/5813/518 5985/5820/518 5984/5817/517
f 2270/5813/518 258/5669/36 2297/5671/36 5985/5820/518
f 5985/5820/518 2297/5671/36 2296/5679/36 5988/5821/518
f 5988/5821/518 2296/5679/36 2295/5677/36 5991/5824/518
f 5991/5824/518 2295/5677/36 259/5678/36 2273/5825/518
f 5990/5822/517 5991/5824/518 2273/5825/518 2272/5826/517
f 5989/5823/516 5990/5822/517 2272/5826/517 2271/5827/516
f 2064/5356/19 5989/5823/516 2271/5827/516 228/5357/19
f 2065/5355/19 5986/5819/516 5989/5823/516 2064/5356/19
f 2066/5354/19 5983/5816/516 5986/5819/516 2065/5355/19
f 5992/5828/520 5993/5829/521 5996/5830/521 5995/5831/520
f 5993/5829/521 5994/5832/522 5997/5833/522 5996/5830/521
f 5995/5831/520 5996/5830/521 5999/5834/521 5998/5835/520
f 5996/5830/521 5997/5833/522 6000/5836/2411 5999/5834/521
f 372/5509/20 1644/5837/520 5992/5828/520 2867/5510/20
f 1644/5837/520 1645/5838/521 5993/5829/521 5992/5828/520
f 1645/5838/521 1646/5839/522 5994/5832/522 5993/5829/521
f 1646/5839/522 381/914/39 2879/5655/39 5994/5832/522
f 5994/5832/522 2879/5655/39 2878/5659/38 5997/5833/522
f 5997/5833/522 2878/5659/38 2877/5658/39 6000/5836/2411
f 6000/5836/2411 2877/5658/39 260/5638/38 2276/5840/522
f 5999/5834/521 6000/5836/2411 2276/5840/522 2275/5841/521
f 5998/5835/520 5999/5834/521 2275/5841/521 2274/5842/520
f 2865/5512/20 5998/5835/520 2274/5842/520 233/5513/20
f 2866/5511/20 5995/5831/520 5998/5835/520 2865/5512/20
f 2867/5510/20 5992/5828/520 5995/5831/520 2866/5511/20
f 6001/5843/520 6002/5844/521 6005/5845/521 6004/5846/520
f 6002/5844/521 6003/5847/522 6006/5848/522 6005/5845/521
f 6004/5846/520 6005/5845/521 6008/5849/521 6007/5850/520
f 6005/5845/521 6006/5848/522 6009/5851/2411 6008/5849/521
f 233/5513/20 2274/5842/520 6001/5843/520 2078/5530/20
f 2274/5842/520 2275/5841/521 6002/5844/521 6001/5843/520
f 2275/5841/521 2276/5840/522 6003/5847/522 6002/5844/521
f 2276/5840/522 260/5638/38 2303/5640/38 6003/5847/522
f 6003/5847/522 2303/5640/38 2302/5644/38 6006/5848/522
f 6006/5848/522 2302/5644/38 2301/5643/38 6009/5851/2411
f 6009/5851/2411 2301/5643/38 261/5618/38 2279/5852/522
f 6008/5849/521 6009/5851/2411 2279/5852/522 2278/5853/521
f 6007/5850/520 6008/5849/521 2278/5853/521 2277/5854/520
f 2076/5532/20 6007/5850/520 2277/5854/520 232/5533/20
f 2077/5531/20 6004/5846/520 6007/5850/520 2076/5532/20
f 2078/5530/20 6001/5843/520 6004/5846/520 2077/5531/20
f 6010/5855/520 6011/5856/521 6014/5857/521 6013/5858/520
f 6011/5856/521 6012/5859/522 6015/5860/522 6014/5857/521
f 6013/5858/520 6014/5857/521 6017/5861/521 6016/5862/520
f 6014/5857/521 6015/5860/522 6018/5863/522 6017/5861/521
f 232/5533/20 2277/5854/520 6010/5855/520 2075/5550/20
f 2277/5854/520 2278/5853/521 6011/5856/521 6010/5855/520
f 2278/5853/521 2279/5852/522 6012/5859/522 6011/5856/521
f 2279/5852/522 261/5618/38 2306/5620/39 6012/5859/522
f 6012/5859/522 2306/5620/39 2305/5628/38 6015/5860/522
f 6015/5860/522 2305/5628/38 2304/5626/38 6018/5863/522
f 6018/5863/522 2304/5626/38 262/5627/38 2282/5864/522
f 6017/5861/521 6018/5863/522 2282/5864/522 2281/5865/521
f 6016/5862/520 6017/5861/521 2281/5865/521 2280/5866/520
f 2073/5552/20 6016/5862/520 2280/5866/520 231/5553/20
f 2074/5551/20 6013/5858/520 6016/5862/520 2073/5552/20
f 2075/5550/20 6010/5855/520 6013/5858/520 2074/5551/20
f 6019/5867/542 6020/5868/543 6023/5869/543 6022/5870/542
f 6020/5868/543 6021/5871/544 6024/5872/544 6023/5869/543
f 6022/5870/542 6023/5869/543 6026/5873/543 6025/5874/542
f 6023/5869/543 6024/5872/544 6027/5875/544 6026/5873/543
f 221/5876/13 2325/5877/542 6019/5867/542 2046/5537/13
f 2325/5877/542 2326/5878/543 6020/5868/543 6019/5867/542
f 2326/5878/543 2327/5879/544 6021/5871/544 6020/5868/543
f 2327/5879/544 269/5880/45 2336/5881/45 6021/5871/544
f 6021/5871/544 2336/5881/45 2335/5882/45 6024/5872/544
f 6024/5872/544 2335/5882/45 2334/5883/45 6027/5875/544
f 6027/5875/544 2334/5883/45 270/5884/45 2330/5885/544
f 6026/5873/543 6027/5875/544 2330/5885/544 2329/5886/543
f 6025/5874/542 6026/5873/543 2329/5886/543 2328/5887/542
f 2048/5888/13 6025/5874/542 2328/5887/542 222/5889/13
f 2047/5890/13 6022/5870/542 6025/5874/542 2048/5888/13
f 2046/5537/13 6019/5867/542 6022/5870/542 2047/5890/13
f 6028/5891/542 6029/5892/543 6032/5893/543 6031/5894/542
f 6029/5892/543 6030/5895/544 6033/5896/544 6032/5893/543
f 6031/5894/542 6032/5893/543 6035/5897/543 6034/5898/542
f 6032/5893/543 6033/5896/544 6036/5899/544 6035/5897/543
f 220/5900/13 2322/5901/542 6028/5891/542 2043/5902/13
f 2322/5901/542 2323/5903/543 6029/5892/543 6028/5891/542
f 2323/5903/543 2324/5904/544 6030/5895/544 6029/5892/543
f 2324/5904/544 268/5905/45 2339/5906/45 6030/5895/544
f 6030/5895/544 2339/5906/45 2338/5907/45 6033/5896/544
f 6033/5896/544 2338/5907/45 2337/5908/45 6036/5899/544
f 6036/5899/544 2337/5908/45 269/5880/45 2327/5879/544
f 6035/5897/543 6036/5899/544 2327/5879/544 2326/5878/543
f 6034/5898/542 6035/5897/543 2326/5878/543 2325/5877/542
f 2045/5909/13 6034/5898/542 2325/5877/542 221/5876/13
f 2044/5559/13 6031/5894/542 6034/5898/542 2045/5909/13
f 2043/5902/13 6028/5891/542 6031/5894/542 2044/5559/13
f 6037/5910/542 6038/5911/543 6041/5912/543 6040/5913/542
f 6038/5911/543 6039/5914/544 6042/5915/544 6041/5912/543
f 6040/5913/542 6041/5912/543 6044/5916/543 6043/5917/542
f 6041/5912/543 6042/5915/544 6045/5918/544 6044/5916/543
f 436/5919/314 3042/5920/2018 6037/5910/542 2040/5921/13
f 3042/5920/2018 3043/5922/2019 6038/5911/543 6037/5910/542
f 3043/5922/2019 3044/5923/2020 6039/5914/544 6038/5911/543
f 3044/5923/2020 445/5924/322 2990/5925/45 6039/5914/544
f 6039/5914/544 2990/5925/45 2989/5926/45 6042/5915/544
f 6042/5915/544 2989/5926/45 2988/5927/45 6045/5918/544
f 6045/5918/544 2988/5927/45 268/5905/45 2324/5904/544
f 6044/5916/543 6045/5918/544 2324/5904/544 2323/5903/543
f 6043/5917/542 6044/5916/543 2323/5903/543 2322/5901/542
f 2042/5928/13 6043/5917/542 2322/5901/542 220/5900/13
f 2041/5929/13 6040/5913/542 6043/5917/542 2042/5928/13
f 2040/5921/13 6037/5910/542 6040/5913/542 2041/5929/13
f 6046/5930/2413 6047/5931/3780 6050/5932/2417 6049/5933/2414
f 6047/5931/3780 6048/5934/3781 6051/5935/3782 6050/5932/2417
f 6049/5933/2414 6050/5932/2417 6053/5936/2418 6052/5937/2415
f 6050/5932/2417 6051/5935/3782 6054/5938/2421 6053/5936/2418
f 218/5939/12 2316/5940/536 6046/5930/2413 2037/5941/12
f 2316/5940/536 2317/5942/1499 6047/5931/3780 6046/5930/2413
f 2317/5942/1499 2318/5943/1500 6048/5934/3781 6047/5931/3780
f 2318/5943/1500 266/5944/188 2345/5945/1506 6048/5934/3781
f 6048/5934/3781 2345/5945/1506 2344/5946/1505 6051/5935/3782
f 6051/5935/3782 2344/5946/1505 2343/5947/1504 6054/5938/2421
f 6054/5938/2421 2343/5947/1504 267/5948/44 2321/5949/541
f 6053/5936/2418 6054/5938/2421 2321/5949/541 2320/5950/540
f 6052/5937/2415 6053/5936/2418 2320/5950/540 2319/5951/539
f 2039/5952/12 6052/5937/2415 2319/5951/539 219/5322/12
f 2038/5953/12 6049/5933/2414 6052/5937/2415 2039/5952/12
f 2037/5941/12 6046/5930/2413 6049/5933/2414 2038/5953/12
f 6055/5954/2422 6056/5955/3783 6059/5956/3785 6058/5957/1060
f 6056/5955/3783 6057/5958/3784 6060/5959/3786 6059/5956/3785
f 6058/5957/1060 6059/5956/3785 6062/5960/3787 6061/5961/2423
f 6059/5956/3785 6060/5959/3786 6063/5962/3788 6062/5960/3787
f 217/5963/11 2313/5964/533 6055/5954/2422 2034/5965/397
f 2313/5964/533 2314/5966/1497 6056/5955/3783 6055/5954/2422
f 2314/5966/1497 2315/5967/1498 6057/5958/3784 6056/5955/3783
f 2315/5967/1498 265/5968/187 2348/5969/1509 6057/5958/3784
f 6057/5958/3784 2348/5969/1509 2347/5970/1508 6060/5959/3786
f 6060/5959/3786 2347/5970/1508 2346/5971/1507 6063/5962/3788
f 6063/5962/3788 2346/5971/1507 266/5944/188 2318/5943/1500
f 6062/5960/3787 6063/5962/3788 2318/5943/1500 2317/5942/1499
f 6061/5961/2423 6062/5960/3787 2317/5942/1499 2316/5940/536
f 2036/5972/398 6061/5961/2423 2316/5940/536 218/5939/12
f 2035/5973/397 6058/5957/1060 6061/5961/2423 2036/5972/398
f 2034/5965/397 6055/5954/2422 6058/5957/1060 2035/5973/397
f 6064/5974/2430 6065/5975/2433 6068/5976/3790 6067/5977/2431
f 6065/5975/2433 6066/5978/3789 6069/5979/3791 6068/5976/3790
f 6067/5977/2431 6068/5976/3790 6071/5980/3792 6070/5981/2432
f 6068/5976/3790 6069/5979/3791 6072/5982/3793 6071/5980/3792
f 368/5983/11 1638/5984/1188 6064/5974/2430 2031/5985/11
f 1638/5984/1188 1639/5986/1189 6065/5975/2433 6064/5974/2430
f 1639/5986/1189 1640/5987/1190 6066/5978/3789 6065/5975/2433
f 1640/5987/1190 383/5988/267 2882/5989/1894 6066/5978/3789
f 6066/5978/3789 2882/5989/1894 2881/5990/1893 6069/5979/3791
f 6069/5979/3791 2881/5990/1893 2880/5991/1892 6072/5982/3793
f 6072/5982/3793 2880/5991/1892 265/5968/187 2315/5967/1498
f 6071/5980/3792 6072/5982/3793 2315/5967/1498 2314/5966/1497
f 6070/5981/2432 6071/5980/3792 2314/5966/1497 2313/5964/533
f 2033/5992/11 6070/5981/2432 2313/5964/533 217/5963/11
f 2032/5993/11 6067/5977/2431 6070/5981/2432 2033/5992/11
f 2031/5985/11 6064/5974/2430 6067/5977/2431 2032/5993/11
f 6073/5994/3794 6074/5995/3795 6077/5996/3798 6076/5997/3797
f 6074/5995/3795 6075/5998/3796 6078/5999/3799 6077/5996/3798
f 6076/5997/3797 6077/5996/3798 6080/6000/3801 6079/6001/3800
f 6077/5996/3798 6078/5999/3799 6081/6002/3802 6080/6000/3801
f 285/6003/200 2490/6004/1597 6073/5994/3794 1980/6005/1347
f 2490/6004/1597 2491/6006/1598 6074/5995/3795 6073/5994/3794
f 2491/6006/1598 2492/6007/1599 6075/5998/3796 6074/5995/3795
f 2492/6007/1599 298/6008/210 2477/6009/1588 6075/5998/3796
f 6075/5998/3796 2477/6009/1588 2476/6010/1587 6078/5999/3799
f 6078/5999/3799 2476/6010/1587 2475/6011/1586 6081/6002/3802
f 6081/6002/3802 2475/6011/1586 263/6012/185 1989/6013/1356
f 6080/6000/3801 6081/6002/3802 1989/6013/1356 1990/6014/1357
f 6079/6001/3800 6080/6000/3801 1990/6014/1357 1991/6015/1358
f 1982/6016/1349 6079/6001/3800 1991/6015/1358 208/6017/161
f 1981/6018/1348 6076/5997/3797 6079/6001/3800 1982/6016/1349
f 1980/6005/1347 6073/5994/3794 6076/5997/3797 1981/6018/1348
f 6082/6019/3803 6083/6020/3804 6086/6021/3807 6085/6022/3806
f 6083/6020/3804 6084/6023/3805 6087/6024/3808 6086/6021/3807
f 6085/6022/3806 6086/6021/3807 6089/6025/3810 6088/6026/3809
f 6086/6021/3807 6087/6024/3808 6090/6027/3811 6089/6025/3810
f 431/6028/12 3039/6029/2015 6082/6019/3803 1977/6030/1344
f 3039/6029/2015 3040/6031/2016 6083/6020/3804 6082/6019/3803
f 3040/6031/2016 3041/6032/2017 6084/6023/3805 6083/6020/3804
f 3041/6032/2017 446/6033/323 2993/6034/1984 6084/6023/3805
f 6084/6023/3805 2993/6034/1984 2992/6035/1983 6087/6024/3808
f 6087/6024/3808 2992/6035/1983 2991/6036/1982 6090/6027/3811
f 6090/6027/3811 2991/6036/1982 264/6037/186 2312/6038/1496
f 6089/6025/3810 6090/6027/3811 2312/6038/1496 2311/6039/1495
f 6088/6026/3809 6089/6025/3810 2311/6039/1495 2310/6040/1494
f 1979/6041/1346 6088/6026/3809 2310/6040/1494 207/6042/160
f 1978/6043/1345 6085/6022/3806 6088/6026/3809 1979/6041/1346
f 1977/6030/1344 6082/6019/3803 6085/6022/3806 1978/6043/1345
f 6091/6044/3812 6092/6045/3813 6095/6046/3816 6094/6047/3815
f 6092/6045/3813 6093/6048/3814 6096/6049/3817 6095/6046/3816
f 6094/6047/3815 6095/6046/3816 6098/6050/3819 6097/6051/3818
f 6095/6046/3816 6096/6049/3817 6099/6052/3820 6098/6050/3819
f 207/4893/160 2310/6053/1494 6091/6044/3812 2355/6054/1513
f 2310/6053/1494 2311/6055/1495 6092/6045/3813 6091/6044/3812
f 2311/6055/1495 2312/6056/1496 6093/6048/3814 6092/6045/3813
f 2312/6056/1496 264/6057/186 2351/6058/1512 6093/6048/3814
f 6093/6048/3814 2351/6058/1512 2350/6059/1511 6096/6049/3817
f 6096/6049/3817 2350/6059/1511 2349/6060/1510 6099/6052/3820
f 6099/6052/3820 2349/6060/1510 284/6061/199 2396/6062/1545
f 6098/6050/3819 6099/6052/3820 2396/6062/1545 2395/6063/1544
f 6097/6051/3818 6098/6050/3819 2395/6063/1544 2394/6064/1543
f 2357/6065/1515 6097/6051/3818 2394/6064/1543 271/6066/189
f 2356/6067/1514 6094/6047/3815 6097/6051/3818 2357/6065/1515
f 2355/6054/1513 6091/6044/3812 6094/6047/3815 2356/6067/1514
f 6100/6068/1594 6101/6069/3821 6104/6070/3821 6103/6071/1594
f 6101/6069/3821 6102/6072/1700 6105/6073/1700 6104/6070/3821
f 6103/6071/1594 6104/6070/3821 6107/6074/1699 6106/6075/1594
f 6104/6070/3821 6105/6073/1700 6108/6076/1700 6107/6074/1699
f 335/6077/202 3114/6078/1594 6100/6068/1594 2669/6079/202
f 3114/6078/1594 3115/6080/1699 6101/6069/3821 6100/6068/1594
f 3115/6080/1699 3116/6081/1700 6102/6072/1700 6101/6069/3821
f 3116/6081/1700 309/6082/219 3137/6083/219 6102/6072/1700
f 6102/6072/1700 3137/6083/219 3136/6084/219 6105/6073/1700
f 6105/6073/1700 3136/6084/219 3135/6085/219 6108/6076/1700
f 6108/6076/1700 3135/6085/219 283/5744/198 2399/5770/1548
f 6107/6074/1699 6108/6076/1700 2399/5770/1548 2398/5769/1547
f 6106/6075/1594 6107/6074/1699 2398/5769/1547 2397/5768/1546
f 2667/6086/202 6106/6075/1594 2397/5768/1546 273/4884/191
f 2668/6087/202 6103/6071/1594 6106/6075/1594 2667/6086/202
f 2669/6079/202 6100/6068/1594 6103/6071/1594 2668/6087/202
f 6109/6088/1320 6110/6089/1320 6113/6090/1320 6112/6091/1320
f 6110/6089/1320 6111/6092/1320 6114/6093/1320 6113/6090/1320
f 6112/6091/1320 6113/6090/1320 6116/6094/1320 6115/6095/1320
f 6113/6090/1320 6114/6093/1320 6117/6096/1320 6116/6094/1320
f 309/6082/219 2547/6097/1320 6109/6088/1320 3137/6083/219
f 2547/6097/1320 2548/6098/1320 6110/6089/1320 6109/6088/1320
f 2548/6098/1320 2549/6099/1320 6111/6092/1320 6110/6089/1320
f 2549/6099/1320 308/6100/218 3134/6101/218 6111/6092/1320
f 6111/6092/1320 3134/6101/218 3133/6102/1584 6114/6093/1320
f 6114/6093/1320 3133/6102/1584 3132/6103/218 6117/6096/1320
f 6117/6096/1320 3132/6103/218 282/5749/197 2402/5748/1549
f 6116/6094/1320 6117/6096/1320 2402/5748/1549 2401/5747/1549
f 6115/6095/1320 6116/6094/1320 2401/5747/1549 2400/5745/1549
f 3135/6085/219 6115/6095/1320 2400/5745/1549 283/5744/198
f 3136/6084/219 6112/6091/1320 6115/6095/1320 3135/6085/219
f 3137/6083/219 6109/6088/1320 6112/6091/1320 3136/6084/219
f 6145/6167/3822 6146/6168/3823 6149/6169/3826 6148/6170/3825
f 6146/6168/3823 6147/6171/3824 6150/6172/3827 6149/6169/3826
f 6148/6170/3825 6149/6169/3826 6152/6173/3829 6151/6174/3828
f 6149/6169/3826 6150/6172/3827 6153/6175/3830 6152/6173/3829
f 241/5030/175 2373/6176/1531 6145/6167/3822 2103/5031/1415
f 2373/6176/1531 2374/6177/1532 6146/6168/3823 6145/6167/3822
f 2374/6177/1532 2375/6178/1533 6147/6171/3824 6146/6168/3823
f 2375/6178/1533 277/6179/195 2414/6180/1552 6147/6171/3824
f 6147/6171/3824 2414/6180/1552 2413/6181/1551 6150/6172/3827
f 6150/6172/3827 2413/6181/1551 2412/6182/1550 6153/6175/3830
f 6153/6175/3830 2412/6182/1550 278/6183/196 2378/6184/1536
f 6152/6173/3829 6153/6175/3830 2378/6184/1536 2377/6185/1535
f 6151/6174/3828 6152/6173/3829 2377/6185/1535 2376/6186/1534
f 2105/5033/1417 6151/6174/3828 2376/6186/1534 242/5034/176
f 2104/5032/1416 6148/6170/3825 6151/6174/3828 2105/5033/1417
f 2103/5031/1415 6145/6167/3822 6148/6170/3825 2104/5032/1416
f 6154/6187/3831 6155/6188/3832 6158/6189/3835 6157/6190/3834
f 6155/6188/3832 6156/6191/3833 6159/6192/3836 6158/6189/3835
f 6157/6190/3834 6158/6189/3835 6161/6193/3838 6160/6194/3837
f 6158/6189/3835 6159/6192/3836 6162/6195/3839 6161/6193/3838
f 240/5582/174 2370/6196/1528 6154/6187/3831 2100/5581/1412
f 2370/6196/1528 2371/6197/1529 6155/6188/3832 6154/6187/3831
f 2371/6197/1529 2372/6198/1530 6156/6191/3833 6155/6188/3832
f 2372/6198/1530 276/6199/194 2417/6200/1555 6156/6191/3833
f 6156/6191/3833 2417/6200/1555 2416/6201/1554 6159/6192/3836
f 6159/6192/3836 2416/6201/1554 2415/6202/1553 6162/6195/3839
f 6162/6195/3839 2415/6202/1553 277/6179/195 2375/6178/1533
f 6161/6193/3838 6162/6195/3839 2375/6178/1533 2374/6177/1532
f 6160/6194/3837 6161/6193/3838 2374/6177/1532 2373/6203/1531
f 2102/6204/1414 6160/6194/3837 2373/6203/1531 241/5569/175
f 2101/6205/1413 6157/6190/3834 6160/6194/3837 2102/6204/1414
f 2100/5581/1412 6154/6187/3831 6157/6190/3834 2101/6205/1413
f 6163/6206/3840 6164/6207/3841 6167/6208/3844 6166/6209/3843
f 6164/6207/3841 6165/6210/3842 6168/6211/3845 6167/6208/3844
f 6166/6209/3843 6167/6208/3844 6170/6212/3847 6169/6213/3846
f 6167/6208/3844 6168/6211/3845 6171/6214/3848 6170/6212/3847
f 375/6215/264 1632/6216/1185 6163/6206/3840 2097/6217/1409
f 1632/6216/1185 1633/6218/1186 6164/6207/3841 6163/6206/3840
f 1633/6218/1186 1634/6219/1187 6165/6210/3842 6164/6207/3841
f 1634/6219/1187 385/6220/268 2885/6221/1897 6165/6210/3842
f 6165/6210/3842 2885/6221/1897 2884/6222/1896 6168/6211/3845
f 6168/6211/3845 2884/6222/1896 2883/6223/1895 6171/6214/3848
f 6171/6214/3848 2883/6223/1895 276/6199/194 2372/6198/1530
f 6170/6212/3847 6171/6214/3848 2372/6198/1530 2371/6197/1529
f 6169/6213/3846 6170/6212/3847 2371/6197/1529 2370/6196/1528
f 2099/6224/1411 6169/6213/3846 2370/6196/1528 240/5582/174
f 2098/6225/1410 6166/6209/3843 6169/6213/3846 2099/6224/1411
f 2097/6217/1409 6163/6206/3840 6166/6209/3843 2098/6225/1410
f 6172/6226/3849 6173/6227/3850 6176/6228/3853 6175/6229/3852
f 6173/6227/3850 6174/6230/3851 6177/6231/3854 6176/6228/3853
f 6175/6229/3852 6176/6228/3853 6179/6232/3856 6178/6233/3855
f 6176/6228/3853 6177/6231/3854 6180/6234/3857 6179/6232/3856
f 209/6235/162 2028/6236/1395 6172/6226/3849 2358/6237/1516
f 2028/6236/1395 2029/6238/1396 6173/6227/3850 6172/6226/3849
f 2029/6238/1396 2030/6239/1397 6174/6230/3851 6173/6227/3850
f 2030/6239/1397 215/4988/168 2367/6240/1525 6174/6230/3851
f 6174/6230/3851 2367/6240/1525 2368/6241/1526 6177/6231/3854
f 6177/6231/3854 2368/6241/1526 2369/6242/1527 6180/6234/3857
f 6180/6234/3857 2369/6242/1527 275/6243/193 2420/6244/1558
f 6179/6232/3856 6180/6234/3857 2420/6244/1558 2419/6245/1557
f 6178/6233/3855 6179/6232/3856 2419/6245/1557 2418/6246/1556
f 2360/6247/1518 6178/6233/3855 2418/6246/1556 272/6248/190
f 2359/6249/1517 6175/6229/3852 6178/6233/3855 2360/6247/1518
f 2358/6237/1516 6172/6226/3849 6175/6229/3852 2359/6249/1517
f 6181/6250/3858 6182/6251/3859 6185/6252/3862 6184/6253/3861
f 6182/6251/3859 6183/6254/3860 6186/6255/3863 6185/6252/3862
f 6184/6253/3861 6185/6252/3862 6188/6256/3865 6187/6257/3864
f 6185/6252/3862 6186/6255/3863 6189/6258/3866 6188/6256/3865
f 435/4984/313 3036/6259/2012 6181/6250/3858 2019/4985/1386
f 3036/6259/2012 3037/6260/2013 6182/6251/3859 6181/6250/3858
f 3037/6260/2013 3038/6261/2014 6183/6254/3860 6182/6251/3859
f 3038/6261/2014 447/6262/324 2996/6263/1987 6183/6254/3860
f 6183/6254/3860 2996/6263/1987 2995/6264/1986 6186/6255/3863
f 6186/6255/3863 2995/6264/1986 2994/6265/1985 6189/6258/3866
f 6189/6258/3866 2994/6265/1985 275/6243/193 2369/6266/1527
f 6188/6256/3865 6189/6258/3866 2369/6266/1527 2368/6267/1526
f 6187/6257/3864 6188/6256/3865 2368/6267/1526 2367/6268/1525
f 2021/4987/1388 6187/6257/3864 2367/6268/1525 215/4988/168
f 2020/4986/1387 6184/6253/3861 6187/6257/3864 2021/4987/1388
f 2019/4985/1386 6181/6250/3858 6184/6253/3861 2020/4986/1387
f 6199/6294/1592 6200/6295/1566 6203/6296/1566 6202/6297/1592
f 6200/6295/1566 6201/6298/1567 6204/6299/1567 6203/6296/1566
f 6202/6297/1592 6203/6296/1566 6206/6300/1566 6205/6301/1592
f 6203/6296/1566 6204/6299/1567 6207/6302/1567 6206/6300/1566
f 303/6303/200 3111/6304/1592 6199/6294/1592 3128/6305/200
f 3111/6304/1592 3112/6306/1566 6200/6295/1566 6199/6294/1592
f 3112/6306/1566 3113/6307/1567 6201/6298/1567 6200/6295/1566
f 3113/6307/1567 335/6077/202 2669/6079/202 6201/6298/1567
f 6201/6298/1567 2669/6079/202 2668/6087/202 6204/6299/1567
f 6204/6299/1567 2668/6087/202 2667/6086/202 6207/6302/1567
f 6207/6302/1567 2667/6086/202 273/4884/191 2429/4883/1567
f 6206/6300/1566 6207/6302/1567 2429/4883/1567 2428/4882/1566
f 6205/6301/1592 6206/6300/1566 2428/4882/1566 2427/4880/1565
f 3126/6308/200 6205/6301/1592 2427/4880/1565 271/4879/189
f 3127/6309/200 6202/6297/1592 6205/6301/1592 3126/6308/200
f 3128/6305/200 6199/6294/1592 6202/6297/1592 3127/6309/200
f 6208/6310/1701 6209/6311/1702 6212/6312/1702 6211/6313/1701
f 6209/6311/1702 6210/6314/3876 6213/6315/3876 6212/6312/1702
f 6211/6313/1701 6212/6312/1702 6215/6316/1702 6214/6317/1701
f 6212/6312/1702 6213/6315/3876 6216/6318/1703 6215/6316/1702
f 308/6100/218 3108/6319/1701 6208/6310/1701 3134/6101/218
f 3108/6319/1701 3109/6320/1702 6209/6311/1702 6208/6310/1701
f 3109/6320/1702 3110/6321/1703 6210/6314/3876 6209/6311/1702
f 3110/6321/1703 336/6322/203 2672/6323/203 6210/6314/3876
f 6210/6314/3876 2672/6323/203 2671/6324/203 6213/6315/3876
f 6213/6315/3876 2671/6324/203 2670/6325/203 6216/6318/1703
f 6216/6318/1703 2670/6325/203 274/4859/192 2432/6326/1570
f 6215/6316/1702 6216/6318/1703 2432/6326/1570 2431/6327/1569
f 6214/6317/1701 6215/6316/1702 2431/6327/1569 2430/6328/1568
f 3132/6103/218 6214/6317/1701 2430/6328/1568 282/5749/197
f 3133/6102/1584 6211/6313/1701 6214/6317/1701 3132/6103/218
f 3134/6101/218 6208/6310/1701 6211/6313/1701 3133/6102/1584
f 6217/6329/3877 6218/6330/3878 6221/6331/3881 6220/6332/3880
f 6218/6330/3878 6219/6333/3879 6222/6334/3882 6221/6331/3881
f 6220/6332/3880 6221/6331/3881 6224/6335/3884 6223/6336/3883
f 6221/6331/3881 6222/6334/3882 6225/6337/3885 6224/6335/3884
f 455/6338/330 1992/6339/1359 6217/6329/3877 3209/6340/2083
f 1992/6339/1359 1993/6341/1360 6218/6330/3878 6217/6329/3877
f 1993/6341/1360 1994/6342/1361 6219/6333/3879 6218/6330/3878
f 1994/6342/1361 209/6343/162 2358/6344/1516 6219/6333/3879
f 6219/6333/3879 2358/6344/1516 2359/6345/1517 6222/6334/3882
f 6222/6334/3882 2359/6345/1517 2360/6346/1518 6225/6337/3885
f 6225/6337/3885 2360/6346/1518 272/6347/190 2435/6348/1573
f 6224/6335/3884 6225/6337/3885 2435/6348/1573 2434/6349/1572
f 6223/6336/3883 6224/6335/3884 2434/6349/1572 2433/6350/1571
f 3207/6351/2081 6223/6336/3883 2433/6350/1571 463/6352/334
f 3208/6353/2082 6220/6332/3880 6223/6336/3883 3207/6351/2081
f 3209/6340/2083 6217/6329/3877 6220/6332/3880 3208/6353/2082
f 6226/6354/3886 6227/6355/3887 6230/6356/3890 6229/6357/3889
f 6227/6355/3887 6228/6358/3888 6231/6359/3891 6230/6356/3890
f 6229/6357/3889 6230/6356/3890 6233/6360/3893 6232/6361/3892
f 6230/6356/3890 6231/6359/3891 6234/6362/3894 6233/6360/3893
f 248/6363/182 2216/6364/1476 6226/6354/3886 2258/6365/1482
f 2216/6364/1476 2215/6366/1475 6227/6355/3887 6226/6354/3886
f 2215/6366/1475 2214/6367/1474 6228/6358/3888 6227/6355/3887
f 2214/6367/1474 214/6368/167 2012/6369/1379 6228/6358/3888
f 6228/6358/3888 2012/6369/1379 2011/6370/1378 6231/6359/3891
f 6231/6359/3891 2011/6370/1378 2010/6371/1377 6234/6362/3894
f 6234/6362/3894 2010/6371/1377 288/6372/203 2480/6373/1591
f 6233/6360/3893 6234/6362/3894 2480/6373/1591 2479/6374/1590
f 6232/6361/3892 6233/6360/3893 2479/6374/1590 2478/6375/1589
f 2256/6376/1480 6232/6361/3892 2478/6375/1589 293/6377/208
f 2257/6378/1481 6229/6357/3889 6232/6361/3892 2256/6376/1480
f 2258/6365/1482 6226/6354/3886 6229/6357/3889 2257/6378/1481
f 6235/6379/3895 6236/6380/3896 6239/6381/3899 6238/6382/3898
f 6236/6380/3896 6237/6383/3897 6240/6384/3900 6239/6381/3899
f 6238/6382/3898 6239/6381/3899 6242/6385/1566 6241/6386/3901
f 6239/6381/3899 6240/6384/3900 6243/6387/1567 6242/6385/1566
f 208/6017/161 2001/6388/1368 6235/6379/3895 1982/6016/1349
f 2001/6388/1368 2002/6389/1369 6236/6380/3896 6235/6379/3895
f 2002/6389/1369 2003/6390/1370 6237/6383/3897 6236/6380/3896
f 2003/6390/1370 212/6391/165 2000/6392/1367 6237/6383/3897
f 6237/6383/3897 2000/6392/1367 1999/6393/1366 6240/6384/3900
f 6240/6384/3900 1999/6393/1366 1998/6394/1365 6243/6387/1567
f 6243/6387/1567 1998/6394/1365 287/6395/202 2483/6396/1567
f 6242/6385/1566 6243/6387/1567 2483/6396/1567 2482/6397/1566
f 6241/6386/3901 6242/6385/1566 2482/6397/1566 2481/6398/1592
f 1980/6005/1347 6241/6386/3901 2481/6398/1592 285/6399/200
f 1981/6400/1348 6238/6382/3898 6241/6386/3901 1980/6005/1347
f 1982/6016/1349 6235/6379/3895 6238/6382/3898 1981/6400/1348
f 6244/6401/3902 6245/6402/3902 6248/6403/3903 6247/6404/3903
f 6245/6402/3902 6246/6405/3902 6249/6406/3903 6248/6403/3903
f 6247/6404/3903 6248/6403/3903 6251/6407/3904 6250/6408/3904
f 6248/6403/3903 6249/6406/3903 6252/6409/3904 6251/6407/3904
f 255/6410/183 2261/6411/1483 6244/6401/3902 2285/6412/1489
f 2261/6411/1483 2260/6413/1483 6245/6402/3902 6244/6401/3902
f 2260/6413/1483 2259/6414/1483 6246/6405/3902 6245/6402/3902
f 2259/6414/1483 248/6415/182 2258/6416/1482 6246/6405/3902
f 6246/6405/3902 2258/6416/1482 2257/6417/1481 6249/6406/3903
f 6249/6406/3903 2257/6417/1481 2256/6418/1480 6252/6409/3904
f 6252/6409/3904 2256/6418/1480 293/6377/208 2486/6419/1593
f 6251/6407/3904 6252/6409/3904 2486/6419/1593 2485/6420/1593
f 6250/6408/3904 6251/6407/3904 2485/6420/1593 2484/6421/1593
f 2283/6422/1487 6250/6408/3904 2484/6421/1593 294/6423/209
f 2284/6424/1488 6247/6404/3903 6250/6408/3904 2283/6422/1487
f 2285/6412/1489 6244/6401/3902 6247/6404/3903 2284/6424/1488
f 6253/6425/3905 6254/6426/3906 6257/6427/3909 6256/6428/3908
f 6254/6426/3906 6255/6429/3907 6258/6430/3910 6257/6427/3909
f 6256/6428/3908 6257/6427/3909 6260/6431/3912 6259/6432/3911
f 6257/6427/3909 6258/6430/3910 6261/6433/3913 6260/6431/3912
f 212/6434/165 2018/6435/1385 6253/6425/3905 2000/6436/1367
f 2018/6435/1385 2017/6437/1384 6254/6426/3906 6253/6425/3905
f 2017/6437/1384 2016/6438/1383 6255/6429/3907 6254/6426/3906
f 2016/6438/1383 255/6410/183 2285/6412/1489 6255/6429/3907
f 6255/6429/3907 2285/6412/1489 2284/6439/1488 6258/6430/3910
f 6258/6430/3910 2284/6439/1488 2283/6440/1487 6261/6433/3913
f 6261/6433/3913 2283/6440/1487 294/6441/209 2489/6442/1596
f 6260/6431/3912 6261/6433/3913 2489/6442/1596 2488/6443/1595
f 6259/6432/3911 6260/6431/3912 2488/6443/1595 2487/6444/1594
f 1998/6445/1365 6259/6432/3911 2487/6444/1594 287/6395/202
f 1999/6446/1366 6256/6428/3908 6259/6432/3911 1998/6445/1365
f 2000/6436/1367 6253/6425/3905 6256/6428/3908 1999/6446/1366
f 6262/6447/3914 6263/6448/1715 6266/6449/1715 6265/6450/3914
f 6263/6448/1715 6264/6451/1716 6267/6452/1716 6266/6449/1715
f 6265/6450/3914 6266/6449/1715 6269/6453/1715 6268/6454/3914
f 6266/6449/1715 6267/6452/1716 6270/6455/1716 6269/6453/1715
f 316/6456/200 2661/6457/1714 6262/6447/3914 2436/6458/200
f 2661/6457/1714 2662/6459/1715 6263/6448/1715 6262/6447/3914
f 2662/6459/1715 2663/6460/1716 6264/6451/1716 6263/6448/1715
f 2663/6460/1716 327/6461/229 2609/6462/229 6264/6451/1716
f 6264/6451/1716 2609/6462/229 2608/6463/229 6267/6452/1716
f 6267/6452/1716 2608/6463/229 2607/6464/229 6270/6455/1716
f 6270/6455/1716 2607/6464/229 298/6008/210 2492/6007/1599
f 6269/6453/1715 6270/6455/1716 2492/6007/1599 2491/6006/1598
f 6268/6454/3914 6269/6453/1715 2491/6006/1598 2490/6004/1597
f 2438/6465/200 6268/6454/3914 2490/6004/1597 285/6003/200
f 2437/6466/200 6265/6450/3914 6268/6454/3914 2438/6465/200
f 2436/6458/200 6262/6447/3914 6265/6450/3914 2437/6466/200
f 6298/6517/3915 6299/6518/3916 6302/6519/3919 6301/6520/3918
f 6299/6518/3916 6300/6521/3917 6303/6522/3920 6302/6519/3919
f 6301/6520/3918 6302/6519/3919 6305/6523/3922 6304/6524/3921
f 6302/6519/3919 6303/6522/3920 6306/6525/3923 6305/6523/3922
f 396/6526/278 1626/6527/1182 6298/6517/3915 2897/6528/1909
f 1626/6527/1182 1627/6529/1183 6299/6518/3916 6298/6517/3915
f 1627/6529/1183 1628/6530/1184 6300/6521/3917 6299/6518/3916
f 1628/6530/1184 398/1805/280 2903/6531/1915 6300/6521/3917
f 6300/6521/3917 2903/6531/1915 2902/6532/1914 6303/6522/3920
f 6303/6522/3920 2902/6532/1914 2901/6533/1913 6306/6525/3923
f 6306/6525/3923 2901/6533/1913 313/6534/223 2576/6535/1668
f 6305/6523/3922 6306/6525/3923 2576/6535/1668 2575/6536/1667
f 6304/6524/3921 6305/6523/3922 2575/6536/1667 2574/6537/1666
f 2895/6538/1907 6304/6524/3921 2574/6537/1666 305/6539/215
f 2896/6540/1908 6301/6520/3918 6304/6524/3921 2895/6538/1907
f 2897/6528/1909 6298/6517/3915 6301/6520/3918 2896/6540/1908
f 6307/6541/3924 6308/6542/3925 6311/6543/3928 6310/6544/3927
f 6308/6542/3925 6309/6545/3926 6312/6546/3929 6311/6543/3928
f 6310/6544/3927 6311/6543/3928 6314/6547/3931 6313/6548/3930
f 6311/6543/3928 6312/6546/3929 6315/6549/3932 6314/6547/3931
f 306/6550/216 2453/6551/1577 6307/6541/3924 2546/6552/1641
f 2453/6551/1577 2452/6553/1576 6308/6542/3925 6307/6541/3924
f 2452/6553/1576 2451/6554/1575 6309/6545/3926 6308/6542/3925
f 2451/6554/1575 314/6555/224 2570/6556/1662 6309/6545/3926
f 6309/6545/3926 2570/6556/1662 2569/6557/1661 6312/6546/3929
f 6312/6546/3929 2569/6557/1661 2568/6558/1660 6315/6549/3932
f 6315/6549/3932 2568/6558/1660 315/6559/225 2456/6560/1580
f 6314/6547/3931 6315/6549/3932 2456/6560/1580 2455/6561/1579
f 6313/6548/3930 6314/6547/3931 2455/6561/1579 2454/6562/1578
f 2544/6563/1639 6313/6548/3930 2454/6562/1578 307/6564/217
f 2545/6565/1640 6310/6544/3927 6313/6548/3930 2544/6563/1639
f 2546/6552/1641 6307/6541/3924 6310/6544/3927 2545/6565/1640
f 6316/6566/1711 6317/6567/3933 6320/6568/3935 6319/6569/1711
f 6317/6567/3933 6318/6570/3934 6321/6571/3936 6320/6568/3935
f 6319/6569/1711 6320/6568/3935 6323/6572/3935 6322/6573/1711
f 6320/6568/3935 6321/6571/3936 6324/6574/3937 6323/6572/3935
f 317/6575/226 2649/6576/1711 6316/6566/1711 2439/6577/226
f 2649/6576/1711 2650/6578/1712 6317/6567/3933 6316/6566/1711
f 2650/6578/1712 2651/6579/1713 6318/6570/3934 6317/6567/3933
f 2651/6579/1713 320/6580/227 2448/6581/1574 6318/6570/3934
f 6318/6570/3934 2448/6581/1574 2449/6582/1574 6321/6571/3936
f 6321/6571/3936 2449/6582/1574 2450/6583/1574 6324/6574/3937
f 6324/6574/3937 2450/6583/1574 289/6584/204 2510/6585/1608
f 6323/6572/3935 6324/6574/3937 2510/6585/1608 2509/6586/1607
f 6322/6573/1711 6323/6572/3935 2509/6586/1607 2508/6587/1606
f 2441/6588/226 6322/6573/1711 2508/6587/1606 286/4834/201
f 2440/6589/226 6319/6569/1711 6322/6573/1711 2441/6588/226
f 2439/6577/226 6316/6566/1711 6319/6569/1711 2440/6589/226
f 6325/6590/3938 6326/6591/3939 6329/6592/3942 6328/6593/3941
f 6326/6591/3939 6327/6594/3940 6330/6595/3943 6329/6592/3942
f 6328/6593/3941 6329/6592/3942 6332/6596/3945 6331/6597/3944
f 6329/6592/3942 6330/6595/3943 6333/6598/3946 6332/6596/3945
f 453/6599/329 3030/6600/2006 6325/6590/3938 3014/6601/1996
f 3030/6600/2006 3031/6602/2007 6326/6591/3939 6325/6590/3938
f 3031/6602/2007 3032/6603/2008 6327/6594/3940 6326/6591/3939
f 3032/6603/2008 449/6604/326 3002/6605/1990 6327/6594/3940
f 6327/6594/3940 3002/6605/1990 3001/4969/1989 6330/6595/3943
f 6330/6595/3943 3001/4969/1989 3000/6606/1988 6333/6598/3946
f 6333/6598/3946 3000/6606/1988 289/5008/204 2450/6607/1574
f 6332/6596/3945 6333/6598/3946 2450/6607/1574 2449/6582/1574
f 6331/6597/3944 6332/6596/3945 2449/6582/1574 2448/6581/1574
f 3012/6608/1994 6331/6597/3944 2448/6581/1574 320/6609/227
f 3013/6610/1995 6328/6593/3941 6331/6597/3944 3012/6608/1994
f 3014/6601/1996 6325/6590/3938 6328/6593/3941 3013/6610/1995
f 6343/6636/1704 6344/6637/1705 6347/6638/1705 6346/6639/1704
f 6344/6637/1705 6345/6640/1706 6348/6641/1706 6347/6638/1705
f 6346/6639/1704 6347/6638/1705 6350/6642/1705 6349/6643/1704
f 6347/6638/1705 6348/6641/1706 6351/6644/1706 6350/6642/1705
f 465/6645/336 2640/6646/1704 6343/6636/1704 3206/6647/336
f 2640/6646/1704 2641/6648/1705 6344/6637/1705 6343/6636/1704
f 2641/6648/1705 2642/6649/1706 6345/6640/1706 6344/6637/1705
f 2642/6649/1706 317/6575/226 2439/6577/226 6345/6640/1706
f 6345/6640/1706 2439/6577/226 2440/6589/226 6348/6641/1706
f 6348/6641/1706 2440/6589/226 2441/6588/226 6351/6644/1706
f 6351/6644/1706 2441/6588/226 286/4834/201 2519/4833/1617
f 6350/6642/1705 6351/6644/1706 2519/4833/1617 2518/4832/1616
f 6349/6643/1704 6350/6642/1705 2518/4832/1616 2517/4830/1615
f 3204/6650/336 6349/6643/1704 2517/4830/1615 464/4829/335
f 3205/6651/336 6346/6639/1704 6349/6643/1704 3204/6650/336
f 3206/6647/336 6343/6636/1704 6346/6639/1704 3205/6651/336
f 6352/6652/3947 6353/6653/3948 6356/6654/3951 6355/6655/3950
f 6353/6653/3948 6354/6656/3949 6357/6657/3952 6356/6654/3951
f 6355/6655/3950 6356/6654/3951 6359/6658/3954 6358/6659/3953
f 6356/6654/3951 6357/6657/3952 6360/6660/3955 6359/6658/3954
f 402/6661/282 1596/6662/1154 6352/6652/3947 2909/6663/1921
f 1596/6662/1154 1597/6664/1155 6353/6653/3948 6352/6652/3947
f 1597/6664/1155 1598/6665/1156 6354/6656/3949 6353/6653/3948
f 1598/6665/1156 396/6526/278 2897/6666/1909 6354/6656/3949
f 6354/6656/3949 2897/6666/1909 2896/6667/1908 6357/6657/3952
f 6357/6657/3952 2896/6667/1908 2895/6668/1907 6360/6660/3955
f 6360/6660/3955 2895/6668/1907 305/6669/215 2531/6670/1626
f 6359/6658/3954 6360/6660/3955 2531/6670/1626 2530/6671/1625
f 6358/6659/3953 6359/6658/3954 2530/6671/1625 2529/6672/1624
f 2907/6673/1919 6358/6659/3953 2529/6672/1624 337/6674/233
f 2908/6675/1920 6355/6655/3950 6358/6659/3953 2907/6673/1919
f 2909/6663/1921 6352/6652/3947 6355/6655/3950 2908/6675/1920
f 6361/6676/3956 6362/6677/3957 6365/6678/3960 6364/6679/3959
f 6362/6677/3957 6363/6680/3958 6366/6681/3961 6365/6678/3960
f 6364/6679/3959 6365/6678/3960 6368/6682/3963 6367/6683/3962
f 6365/6678/3960 6366/6681/3961 6369/6684/3964 6368/6682/3963
f 337/6674/233 2529/6672/1624 6361/6676/3956 2693/6685/1731
f 2529/6672/1624 2530/6671/1625 6362/6677/3957 6361/6676/3956
f 2530/6671/1625 2531/6670/1626 6363/6680/3958 6362/6677/3957
f 2531/6670/1626 305/6669/215 2543/6686/1638 6363/6680/3958
f 6363/6680/3958 2543/6686/1638 2542/6687/1637 6366/6681/3961
f 6366/6681/3961 2542/6687/1637 2541/6688/1636 6369/6684/3964
f 6369/6684/3964 2541/6688/1636 306/6689/216 2534/6690/1629
f 6368/6682/3963 6369/6684/3964 2534/6690/1629 2533/6691/1628
f 6367/6683/3962 6368/6682/3963 2533/6691/1628 2532/6692/1627
f 2691/6693/1729 6367/6683/3962 2532/6692/1627 338/6694/234
f 2692/6695/1730 6364/6679/3959 6367/6683/3962 2691/6693/1729
f 2693/6685/1731 6361/6676/3956 6364/6679/3959 2692/6695/1730
f 6370/6696/3965 6371/6697/3966 6374/6698/3969 6373/6699/3968
f 6371/6697/3966 6372/6700/3967 6375/6701/3970 6374/6698/3969
f 6373/6699/3968 6374/6698/3969 6377/6702/3972 6376/6703/3971
f 6374/6698/3969 6375/6701/3970 6378/6704/3973 6377/6702/3972
f 338/6705/234 2532/6706/1627 6370/6696/3965 2690/6707/1728
f 2532/6706/1627 2533/6708/1628 6371/6697/3966 6370/6696/3965
f 2533/6708/1628 2534/6709/1629 6372/6700/3967 6371/6697/3966
f 2534/6709/1629 306/6550/216 2546/6552/1641 6372/6700/3967
f 6372/6700/3967 2546/6552/1641 2545/6565/1640 6375/6701/3970
f 6375/6701/3970 2545/6565/1640 2544/6563/1639 6378/6704/3973
f 6378/6704/3973 2544/6563/1639 307/6564/217 2537/6710/1632
f 6377/6702/3972 6378/6704/3973 2537/6710/1632 2536/6711/1631
f 6376/6703/3971 6377/6702/3972 2536/6711/1631 2535/6712/1630
f 2688/6713/1726 6376/6703/3971 2535/6712/1630 339/6714/235
f 2689/6715/1727 6373/6699/3968 6376/6703/3971 2688/6713/1726
f 2690/6707/1728 6370/6696/3965 6373/6699/3968 2689/6715/1727
f 6379/6716/1701 6380/6717/1702 6383/6718/1702 6382/6719/1701
f 6380/6717/1702 6381/6720/3876 6384/6721/3876 6383/6718/1702
f 6382/6719/1701 6383/6718/1702 6386/6722/1702 6385/6723/1701
f 6383/6718/1702 6384/6721/3876 6387/6724/1703 6386/6722/1702
f 322/6725/218 2637/6726/1701 6379/6716/1701 2594/6727/218
f 2637/6726/1701 2638/6728/1702 6380/6717/1702 6379/6716/1701
f 2638/6728/1702 2639/6729/1703 6381/6720/3876 6380/6717/1702
f 2639/6729/1703 319/6730/203 3125/6731/203 6381/6720/3876
f 6381/6720/3876 3125/6731/203 3124/6732/203 6384/6721/3876
f 6384/6721/3876 3124/6732/203 3123/6733/203 6387/6724/1703
f 6387/6724/1703 3123/6733/203 336/6322/203 3110/6321/1703
f 6386/6722/1702 6387/6724/1703 3110/6321/1703 3109/6320/1702
f 6385/6723/1701 6386/6722/1702 3109/6320/1702 3108/6319/1701
f 2592/6734/218 6385/6723/1701 3108/6319/1701 308/6100/218
f 2593/6735/1584 6382/6719/1701 6385/6723/1701 2592/6734/218
f 2594/6727/218 6379/6716/1701 6382/6719/1701 2593/6735/1584
f 6388/6736/1592 6389/6737/1566 6392/6738/1566 6391/6739/1592
f 6389/6737/1566 6390/6740/1567 6393/6741/1567 6392/6738/1566
f 6391/6739/1592 6392/6738/1566 6395/6742/1566 6394/6743/1592
f 6392/6738/1566 6393/6741/1567 6396/6744/1567 6395/6742/1566
f 316/6745/200 2634/6746/1592 6388/6736/1592 2585/6747/200
f 2634/6746/1592 2635/6748/1566 6389/6737/1566 6388/6736/1592
f 2635/6748/1566 2636/6749/1567 6390/6740/1567 6389/6737/1566
f 2636/6749/1567 318/6750/202 3122/6751/202 6390/6740/1567
f 6390/6740/1567 3122/6751/202 3121/6752/202 6393/6741/1567
f 6393/6741/1567 3121/6752/202 3120/6753/202 6396/6744/1567
f 6396/6744/1567 3120/6753/202 335/6077/202 3113/6307/1567
f 6395/6742/1566 6396/6744/1567 3113/6307/1567 3112/6306/1566
f 6394/6743/1592 6395/6742/1566 3112/6306/1566 3111/6304/1592
f 2583/6754/200 6394/6743/1592 3111/6304/1592 303/6303/200
f 2584/6755/200 6391/6739/1592 6394/6743/1592 2583/6754/200
f 2585/6747/200 6388/6736/1592 6391/6739/1592 2584/6755/200
f 6397/6756/1320 6398/6757/1320 6401/6758/1320 6400/6759/1320
f 6398/6757/1320 6399/6760/1320 6402/6761/1320 6401/6758/1320
f 6400/6759/1320 6401/6758/1320 6404/6762/1320 6403/6763/1320
f 6401/6758/1320 6402/6761/1320 6405/6764/1320 6404/6762/1320
f 323/6765/219 2631/6766/1320 6397/6756/1320 2597/6767/219
f 2631/6766/1320 2632/6768/1320 6398/6757/1320 6397/6756/1320
f 2632/6768/1320 2633/6769/1320 6399/6760/1320 6398/6757/1320
f 2633/6769/1320 322/6725/218 2594/6727/218 6399/6760/1320
f 6399/6760/1320 2594/6727/218 2593/6735/1584 6402/6761/1320
f 6402/6761/1320 2593/6735/1584 2592/6734/218 6405/6764/1320
f 6405/6764/1320 2592/6734/218 308/6100/218 2549/6099/1320
f 6404/6762/1320 6405/6764/1320 2549/6099/1320 2548/6098/1320
f 6403/6763/1320 6404/6762/1320 2548/6098/1320 2547/6097/1320
f 2595/6770/219 6403/6763/1320 2547/6097/1320 309/6082/219
f 2596/6771/219 6400/6759/1320 6403/6763/1320 2595/6770/219
f 2597/6767/219 6397/6756/1320 6400/6759/1320 2596/6771/219
f 6406/6772/1594 6407/6773/3821 6410/6774/3821 6409/6775/1594
f 6407/6773/3821 6408/6776/1700 6411/6777/1700 6410/6774/3821
f 6409/6775/1594 6410/6774/3821 6413/6778/1699 6412/6779/1594
f 6410/6774/3821 6411/6777/1700 6414/6780/1700 6413/6778/1699
f 318/6750/202 2628/6781/1594 6406/6772/1594 3122/6751/202
f 2628/6781/1594 2629/6782/1699 6407/6773/3821 6406/6772/1594
f 2629/6782/1699 2630/6783/1700 6408/6776/1700 6407/6773/3821
f 2630/6783/1700 323/6765/219 2597/6767/219 6408/6776/1700
f 6408/6776/1700 2597/6767/219 2596/6771/219 6411/6777/1700
f 6411/6777/1700 2596/6771/219 2595/6770/219 6414/6780/1700
f 6414/6780/1700 2595/6770/219 309/6082/219 3116/6081/1700
f 6413/6778/1699 6414/6780/1700 3116/6081/1700 3115/6080/1699
f 6412/6779/1594 6413/6778/1699 3115/6080/1699 3114/6078/1594
f 3120/6753/202 6412/6779/1594 3114/6078/1594 335/6077/202
f 3121/6752/202 6409/6775/1594 6412/6779/1594 3120/6753/202
f 3122/6751/202 6406/6772/1594 6409/6775/1594 3121/6752/202
f 6415/6784/3974 6416/6785/3975 6419/6786/3978 6418/6787/3977
f 6416/6785/3975 6417/6788/3976 6420/6789/3979 6419/6786/3978
f 6418/6787/3977 6419/6786/3978 6422/6790/3981 6421/6791/3980
f 6419/6786/3978 6420/6789/3979 6423/6792/3982 6422/6790/3981
f 329/6793/231 2553/6794/1645 6415/6784/3974 2627/6795/1698
f 2553/6794/1645 2554/6796/1646 6416/6785/3975 6415/6784/3974
f 2554/6796/1646 2555/6797/1647 6417/6788/3976 6416/6785/3975
f 2555/6797/1647 311/6798/221 2561/6799/1653 6417/6788/3976
f 6417/6788/3976 2561/6799/1653 2560/6800/1652 6420/6789/3979
f 6420/6789/3979 2560/6800/1652 2559/6801/1651 6423/6792/3982
f 6423/6792/3982 2559/6801/1651 312/6802/222 2558/6803/1650
f 6422/6790/3981 6423/6792/3982 2558/6803/1650 2557/6804/1649
f 6421/6791/3980 6422/6790/3981 2557/6804/1649 2556/6805/1648
f 2625/6806/1696 6421/6791/3980 2556/6805/1648 330/6807/232
f 2626/6808/1697 6418/6787/3977 6421/6791/3980 2625/6806/1696
f 2627/6795/1698 6415/6784/3974 6418/6787/3977 2626/6808/1697
f 6424/6809/3983 6425/6810/3984 6428/6811/3987 6427/6812/3986
f 6425/6810/3984 6426/6813/3985 6429/6814/3988 6428/6811/3987
f 6427/6812/3986 6428/6811/3987 6431/6815/3990 6430/6816/3989
f 6428/6811/3987 6429/6814/3988 6432/6817/3991 6431/6815/3990
f 328/6818/230 2550/6819/1642 6424/6809/3983 2624/6820/1695
f 2550/6819/1642 2551/6821/1643 6425/6810/3984 6424/6809/3983
f 2551/6821/1643 2552/6822/1644 6426/6813/3985 6425/6810/3984
f 2552/6822/1644 310/6823/220 2564/6824/1656 6426/6813/3985
f 6426/6813/3985 2564/6824/1656 2563/6825/1655 6429/6814/3988
f 6429/6814/3988 2563/6825/1655 2562/6826/1654 6432/6817/3991
f 6432/6817/3991 2562/6826/1654 311/6827/221 2555/6828/1647
f 6431/6815/3990 6432/6817/3991 2555/6828/1647 2554/6796/1646
f 6430/6816/3989 6431/6815/3990 2554/6796/1646 2553/6829/1645
f 2622/6830/1693 6430/6816/3989 2553/6829/1645 329/6831/231
f 2623/6832/1694 6427/6812/3986 6430/6816/3989 2622/6830/1693
f 2624/6820/1695 6424/6809/3983 6427/6812/3986 2623/6832/1694
f 6433/6833/3992 6434/6834/3993 6437/6835/3996 6436/6836/3995
f 6434/6834/3993 6435/6837/3994 6438/6838/3997 6437/6835/3996
f 6436/6836/3995 6437/6835/3996 6440/6839/3999 6439/6840/3998
f 6437/6835/3996 6438/6838/3997 6441/6841/4000 6440/6839/3999
f 399/6842/281 1593/6843/1151 6433/6833/3992 2906/6844/1918
f 1593/6843/1151 1594/6845/1152 6434/6834/3993 6433/6833/3992
f 1594/6845/1152 1595/6846/1153 6435/6837/3994 6434/6834/3993
f 1595/6846/1153 397/6847/279 2900/6848/1912 6435/6837/3994
f 6435/6837/3994 2900/6848/1912 2899/6849/1911 6438/6838/3997
f 6438/6838/3997 2899/6849/1911 2898/6850/1910 6441/6841/4000
f 6441/6841/4000 2898/6850/1910 310/6823/220 2552/6822/1644
f 6440/6839/3999 6441/6841/4000 2552/6822/1644 2551/6821/1643
f 6439/6840/3998 6440/6839/3999 2551/6821/1643 2550/6819/1642
f 2904/6851/1916 6439/6840/3998 2550/6819/1642 328/6818/230
f 2905/6852/1917 6436/6836/3995 6439/6840/3998 2904/6851/1916
f 2906/6844/1918 6433/6833/3992 6436/6836/3995 2905/6852/1917
f 6442/6853/4001 6443/6854/4002 6446/6855/4005 6445/6856/4004
f 6443/6854/4002 6444/6857/4003 6447/6858/4006 6446/6855/4005
f 6445/6856/4004 6446/6855/4005 6449/6859/4008 6448/6860/4007
f 6446/6855/4005 6447/6858/4006 6450/6861/4009 6449/6859/4008
f 292/5105/207 2582/6862/1674 6442/6853/4001 2502/6863/1600
f 2582/6862/1674 2581/6864/1673 6443/6854/4002 6442/6853/4001
f 2581/6864/1673 2580/6865/1672 6444/6857/4003 6443/6854/4002
f 2580/6865/1672 312/6802/222 2559/6866/1651 6444/6857/4003
f 6444/6857/4003 2559/6866/1651 2560/6867/1652 6447/6858/4006
f 6447/6858/4006 2560/6867/1652 2561/6799/1653 6450/6861/4009
f 6450/6861/4009 2561/6799/1653 311/6868/221 2579/6869/1671
f 6449/6859/4008 6450/6861/4009 2579/6869/1671 2578/6870/1670
f 6448/6860/4007 6449/6859/4008 2578/6870/1670 2577/6871/1669
f 2504/6872/1602 6448/6860/4007 2577/6871/1669 291/5082/206
f 2503/6873/1601 6445/6856/4004 6448/6860/4007 2504/6872/1602
f 2502/6863/1600 6442/6853/4001 6445/6856/4004 2503/6873/1601
f 6451/6874/4010 6452/6875/4011 6455/6876/4014 6454/6877/4013
f 6452/6875/4011 6453/6878/4012 6456/6879/4015 6455/6876/4014
f 6454/6877/4013 6455/6876/4014 6458/6880/4017 6457/6881/4016
f 6455/6876/4014 6456/6879/4015 6459/6882/4018 6458/6880/4017
f 321/6883/228 2619/6884/1690 6451/6874/4010 2457/6885/1581
f 2619/6884/1690 2620/6886/1691 6452/6875/4011 6451/6874/4010
f 2620/6886/1691 2621/6887/1692 6453/6878/4012 6452/6875/4011
f 2621/6887/1692 330/6888/232 2556/6805/1648 6453/6878/4012
f 6453/6878/4012 2556/6805/1648 2557/6889/1649 6456/6879/4015
f 6456/6879/4015 2557/6889/1649 2558/6890/1650 6459/6882/4018
f 6459/6882/4018 2558/6890/1650 312/6802/222 2580/6865/1672
f 6458/6880/4017 6459/6882/4018 2580/6865/1672 2581/6864/1673
f 6457/6881/4016 6458/6880/4017 2581/6864/1673 2582/6862/1674
f 2459/6891/1583 6457/6881/4016 2582/6862/1674 292/5105/207
f 2458/6892/1582 6454/6877/4013 6457/6881/4016 2459/6891/1583
f 2457/6885/1581 6451/6874/4010 6454/6877/4013 2458/6892/1582
f 6460/6893/4019 6461/6894/4020 6464/6895/4023 6463/6896/4022
f 6461/6894/4020 6462/6897/4021 6465/6898/4024 6464/6895/4023
f 6463/6896/4022 6464/6895/4023 6467/6899/4026 6466/6900/4025
f 6464/6895/4023 6465/6898/4024 6468/6901/4027 6467/6899/4026
f 305/6669/215 2574/6902/1666 6460/6893/4019 2543/6686/1638
f 2574/6902/1666 2575/6903/1667 6461/6894/4020 6460/6893/4019
f 2575/6903/1667 2576/6535/1668 6462/6897/4021 6461/6894/4020
f 2576/6535/1668 313/6904/223 2567/6905/1659 6462/6897/4021
f 6462/6897/4021 2567/6905/1659 2566/6906/1658 6465/6898/4024
f 6465/6898/4024 2566/6906/1658 2565/6907/1657 6468/6901/4027
f 6468/6901/4027 2565/6907/1657 314/6908/224 2451/6909/1575
f 6467/6899/4026 6468/6901/4027 2451/6909/1575 2452/6910/1576
f 6466/6900/4025 6467/6899/4026 2452/6910/1576 2453/6911/1577
f 2541/6688/1636 6466/6900/4025 2453/6911/1577 306/6689/216
f 2542/6687/1637 6463/6896/4022 6466/6900/4025 2541/6688/1636
f 2543/6686/1638 6460/6893/4019 6463/6896/4022 2542/6687/1637
f 6469/6912/4028 6470/6913/4029 6473/6914/4032 6472/6915/4031
f 6470/6913/4029 6471/6916/4030 6474/6917/4033 6473/6914/4032
f 6472/6915/4031 6473/6914/4032 6476/6918/4035 6475/6919/4034
f 6473/6914/4032 6474/6917/4033 6477/6920/4036 6476/6918/4035
f 291/6921/206 2577/6922/1669 6469/6912/4028 2505/6923/1603
f 2577/6922/1669 2578/6870/1670 6470/6913/4029 6469/6912/4028
f 2578/6870/1670 2579/6924/1671 6471/6916/4030 6470/6913/4029
f 2579/6924/1671 311/6925/221 2562/6926/1654 6471/6916/4030
f 6471/6916/4030 2562/6926/1654 2563/6927/1655 6474/6917/4033
f 6474/6917/4033 2563/6927/1655 2564/6928/1656 6477/6920/4036
f 6477/6920/4036 2564/6928/1656 310/6929/220 2571/6930/1663
f 6476/6918/4035 6477/6920/4036 2571/6930/1663 2572/6931/1664
f 6475/6919/4034 6476/6918/4035 2572/6931/1664 2573/6932/1665
f 2507/5073/1605 6475/6919/4034 2573/6932/1665 290/6933/205
f 2506/6934/1604 6472/6915/4031 6475/6919/4034 2507/5073/1605
f 2505/6923/1603 6469/6912/4028 6472/6915/4031 2506/6934/1604
f 6478/6935/4037 6479/6936/4038 6482/6937/4041 6481/6938/4040
f 6479/6936/4038 6480/6939/4039 6483/6940/4042 6482/6937/4041
f 6481/6938/4040 6482/6937/4041 6485/6941/4044 6484/6942/4043
f 6482/6937/4041 6483/6940/4042 6486/6943/4045 6485/6941/4044
f 307/6564/217 2454/6562/1578 6478/6935/4037 2589/6944/1678
f 2454/6562/1578 2455/6561/1579 6479/6936/4038 6478/6935/4037
f 2455/6561/1579 2456/6560/1580 6480/6939/4039 6479/6936/4038
f 2456/6560/1580 315/6559/225 2616/6945/1687 6480/6939/4039
f 6480/6939/4039 2616/6945/1687 2617/6946/1688 6483/6940/4042
f 6483/6940/4042 2617/6946/1688 2618/6947/1689 6486/6943/4045
f 6486/6943/4045 2618/6947/1689 330/6888/232 2621/6887/1692
f 6485/6941/4044 6486/6943/4045 2621/6887/1692 2620/6886/1691
f 6484/6942/4043 6485/6941/4044 2620/6886/1691 2619/6884/1690
f 2591/6948/1680 6484/6942/4043 2619/6884/1690 321/6883/228
f 2590/6949/1679 6481/6938/4040 6484/6942/4043 2591/6948/1680
f 2589/6944/1678 6478/6935/4037 6481/6938/4040 2590/6949/1679
f 6487/6950/4046 6488/6951/4047 6491/6952/4050 6490/6953/4049
f 6488/6951/4047 6489/6954/4048 6492/6955/4051 6491/6952/4050
f 6490/6953/4049 6491/6952/4050 6494/6956/4053 6493/6957/4052
f 6491/6952/4050 6492/6955/4051 6495/6958/4054 6494/6956/4053
f 398/1805/280 1590/2540/1148 6487/6950/4046 2903/6531/1915
f 1590/2540/1148 1591/6959/1149 6488/6951/4047 6487/6950/4046
f 1591/6959/1149 1592/6960/1150 6489/6954/4048 6488/6951/4047
f 1592/6960/1150 399/2548/281 2906/6961/1918 6489/6954/4048
f 6489/6954/4048 2906/6961/1918 2905/6852/1917 6492/6955/4051
f 6492/6955/4051 2905/6852/1917 2904/6851/1916 6495/6958/4054
f 6495/6958/4054 2904/6851/1916 328/6962/230 2612/6963/1683
f 6494/6956/4053 6495/6958/4054 2612/6963/1683 2611/6964/1682
f 6493/6957/4052 6494/6956/4053 2611/6964/1682 2610/6965/1681
f 2901/6533/1913 6493/6957/4052 2610/6965/1681 313/6534/223
f 2902/6532/1914 6490/6953/4049 6493/6957/4052 2901/6533/1913
f 2903/6531/1915 6487/6950/4046 6490/6953/4049 2902/6532/1914
f 6496/6966/4055 6497/6967/4056 6500/6968/4059 6499/6969/4058
f 6497/6967/4056 6498/6970/4057 6501/6971/4060 6500/6968/4059
f 6499/6969/4058 6500/6968/4059 6503/6972/4062 6502/6973/4061
f 6500/6968/4059 6501/6971/4060 6504/6974/4063 6503/6972/4062
f 313/6904/223 2610/6975/1681 6496/6966/4055 2567/6905/1659
f 2610/6975/1681 2611/6976/1682 6497/6967/4056 6496/6966/4055
f 2611/6976/1682 2612/6977/1683 6498/6970/4057 6497/6967/4056
f 2612/6977/1683 328/6818/230 2624/6820/1695 6498/6970/4057
f 6498/6970/4057 2624/6820/1695 2623/6832/1694 6501/6971/4060
f 6501/6971/4060 2623/6832/1694 2622/6830/1693 6504/6974/4063
f 6504/6974/4063 2622/6830/1693 329/6831/231 2615/6978/1686
f 6503/6972/4062 6504/6974/4063 2615/6978/1686 2614/6979/1685
f 6502/6973/4061 6503/6972/4062 2614/6979/1685 2613/6980/1684
f 2565/6907/1657 6502/6973/4061 2613/6980/1684 314/6908/224
f 2566/6906/1658 6499/6969/4058 6502/6973/4061 2565/6907/1657
f 2567/6905/1659 6496/6966/4055 6499/6969/4058 2566/6906/1658
f 6505/6981/4064 6506/6982/4065 6509/6983/4068 6508/6984/4067
f 6506/6982/4065 6507/6985/4066 6510/6986/4069 6509/6983/4068
f 6508/6984/4067 6509/6983/4068 6512/6987/4071 6511/6988/4070
f 6509/6983/4068 6510/6986/4069 6513/6989/4072 6512/6987/4071
f 314/6555/224 2613/6990/1684 6505/6981/4064 2570/6556/1662
f 2613/6990/1684 2614/6991/1685 6506/6982/4065 6505/6981/4064
f 2614/6991/1685 2615/6992/1686 6507/6985/4066 6506/6982/4065
f 2615/6992/1686 329/6793/231 2627/6795/1698 6507/6985/4066
f 6507/6985/4066 2627/6795/1698 2626/6808/1697 6510/6986/4069
f 6510/6986/4069 2626/6808/1697 2625/6806/1696 6513/6989/4072
f 6513/6989/4072 2625/6806/1696 330/6807/232 2618/6993/1689
f 6512/6987/4071 6513/6989/4072 2618/6993/1689 2617/6994/1688
f 6511/6988/4070 6512/6987/4071 2617/6994/1688 2616/6995/1687
f 2568/6558/1660 6511/6988/4070 2616/6995/1687 315/6559/225
f 2569/6557/1661 6508/6984/4067 6511/6988/4070 2568/6558/1660
f 2570/6556/1662 6505/6981/4064 6508/6984/4067 2569/6557/1661
f 6514/6996/1594 6515/6997/1699 6518/6998/1699 6517/6999/1594
f 6515/6997/1699 6516/7000/1700 6519/7001/1700 6518/6998/1699
f 6517/6999/1594 6518/6998/1699 6521/7002/1699 6520/7003/1594
f 6518/6998/1699 6519/7001/1700 6522/7004/1700 6521/7002/1699
f 287/6395/202 2487/6444/1594 6514/6996/1594 2444/7005/202
f 2487/6444/1594 2488/6443/1595 6515/6997/1699 6514/6996/1594
f 2488/6443/1595 2489/6442/1596 6516/7000/1700 6515/6997/1699
f 2489/6442/1596 294/6441/209 2465/7006/1585 6516/7000/1700
f 6516/7000/1700 2465/7006/1585 2464/7007/1585 6519/7001/1700
f 6519/7001/1700 2464/7007/1585 2463/7008/1585 6522/7004/1700
f 6522/7004/1700 2463/7008/1585 323/7009/219 2630/7010/1700
f 6521/7002/1699 6522/7004/1700 2630/7010/1700 2629/7011/1699
f 6520/7003/1594 6521/7002/1699 2629/7011/1699 2628/6781/1594
f 2442/7012/202 6520/7003/1594 2628/6781/1594 318/6750/202
f 2443/7013/202 6517/6999/1594 6520/7003/1594 2442/7012/202
f 2444/7005/202 6514/6996/1594 6517/6999/1594 2443/7013/202
f 6523/7014/1320 6524/7015/1320 6527/7016/1320 6526/7017/1320
f 6524/7015/1320 6525/7018/1320 6528/7019/1320 6527/7016/1320
f 6526/7017/1320 6527/7016/1320 6530/7020/1320 6529/7021/1320
f 6527/7016/1320 6528/7019/1320 6531/7022/1320 6530/7020/1320
f 294/6423/209 2484/6421/1593 6523/7014/1320 2465/7023/1585
f 2484/6421/1593 2485/6420/1593 6524/7015/1320 6523/7014/1320
f 2485/6420/1593 2486/6419/1593 6525/7018/1320 6524/7015/1320
f 2486/6419/1593 293/6377/208 2462/7024/218 6525/7018/1320
f 6525/7018/1320 2462/7024/218 2461/7025/1584 6528/7019/1320
f 6528/7019/1320 2461/7025/1584 2460/7026/218 6531/7022/1320
f 6531/7022/1320 2460/7026/218 322/6725/218 2633/6769/1320
f 6530/7020/1320 6531/7022/1320 2633/6769/1320 2632/6768/1320
f 6529/7021/1320 6530/7020/1320 2632/6768/1320 2631/6766/1320
f 2463/7027/1585 6529/7021/1320 2631/6766/1320 323/6765/219
f 2464/7028/1585 6526/7017/1320 6529/7021/1320 2463/7027/1585
f 2465/7023/1585 6523/7014/1320 6526/7017/1320 2464/7028/1585
f 6532/7029/1592 6533/7030/1566 6536/7031/1566 6535/7032/1592
f 6533/7030/1566 6534/7033/1567 6537/7034/1567 6536/7031/1566
f 6535/7032/1592 6536/7031/1566 6539/7035/1566 6538/7036/1592
f 6536/7031/1566 6537/7034/1567 6540/7037/1567 6539/7035/1566
f 285/6399/200 2481/6398/1592 6532/7029/1592 2438/7038/200
f 2481/6398/1592 2482/6397/1566 6533/7030/1566 6532/7029/1592
f 2482/6397/1566 2483/6396/1567 6534/7033/1567 6533/7030/1566
f 2483/6396/1567 287/6395/202 2444/7005/202 6534/7033/1567
f 6534/7033/1567 2444/7005/202 2443/7013/202 6537/7034/1567
f 6537/7034/1567 2443/7013/202 2442/7012/202 6540/7037/1567
f 6540/7037/1567 2442/7012/202 318/6750/202 2636/7039/1567
f 6539/7035/1566 6540/7037/1567 2636/7039/1567 2635/6748/1566
f 6538/7036/1592 6539/7035/1566 2635/6748/1566 2634/7040/1592
f 2436/7041/200 6538/7036/1592 2634/7040/1592 316/7042/200
f 2437/6466/200 6535/7032/1592 6538/7036/1592 2436/7041/200
f 2438/7038/200 6532/7029/1592 6535/7032/1592 2437/6466/200
f 6541/7043/1701 6542/7044/1702 6545/7045/1702 6544/7046/1701
f 6542/7044/1702 6543/7047/3876 6546/7048/3876 6545/7045/1702
f 6544/7046/1701 6545/7045/1702 6548/7049/1702 6547/7050/1701
f 6545/7045/1702 6546/7048/3876 6549/7051/1703 6548/7049/1702
f 293/6377/208 2478/7052/1589 6541/7043/1701 2462/7024/218
f 2478/7052/1589 2479/6374/1590 6542/7044/1702 6541/7043/1701
f 2479/6374/1590 2480/7053/1591 6543/7047/3876 6542/7044/1702
f 2480/7053/1591 288/7054/203 2447/7055/203 6543/7047/3876
f 6543/7047/3876 2447/7055/203 2446/7056/203 6546/7048/3876
f 6546/7048/3876 2446/7056/203 2445/7057/203 6549/7051/1703
f 6549/7051/1703 2445/7057/203 319/6730/203 2639/6729/1703
f 6548/7049/1702 6549/7051/1703 2639/6729/1703 2638/6728/1702
f 6547/7050/1701 6548/7049/1702 2638/6728/1702 2637/6726/1701
f 2460/7026/218 6547/7050/1701 2637/6726/1701 322/6725/218
f 2461/7025/1584 6544/7046/1701 6547/7050/1701 2460/7026/218
f 2462/7024/218 6541/7043/1701 6544/7046/1701 2461/7025/1584
f 6550/7058/1704 6551/7059/1705 6554/7060/1705 6553/7061/1704
f 6551/7059/1705 6552/7062/1706 6555/7063/1706 6554/7060/1705
f 6553/7061/1704 6554/7060/1705 6557/7064/1705 6556/7065/1704
f 6554/7060/1705 6555/7063/1706 6558/7066/1706 6557/7064/1705
f 466/7067/336 2697/7068/1704 6550/7058/1704 3203/7069/336
f 2697/7068/1704 2698/7070/1705 6551/7059/1705 6550/7058/1704
f 2698/7070/1705 2699/7071/1706 6552/7062/1706 6551/7059/1705
f 2699/7071/1706 334/7072/226 3117/7073/226 6552/7062/1706
f 6552/7062/1706 3117/7073/226 3118/7074/226 6555/7063/1706
f 6555/7063/1706 3118/7074/226 3119/7075/226 6558/7066/1706
f 6558/7066/1706 3119/7075/226 317/6575/226 2642/6649/1706
f 6557/7064/1705 6558/7066/1706 2642/6649/1706 2641/6648/1705
f 6556/7065/1704 6557/7064/1705 2641/6648/1705 2640/6646/1704
f 3201/7076/336 6556/7065/1704 2640/6646/1704 465/6645/336
f 3202/7077/336 6553/7061/1704 6556/7065/1704 3201/7076/336
f 3203/7069/336 6550/7058/1704 6553/7061/1704 3202/7077/336
f 6568/7098/4073 6569/7099/4074 6572/7100/4077 6571/7101/4076
f 6569/7099/4074 6570/7102/4075 6573/7103/4078 6572/7100/4077
f 6571/7101/4076 6572/7100/4077 6575/7104/4080 6574/7105/4079
f 6572/7100/4077 6573/7103/4078 6576/7106/4081 6575/7104/4080
f 451/7107/328 3018/7108/1997 6568/7098/4073 3008/7109/1993
f 3018/7108/1997 3019/7110/1998 6569/7099/4074 6568/7098/4073
f 3019/7110/1998 3020/7111/1999 6570/7102/4075 6569/7099/4074
f 3020/7111/1999 453/7112/329 3014/7113/1996 6570/7102/4075
f 6570/7102/4075 3014/7113/1996 3013/7114/1995 6573/7103/4078
f 6573/7103/4078 3013/7114/1995 3012/7115/1994 6576/7106/4081
f 6576/7106/4081 3012/7115/1994 320/7116/227 2588/7117/1677
f 6575/7104/4080 6576/7106/4081 2588/7117/1677 2587/7118/1676
f 6574/7105/4079 6575/7104/4080 2587/7118/1676 2586/7119/1675
f 3006/7120/1991 6574/7105/4079 2586/7119/1675 304/7121/214
f 3007/7122/1992 6571/7101/4076 6574/7105/4079 3006/7120/1991
f 3008/7109/1993 6568/7098/4073 6571/7101/4076 3007/7122/1992
f 6577/7123/1711 6578/7124/4082 6581/7125/3933 6580/7126/1711
f 6578/7124/4082 6579/7127/4083 6582/7128/4084 6581/7125/3933
f 6580/7126/1711 6581/7125/3933 6584/7129/1712 6583/7130/4085
f 6581/7125/3933 6582/7128/4084 6585/7131/4086 6584/7129/1712
f 334/7072/226 3099/7132/1711 6577/7123/1711 3117/7073/226
f 3099/7132/1711 3100/7133/2055 6578/7124/4082 6577/7123/1711
f 3100/7133/2055 3101/7134/2056 6579/7127/4083 6578/7124/4082
f 3101/7134/2056 304/7135/214 2586/7136/1675 6579/7127/4083
f 6579/7127/4083 2586/7136/1675 2587/7137/1676 6582/7128/4084
f 6582/7128/4084 2587/7137/1676 2588/7117/1677 6585/7131/4086
f 6585/7131/4086 2588/7117/1677 320/6580/227 2651/6579/1713
f 6584/7129/1712 6585/7131/4086 2651/6579/1713 2650/6578/1712
f 6583/7130/4085 6584/7129/1712 2650/6578/1712 2649/6576/1711
f 3119/7075/226 6583/7130/4085 2649/6576/1711 317/6575/226
f 3118/7074/226 6580/7126/1711 6583/7130/4085 3119/7075/226
f 3117/7073/226 6577/7123/1711 6580/7126/1711 3118/7074/226
f 6613/7190/1714 6614/7191/1715 6617/7192/1715 6616/7193/3914
f 6614/7191/1715 6615/7194/1716 6618/7195/1716 6617/7192/1715
f 6616/7193/3914 6617/7192/1715 6620/7196/1715 6619/7197/3914
f 6617/7192/1715 6618/7195/1716 6621/7198/1716 6620/7196/1715
f 303/7199/200 3105/7200/1714 6613/7190/1714 2583/7201/200
f 3105/7200/1714 3106/7202/1715 6614/7191/1715 6613/7190/1714
f 3106/7202/1715 3107/7203/1716 6615/7194/1716 6614/7191/1715
f 3107/7203/1716 333/7204/229 3098/7205/229 6615/7194/1716
f 6615/7194/1716 3098/7205/229 3097/7206/229 6618/7195/1716
f 6618/7195/1716 3097/7206/229 3096/7207/229 6621/7198/1716
f 6621/7198/1716 3096/7207/229 327/6461/229 2663/6460/1716
f 6620/7196/1715 6621/7198/1716 2663/6460/1716 2662/6459/1715
f 6619/7197/3914 6620/7196/1715 2662/6459/1715 2661/6457/1714
f 2585/7208/200 6619/7197/3914 2661/6457/1714 316/6456/200
f 2584/7209/200 6616/7193/3914 6619/7197/3914 2585/7208/200
f 2583/7201/200 6613/7190/1714 6616/7193/3914 2584/7209/200
f 6622/7210/1714 6623/7211/1715 6626/7212/1715 6625/7213/3914
f 6623/7211/1715 6624/7214/1716 6627/7215/1716 6626/7212/1715
f 6625/7213/3914 6626/7212/1715 6629/7216/1715 6628/7217/3914
f 6626/7212/1715 6627/7215/1716 6630/7218/1716 6629/7216/1715
f 271/6066/189 2394/6064/1543 6622/7210/1714 3126/7219/200
f 2394/6064/1543 2395/6063/1544 6623/7211/1715 6622/7210/1714
f 2395/6063/1544 2396/6062/1545 6624/7214/1716 6623/7211/1715
f 2396/6062/1545 284/6061/199 2393/7220/229 6624/7214/1716
f 6624/7214/1716 2393/7220/229 2392/7221/229 6627/7215/1716
f 6627/7215/1716 2392/7221/229 2391/7222/229 6630/7218/1716
f 6630/7218/1716 2391/7222/229 333/7204/229 3107/7203/1716
f 6629/7216/1715 6630/7218/1716 3107/7203/1716 3106/7202/1715
f 6628/7217/3914 6629/7216/1715 3106/7202/1715 3105/7200/1714
f 3128/7223/200 6628/7217/3914 3105/7200/1714 303/7199/200
f 3127/6309/200 6625/7213/3914 6628/7217/3914 3128/7223/200
f 3126/7219/200 6622/7210/1714 6625/7213/3914 3127/6309/200
f 6658/7263/4087 6659/7264/4088 6662/7265/4091 6661/7266/4090
f 6659/7264/4088 6660/7267/4089 6663/7268/4092 6662/7265/4091
f 6661/7266/4090 6662/7265/4091 6665/7269/4094 6664/7270/4093
f 6662/7265/4091 6663/7268/4092 6666/7271/4095 6665/7269/4094
f 277/6179/195 2676/7272/1720 6658/7263/4087 2414/7273/1552
f 2676/7272/1720 2677/7274/1721 6659/7264/4088 6658/7263/4087
f 2677/7274/1721 2678/7275/1722 6660/7267/4089 6659/7264/4088
f 2678/7275/1722 338/6705/234 2690/6707/1728 6660/7267/4089
f 6660/7267/4089 2690/6707/1728 2689/6715/1727 6663/7268/4092
f 6663/7268/4092 2689/6715/1727 2688/6713/1726 6666/7271/4095
f 6666/7271/4095 2688/6713/1726 339/6714/235 2681/7276/1725
f 6665/7269/4094 6666/7271/4095 2681/7276/1725 2680/7277/1724
f 6664/7270/4093 6665/7269/4094 2680/7277/1724 2679/7278/1723
f 2412/7279/1550 6664/7270/4093 2679/7278/1723 278/7280/196
f 2413/7281/1551 6661/7266/4090 6664/7270/4093 2412/7279/1550
f 2414/7273/1552 6658/7263/4087 6661/7266/4090 2413/7281/1551
f 6667/7282/4096 6668/7283/4097 6671/7284/4100 6670/7285/4099
f 6668/7283/4097 6669/7286/4098 6672/7287/4101 6671/7284/4100
f 6670/7285/4099 6671/7284/4100 6674/7288/4103 6673/7289/4102
f 6671/7284/4100 6672/7287/4101 6675/7290/4104 6674/7288/4103
f 276/6199/194 2673/7291/1717 6667/7282/4096 2417/7292/1555
f 2673/7291/1717 2674/7293/1718 6668/7283/4097 6667/7282/4096
f 2674/7293/1718 2675/7294/1719 6669/7286/4098 6668/7283/4097
f 2675/7294/1719 337/6674/233 2693/6685/1731 6669/7286/4098
f 6669/7286/4098 2693/6685/1731 2692/6695/1730 6672/7287/4101
f 6672/7287/4101 2692/6695/1730 2691/6693/1729 6675/7290/4104
f 6675/7290/4104 2691/6693/1729 338/6694/234 2678/7295/1722
f 6674/7288/4103 6675/7290/4104 2678/7295/1722 2677/7296/1721
f 6673/7289/4102 6674/7288/4103 2677/7296/1721 2676/7297/1720
f 2415/7298/1553 6673/7289/4102 2676/7297/1720 277/6179/195
f 2416/7299/1554 6670/7285/4099 6673/7289/4102 2415/7298/1553
f 2417/7292/1555 6667/7282/4096 6670/7285/4099 2416/7299/1554
f 6676/7300/4105 6677/7301/4106 6680/7302/4109 6679/7303/4108
f 6677/7301/4106 6678/7304/4107 6681/7305/4110 6680/7302/4109
f 6679/7303/4108 6680/7302/4109 6683/7306/4112 6682/7307/4111
f 6680/7302/4109 6681/7305/4110 6684/7308/4113 6683/7306/4112
f 385/7309/268 1584/7310/1146 6676/7300/4105 2885/7311/1897
f 1584/7310/1146 1585/7312/282 6677/7301/4106 6676/7300/4105
f 1585/7312/282 1586/7313/1147 6678/7304/4107 6677/7301/4106
f 1586/7313/1147 402/6661/282 2909/6663/1921 6678/7304/4107
f 6678/7304/4107 2909/6663/1921 2908/6675/1920 6681/7305/4110
f 6681/7305/4110 2908/6675/1920 2907/6673/1919 6684/7308/4113
f 6684/7308/4113 2907/6673/1919 337/6674/233 2675/7294/1719
f 6683/7306/4112 6684/7308/4113 2675/7294/1719 2674/7293/1718
f 6682/7307/4111 6683/7306/4112 2674/7293/1718 2673/7291/1717
f 2883/7314/1895 6682/7307/4111 2673/7291/1717 276/6199/194
f 2884/7315/1896 6679/7303/4108 6682/7307/4111 2883/7314/1895
f 2885/7311/1897 6676/7300/4105 6679/7303/4108 2884/7315/1896
f 6685/7316/4114 6686/7317/4115 6689/7318/4118 6688/7319/4117
f 6686/7317/4115 6687/7320/4116 6690/7321/4119 6689/7318/4118
f 6688/7319/4117 6689/7318/4118 6692/7322/4121 6691/7323/4120
f 6689/7318/4118 6690/7321/4119 6693/7324/4122 6692/7322/4121
f 272/6347/190 2418/7325/1556 6685/7316/4114 2664/7326/226
f 2418/7325/1556 2419/7327/1557 6686/7317/4115 6685/7316/4114
f 2419/7327/1557 2420/7328/1558 6687/7320/4116 6686/7317/4115
f 2420/7328/1558 275/6243/193 3129/7329/2057 6687/7320/4116
f 6687/7320/4116 3129/7329/2057 3130/7330/2058 6690/7321/4119
f 6690/7321/4119 3130/7330/2058 3131/7331/2059 6693/7324/4122
f 6693/7324/4122 3131/7331/2059 304/7135/214 3101/7134/2056
f 6692/7322/4121 6693/7324/4122 3101/7134/2056 3100/7133/2055
f 6691/7323/4120 6692/7322/4121 3100/7133/2055 3099/7132/1711
f 2666/7332/226 6691/7323/4120 3099/7132/1711 334/7072/226
f 2665/7333/226 6688/7319/4117 6691/7323/4120 2666/7332/226
f 2664/7326/226 6685/7316/4114 6688/7319/4117 2665/7333/226
f 6694/7334/4123 6695/7335/4124 6698/7336/4127 6697/7337/4126
f 6695/7335/4124 6696/7338/4125 6699/7339/4128 6698/7336/4127
f 6697/7337/4126 6698/7336/4127 6701/7340/4130 6700/7341/4129
f 6698/7336/4127 6699/7339/4128 6702/7342/4131 6701/7340/4130
f 447/6262/324 3021/7343/2000 6694/7334/4123 2996/6263/1987
f 3021/7343/2000 3022/7344/2001 6695/7335/4124 6694/7334/4123
f 3022/7344/2001 3023/7345/2002 6696/7338/4125 6695/7335/4124
f 3023/7345/2002 451/7107/328 3008/7109/1993 6696/7338/4125
f 6696/7338/4125 3008/7109/1993 3007/7122/1992 6699/7339/4128
f 6699/7339/4128 3007/7122/1992 3006/7120/1991 6702/7342/4131
f 6702/7342/4131 3006/7120/1991 304/7121/214 3131/7346/2059
f 6701/7340/4130 6702/7342/4131 3131/7346/2059 3130/7347/2058
f 6700/7341/4129 6701/7340/4130 3130/7347/2058 3129/7348/2057
f 2994/6265/1985 6700/7341/4129 3129/7348/2057 275/6243/193
f 2995/6264/1986 6697/7337/4126 6700/7341/4129 2994/6265/1985
f 2996/6263/1987 6694/7334/4123 6697/7337/4126 2995/6264/1986
f 6712/7369/1704 6713/7370/1705 6716/7371/1705 6715/7372/1704
f 6713/7370/1705 6714/7373/1706 6717/7374/1706 6716/7371/1705
f 6715/7372/1704 6716/7371/1705 6719/7375/1705 6718/7376/1704
f 6716/7371/1705 6717/7374/1706 6720/7377/1706 6719/7375/1705
f 463/6352/334 2433/6350/1571 6712/7369/1704 3200/7378/336
f 2433/6350/1571 2434/6349/1572 6713/7370/1705 6712/7369/1704
f 2434/6349/1572 2435/6348/1573 6714/7373/1706 6713/7370/1705
f 2435/6348/1573 272/6347/190 2664/7326/226 6714/7373/1706
f 6714/7373/1706 2664/7326/226 2665/7333/226 6717/7374/1706
f 6717/7374/1706 2665/7333/226 2666/7332/226 6720/7377/1706
f 6720/7377/1706 2666/7332/226 334/7072/226 2699/7071/1706
f 6719/7375/1705 6720/7377/1706 2699/7071/1706 2698/7070/1705
f 6718/7376/1704 6719/7375/1705 2698/7070/1705 2697/7068/1704
f 3198/7379/336 6718/7376/1704 2697/7068/1704 466/7067/336
f 3199/7380/336 6715/7372/1704 6718/7376/1704 3198/7379/336
f 3200/7378/336 6712/7369/1704 6715/7372/1704 3199/7380/336
f 6721/7381/4132 6722/7382/4133 6725/7383/4136 6724/7384/4135
f 6722/7382/4133 6723/7385/4134 6726/7386/4137 6725/7383/4136
f 6724/7384/4135 6725/7383/4136 6728/7387/4139 6727/7388/4138
f 6725/7383/4136 6726/7386/4137 6729/7389/4140 6728/7387/4139
f 377/7390/266 1581/7391/266 6721/7381/4132 2202/7392/1462
f 1581/7391/266 1582/7393/1144 6722/7382/4133 6721/7381/4132
f 1582/7393/1144 1583/7394/1145 6723/7385/4134 6722/7382/4133
f 1583/7394/1145 403/3981/283 2912/7395/1026 6723/7385/4134
f 6723/7385/4134 2912/7395/1026 2911/3979/1025 6726/7386/4137
f 6726/7386/4137 2911/3979/1025 2910/7396/1922 6729/7389/4140
f 6729/7389/4140 2910/7396/1922 341/7397/237 2523/7398/1621
f 6728/7387/4139 6729/7389/4140 2523/7398/1621 2524/7399/1622
f 6727/7388/4138 6728/7387/4139 2524/7399/1622 2525/7400/1623
f 2204/7401/1464 6727/7388/4138 2525/7400/1623 246/5577/180
f 2203/7402/1463 6724/7384/4135 6727/7388/4138 2204/7401/1464
f 2202/7392/1462 6721/7381/4132 6724/7384/4135 2203/7402/1463
f 6730/7403/4141 6731/7404/4142 6734/7405/4145 6733/7406/4144
f 6731/7404/4142 6732/7407/4143 6735/7408/4146 6734/7405/4145
f 6733/7406/4144 6734/7405/4145 6737/7409/4148 6736/7410/4147
f 6734/7405/4145 6735/7408/4146 6738/7411/4149 6737/7409/4148
f 246/5577/180 2525/7400/1623 6730/7403/4141 2207/7412/1467
f 2525/7400/1623 2524/7399/1622 6731/7404/4142 6730/7403/4141
f 2524/7399/1622 2523/7398/1621 6732/7407/4143 6731/7404/4142
f 2523/7398/1621 341/7397/237 3276/7413/2141 6732/7407/4143
f 6732/7407/4143 3276/7413/2141 3277/7414/2142 6735/7408/4146
f 6735/7408/4146 3277/7414/2142 3278/7415/2143 6738/7411/4149
f 6738/7411/4149 3278/7415/2143 142/7416/103 3296/7417/2161
f 6737/7409/4148 6738/7411/4149 3296/7417/2161 3295/7418/2160
f 6736/7410/4147 6737/7409/4148 3295/7418/2160 3294/7419/2159
f 2205/7420/1465 6736/7410/4147 3294/7419/2159 240/5582/174
f 2206/7421/1466 6733/7406/4144 6736/7410/4147 2205/7420/1465
f 2207/7412/1467 6730/7403/4141 6733/7406/4144 2206/7421/1466
f 6739/7422/4150 6740/7423/4151 6743/7424/4154 6742/7425/4153
f 6740/7423/4151 6741/7426/4152 6744/7427/4155 6743/7424/4154
f 6742/7425/4153 6743/7424/4154 6746/7428/4157 6745/7429/4156
f 6743/7424/4154 6744/7427/4155 6747/7430/4158 6746/7428/4157
f 349/7431/245 2747/7432/1779 6739/7422/4150 2753/7433/1785
f 2747/7432/1779 2746/7434/1778 6740/7423/4151 6739/7422/4150
f 2746/7434/1778 2745/7435/1777 6741/7426/4152 6740/7423/4151
f 2745/7435/1777 347/7436/243 2735/7437/1767 6741/7426/4152
f 6741/7426/4152 2735/7437/1767 2734/7438/1766 6744/7427/4155
f 6744/7427/4155 2734/7438/1766 2733/7439/1765 6747/7430/4158
f 6747/7430/4158 2733/7439/1765 346/7440/242 2738/7441/1770
f 6746/7428/4157 6747/7430/4158 2738/7441/1770 2737/7442/1769
f 6745/7429/4156 6746/7428/4157 2737/7442/1769 2736/7443/1768
f 2751/7444/1783 6745/7429/4156 2736/7443/1768 348/7445/244
f 2752/7446/1784 6742/7425/4153 6745/7429/4156 2751/7444/1783
f 2753/7433/1785 6739/7422/4150 6742/7425/4153 2752/7446/1784
f 6748/7447/4159 6749/7448/4160 6752/7449/4163 6751/7450/4162
f 6749/7448/4160 6750/7451/4161 6753/7452/4164 6752/7449/4163
f 6751/7450/4162 6752/7449/4163 6755/7453/4166 6754/7454/4165
f 6752/7449/4163 6753/7452/4164 6756/7455/4167 6755/7453/4166
f 418/7456/298 1575/7457/1138 6748/7447/4159 2927/7458/1936
f 1575/7457/1138 1576/7459/1139 6749/7448/4160 6748/7447/4159
f 1576/7459/1139 1577/7460/1140 6750/7451/4161 6749/7448/4160
f 1577/7460/1140 406/7461/286 2703/7462/1735 6750/7451/4161
f 6750/7451/4161 2703/7462/1735 2704/7463/1736 6753/7452/4164
f 6753/7452/4164 2704/7463/1736 2705/7464/1737 6756/7455/4167
f 6756/7455/4167 2705/7464/1737 343/7465/239 2711/7466/1743
f 6755/7453/4166 6756/7455/4167 2711/7466/1743 2710/7467/1742
f 6754/7454/4165 6755/7453/4166 2710/7467/1742 2709/7468/1741
f 2925/7469/1934 6754/7454/4165 2709/7468/1741 354/7470/250
f 2926/7471/1935 6751/7450/4162 6754/7454/4165 2925/7469/1934
f 2927/7458/1936 6748/7447/4159 6751/7450/4162 2926/7471/1935
f 6757/7472/4168 6758/7473/4169 6761/7474/4172 6760/7475/4171
f 6758/7473/4169 6759/7476/4170 6762/7477/4173 6761/7474/4172
f 6760/7475/4171 6761/7474/4172 6764/7478/4175 6763/7479/4174
f 6761/7474/4172 6762/7477/4173 6765/7480/4176 6764/7478/4175
f 354/7481/250 2709/7482/1741 6757/7472/4168 2792/7483/1824
f 2709/7482/1741 2710/7484/1742 6758/7473/4169 6757/7472/4168
f 2710/7484/1742 2711/7485/1743 6759/7476/4170 6758/7473/4169
f 2711/7485/1743 343/7486/239 2708/7487/1740 6759/7476/4170
f 6759/7476/4170 2708/7487/1740 2707/7488/1739 6762/7477/4173
f 6762/7477/4173 2707/7488/1739 2706/7489/1738 6765/7480/4176
f 6765/7480/4176 2706/7489/1738 342/7490/238 2714/7491/1746
f 6764/7478/4175 6765/7480/4176 2714/7491/1746 2713/7492/1745
f 6763/7479/4174 6764/7478/4175 2713/7492/1745 2712/7493/1744
f 2790/7494/1822 6763/7479/4174 2712/7493/1744 355/7495/251
f 2791/7496/1823 6760/7475/4171 6763/7479/4174 2790/7494/1822
f 2792/7483/1824 6757/7472/4168 6760/7475/4171 2791/7496/1823
f 6766/7497/4177 6767/7498/4178 6770/7499/4181 6769/7500/4180
f 6767/7498/4178 6768/7501/4179 6771/7502/4182 6770/7499/4181
f 6769/7500/4180 6770/7499/4181 6773/7503/4184 6772/7504/4183
f 6770/7499/4181 6771/7502/4182 6774/7505/4185 6773/7503/4184
f 356/7506/252 2715/7507/1747 6766/7497/4177 2795/7508/1827
f 2715/7507/1747 2716/7509/1748 6767/7498/4178 6766/7497/4177
f 2716/7509/1748 2717/7510/1749 6768/7501/4179 6767/7498/4178
f 2717/7510/1749 344/7511/240 2726/7512/1758 6768/7501/4179
f 6768/7501/4179 2726/7512/1758 2725/7513/1757 6771/7502/4182
f 6771/7502/4182 2725/7513/1757 2724/7514/1756 6774/7505/4185
f 6774/7505/4185 2724/7514/1756 345/7515/241 2720/7516/1752
f 6773/7503/4184 6774/7505/4185 2720/7516/1752 2719/7517/1751
f 6772/7504/4183 6773/7503/4184 2719/7517/1751 2718/7518/1750
f 2793/7519/1825 6772/7504/4183 2718/7518/1750 357/7520/253
f 2794/7521/1826 6769/7500/4180 6772/7504/4183 2793/7519/1825
f 2795/7508/1827 6766/7497/4177 6769/7500/4180 2794/7521/1826
f 6775/7522/4186 6776/7523/4187 6779/7524/4190 6778/7525/4189
f 6776/7523/4187 6777/7526/4188 6780/7527/4191 6779/7524/4190
f 6778/7525/4189 6779/7524/4190 6782/7528/4193 6781/7529/4192
f 6779/7524/4190 6780/7527/4191 6783/7530/4194 6782/7528/4193
f 419/7531/299 1566/7532/1129 6775/7522/4186 2930/7533/1939
f 1566/7532/1129 1567/7534/1130 6776/7523/4187 6775/7522/4186
f 1567/7534/1130 1568/7535/1131 6777/7526/4188 6776/7523/4187
f 1568/7535/1131 408/7536/288 2918/7537/1928 6777/7526/4188
f 6777/7526/4188 2918/7537/1928 2917/7538/1927 6780/7527/4191
f 6780/7527/4191 2917/7538/1927 2916/7539/1926 6783/7530/4194
f 6783/7530/4194 2916/7539/1926 344/7540/240 2717/7541/1749
f 6782/7528/4193 6783/7530/4194 2717/7541/1749 2716/7542/1748
f 6781/7529/4192 6782/7528/4193 2716/7542/1748 2715/7543/1747
f 2928/7544/1937 6781/7529/4192 2715/7543/1747 356/7545/252
f 2929/7546/1938 6778/7525/4189 6781/7529/4192 2928/7544/1937
f 2930/7533/1939 6775/7522/4186 6778/7525/4189 2929/7546/1938
f 6784/7547/4195 6785/7548/4196 6788/7549/4199 6787/7550/4198
f 6785/7548/4196 6786/7551/4197 6789/7552/4200 6788/7549/4199
f 6787/7550/4198 6788/7549/4199 6791/7553/4202 6790/7554/4201
f 6788/7549/4199 6789/7552/4200 6792/7555/4203 6791/7553/4202
f 411/7556/291 1560/3144/1123 6784/7547/4195 2921/7557/1035
f 1560/3144/1123 1561/7558/1124 6785/7548/4196 6784/7547/4195
f 1561/7558/1124 1562/7559/1125 6786/7551/4197 6785/7548/4196
f 1562/7559/1125 410/7560/290 2730/7561/1762 6786/7551/4197
f 6786/7551/4197 2730/7561/1762 2731/7562/1763 6789/7552/4200
f 6789/7552/4200 2731/7562/1763 2732/7563/1764 6792/7555/4203
f 6792/7555/4203 2732/7563/1764 347/7436/243 2745/7435/1777
f 6791/7553/4202 6792/7555/4203 2745/7435/1777 2746/7434/1778
f 6790/7554/4201 6791/7553/4202 2746/7434/1778 2747/7432/1779
f 2919/7564/1929 6790/7554/4201 2747/7432/1779 349/7431/245
f 2920/7565/1930 6787/7550/4198 6790/7554/4201 2919/7564/1929
f 2921/7557/1035 6784/7547/4195 6787/7550/4198 2920/7565/1930
f 6793/7566/4204 6794/7567/4205 6797/7568/4208 6796/7569/4207
f 6794/7567/4205 6795/7570/4206 6798/7571/4209 6797/7568/4208
f 6796/7569/4207 6797/7568/4208 6800/7572/4211 6799/7573/4210
f 6797/7568/4208 6798/7571/4209 6801/7574/4212 6800/7572/4211
f 414/7575/294 1557/7576/1120 6793/7566/4204 2924/7577/1933
f 1557/7576/1120 1558/7578/1121 6794/7567/4205 6793/7566/4204
f 1558/7578/1121 1559/7579/1122 6795/7570/4206 6794/7567/4205
f 1559/7579/1122 411/7556/291 2921/7557/1035 6795/7570/4206
f 6795/7570/4206 2921/7557/1035 2920/7565/1930 6798/7571/4209
f 6798/7571/4209 2920/7565/1930 2919/7564/1929 6801/7574/4212
f 6801/7574/4212 2919/7564/1929 349/7431/245 2754/7580/1786
f 6800/7572/4211 6801/7574/4212 2754/7580/1786 2755/7581/1787
f 6799/7573/4210 6800/7572/4211 2755/7581/1787 2756/7582/1788
f 2922/7583/1931 6799/7573/4210 2756/7582/1788 350/7584/246
f 2923/7585/1932 6796/7569/4207 6799/7573/4210 2922/7583/1931
f 2924/7577/1933 6793/7566/4204 6796/7569/4207 2923/7585/1932
f 6802/7586/4213 6803/7587/4214 6806/7588/4217 6805/7589/4216
f 6803/7587/4214 6804/7590/4215 6807/7591/4218 6806/7588/4217
f 6805/7589/4216 6806/7588/4217 6809/7592/4220 6808/7593/4219
f 6806/7588/4217 6807/7591/4218 6810/7594/4221 6809/7592/4220
f 350/7584/246 2756/7582/1788 6802/7586/4213 2762/7595/1794
f 2756/7582/1788 2755/7581/1787 6803/7587/4214 6802/7586/4213
f 2755/7581/1787 2754/7580/1786 6804/7590/4215 6803/7587/4214
f 2754/7580/1786 349/7431/245 2753/7433/1785 6804/7590/4215
f 6804/7590/4215 2753/7433/1785 2752/7446/1784 6807/7591/4218
f 6807/7591/4218 2752/7446/1784 2751/7444/1783 6810/7594/4221
f 6810/7594/4221 2751/7444/1783 348/7445/244 2744/7596/1776
f 6809/7592/4220 6810/7594/4221 2744/7596/1776 2743/7597/1775
f 6808/7593/4219 6809/7592/4220 2743/7597/1775 2742/7598/1774
f 2760/7599/1792 6808/7593/4219 2742/7598/1774 351/7600/247
f 2761/7601/1793 6805/7589/4216 6808/7593/4219 2760/7599/1792
f 2762/7595/1794 6802/7586/4213 6805/7589/4216 2761/7601/1793
f 6811/7602/4222 6812/7603/4223 6815/7604/4226 6814/7605/4225
f 6812/7603/4223 6813/7606/4224 6816/7607/4227 6815/7604/4226
f 6814/7605/4225 6815/7604/4226 6818/7608/4229 6817/7609/4228
f 6815/7604/4226 6816/7607/4227 6819/7610/4230 6818/7608/4229
f 358/7611/254 2801/7612/1833 6811/7602/4222 2810/7613/1842
f 2801/7612/1833 2800/7614/1832 6812/7603/4223 6811/7602/4222
f 2800/7614/1832 2799/7615/1831 6813/7606/4224 6812/7603/4223
f 2799/7615/1831 350/7584/246 2762/7595/1794 6813/7606/4224
f 6813/7606/4224 2762/7595/1794 2761/7601/1793 6816/7607/4227
f 6816/7607/4227 2761/7601/1793 2760/7599/1792 6819/7610/4230
f 6819/7610/4230 2760/7599/1792 351/7600/247 2759/7616/1791
f 6818/7608/4229 6819/7610/4230 2759/7616/1791 2758/7617/1790
f 6817/7609/4228 6818/7608/4229 2758/7617/1790 2757/7618/1789
f 2808/7619/1840 6817/7609/4228 2757/7618/1789 359/7620/255
f 2809/7621/1841 6814/7605/4225 6817/7609/4228 2808/7619/1840
f 2810/7613/1842 6811/7602/4222 6814/7605/4225 2809/7621/1841
f 6820/7622/4231 6821/7623/4232 6824/7624/4235 6823/7625/4234
f 6821/7623/4232 6822/7626/4233 6825/7627/4236 6824/7624/4235
f 6823/7625/4234 6824/7624/4235 6827/7628/4238 6826/7629/4237
f 6824/7624/4235 6825/7627/4236 6828/7630/4239 6827/7628/4238
f 421/7631/301 1548/7632/1111 6820/7622/4231 2933/7633/1942
f 1548/7632/1111 1549/7634/1112 6821/7623/4232 6820/7622/4231
f 1549/7634/1112 1550/3227/1113 6822/7626/4233 6821/7623/4232
f 1550/3227/1113 414/7575/294 2924/7577/1933 6822/7626/4233
f 6822/7626/4233 2924/7577/1933 2923/7585/1932 6825/7627/4236
f 6825/7627/4236 2923/7585/1932 2922/7583/1931 6828/7630/4239
f 6828/7630/4239 2922/7583/1931 350/7584/246 2799/7635/1831
f 6827/7628/4238 6828/7630/4239 2799/7635/1831 2800/7636/1832
f 6826/7629/4237 6827/7628/4238 2800/7636/1832 2801/7637/1833
f 2931/7638/1940 6826/7629/4237 2801/7637/1833 358/7639/254
f 2932/7640/1941 6823/7625/4234 6826/7629/4237 2931/7638/1940
f 2933/7633/1942 6820/7622/4231 6823/7625/4234 2932/7640/1941
f 6829/7641/4240 6830/7642/4241 6833/7643/4244 6832/7644/4243
f 6830/7642/4241 6831/7645/4242 6834/7646/4245 6833/7643/4244
f 6832/7644/4243 6833/7643/4244 6836/7647/4247 6835/7648/4246
f 6833/7643/4244 6834/7646/4245 6837/7649/4248 6836/7647/4247
f 415/3238/295 2766/7650/1798 6829/7641/4240 1547/7651/1110
f 2766/7650/1798 2767/7652/1799 6830/7642/4241 6829/7641/4240
f 2767/7652/1799 2768/7653/1800 6831/7645/4242 6830/7642/4241
f 2768/7653/1800 352/7654/248 2772/7655/1804 6831/7645/4242
f 6831/7645/4242 2772/7655/1804 2773/7656/1805 6834/7646/4245
f 6834/7646/4245 2773/7656/1805 2774/7657/1806 6837/7649/4248
f 6837/7649/4248 2774/7657/1806 353/7658/249 2771/7659/1803
f 6836/7647/4247 6837/7649/4248 2771/7659/1803 2770/7660/1802
f 6835/7648/4246 6836/7647/4247 2770/7660/1802 2769/7661/1801
f 1545/7662/1108 6835/7648/4246 2769/7661/1801 416/7663/296
f 1546/3241/1109 6832/7644/4243 6835/7648/4246 1545/7662/1108
f 1547/7651/1110 6829/7641/4240 6832/7644/4243 1546/3241/1109
f 6838/7664/4249 6839/7665/4250 6842/7666/4253 6841/7667/4252
f 6839/7665/4250 6840/7668/4251 6843/7669/4254 6842/7666/4253
f 6841/7667/4252 6842/7666/4253 6845/7670/4256 6844/7671/4255
f 6842/7666/4253 6843/7669/4254 6846/7672/4257 6845/7670/4256
f 430/7673/310 1542/7674/1105 6838/7664/4249 2945/7675/1954
f 1542/7674/1105 1543/7676/1106 6839/7665/4250 6838/7664/4249
f 1543/7676/1106 1544/7677/1107 6840/7668/4251 6839/7665/4250
f 1544/7677/1107 416/3275/296 2769/7678/1801 6840/7668/4251
f 6840/7668/4251 2769/7678/1801 2770/7679/1802 6843/7669/4254
f 6843/7669/4254 2770/7679/1802 2771/7659/1803 6846/7672/4257
f 6846/7672/4257 2771/7659/1803 353/7658/249 2777/7680/1809
f 6845/7670/4256 6846/7672/4257 2777/7680/1809 2776/7681/1808
f 6844/7671/4255 6845/7670/4256 2776/7681/1808 2775/7682/1807
f 2943/7683/1952 6844/7671/4255 2775/7682/1807 366/7684/262
f 2944/7685/1953 6841/7667/4252 6844/7671/4255 2943/7683/1952
f 2945/7675/1954 6838/7664/4249 6841/7667/4252 2944/7685/1953
f 6847/7686/4258 6848/7687/4259 6851/7688/4262 6850/7689/4261
f 6848/7687/4259 6849/7690/4260 6852/7691/4263 6851/7688/4262
f 6850/7689/4261 6851/7688/4262 6854/7692/4265 6853/7693/4264
f 6851/7688/4262 6852/7691/4263 6855/7694/4266 6854/7692/4265
f 366/7695/262 2775/7696/1807 6847/7686/4258 2858/7697/1890
f 2775/7696/1807 2776/7698/1808 6848/7687/4259 6847/7686/4258
f 2776/7698/1808 2777/7699/1809 6849/7690/4260 6848/7687/4259
f 2777/7699/1809 353/7658/249 2774/7700/1806 6849/7690/4260
f 6849/7690/4260 2774/7700/1806 2773/7701/1805 6852/7691/4263
f 6852/7691/4263 2773/7701/1805 2772/7702/1804 6855/7694/4266
f 6855/7694/4266 2772/7702/1804 352/7654/248 2780/7703/1812
f 6854/7692/4265 6855/7694/4266 2780/7703/1812 2779/7704/1811
f 6853/7693/4264 6854/7692/4265 2779/7704/1811 2778/7705/1810
f 2856/7706/1888 6853/7693/4264 2778/7705/1810 367/7707/263
f 2857/7708/1889 6850/7689/4261 6853/7693/4264 2856/7706/1888
f 2858/7697/1890 6847/7686/4258 6850/7689/4261 2857/7708/1889
f 6856/7709/4267 6857/7710/4268 6860/7711/4271 6859/7712/4270
f 6857/7710/4268 6858/7713/4269 6861/7714/4272 6860/7711/4271
f 6859/7712/4270 6860/7711/4271 6863/7715/4274 6862/7716/4273
f 6860/7711/4271 6861/7714/4272 6864/7717/4275 6863/7715/4274
f 344/7511/240 2781/7718/1813 6856/7709/4267 2726/7512/1758
f 2781/7718/1813 2782/7719/1814 6857/7710/4268 6856/7709/4267
f 2782/7719/1814 2783/7720/1815 6858/7713/4269 6857/7710/4268
f 2783/7720/1815 354/7481/250 2792/7483/1824 6858/7713/4269
f 6858/7713/4269 2792/7483/1824 2791/7496/1823 6861/7714/4272
f 6861/7714/4272 2791/7496/1823 2790/7494/1822 6864/7717/4275
f 6864/7717/4275 2790/7494/1822 355/7495/251 2786/7721/1818
f 6863/7715/4274 6864/7717/4275 2786/7721/1818 2785/7722/1817
f 6862/7716/4273 6863/7715/4274 2785/7722/1817 2784/7723/1816
f 2724/7514/1756 6862/7716/4273 2784/7723/1816 345/7515/241
f 2725/7513/1757 6859/7712/4270 6862/7716/4273 2724/7514/1756
f 2726/7512/1758 6856/7709/4267 6859/7712/4270 2725/7513/1757
f 6865/7724/4276 6866/7725/4277 6869/7726/4280 6868/7727/4279
f 6866/7725/4277 6867/7728/4278 6870/7729/4281 6869/7726/4280
f 6868/7727/4279 6869/7726/4280 6872/7730/4283 6871/7731/4282
f 6869/7726/4280 6870/7729/4281 6873/7732/4284 6872/7730/4283
f 408/7536/288 1533/7733/1096 6865/7724/4276 2918/7537/1928
f 1533/7733/1096 1534/7734/1097 6866/7725/4277 6865/7724/4276
f 1534/7734/1097 1535/7735/1098 6867/7728/4278 6866/7725/4277
f 1535/7735/1098 418/7456/298 2927/7458/1936 6867/7728/4278
f 6867/7728/4278 2927/7458/1936 2926/7471/1935 6870/7729/4281
f 6870/7729/4281 2926/7471/1935 2925/7469/1934 6873/7732/4284
f 6873/7732/4284 2925/7469/1934 354/7470/250 2783/7736/1815
f 6872/7730/4283 6873/7732/4284 2783/7736/1815 2782/7737/1814
f 6871/7731/4282 6872/7730/4283 2782/7737/1814 2781/7738/1813
f 2916/7539/1926 6871/7731/4282 2781/7738/1813 344/7540/240
f 2917/7538/1927 6868/7727/4279 6871/7731/4282 2916/7539/1926
f 2918/7537/1928 6865/7724/4276 6868/7727/4279 2917/7538/1927
f 6874/7739/4285 6875/7740/4286 6878/7741/4289 6877/7742/4288
f 6875/7740/4286 6876/7743/4287 6879/7744/4290 6878/7741/4289
f 6877/7742/4288 6878/7741/4289 6881/7745/4292 6880/7746/4291
f 6878/7741/4289 6879/7744/4290 6882/7747/4293 6881/7745/4292
f 391/3965/273 1530/7748/1093 6874/7739/4285 1436/3966/999
f 1530/7748/1093 1531/7749/1094 6875/7740/4286 6874/7739/4285
f 1531/7749/1094 1532/7750/1095 6876/7743/4287 6875/7740/4286
f 1532/7750/1095 419/7751/299 2930/7533/1939 6876/7743/4287
f 6876/7743/4287 2930/7533/1939 2929/7752/1938 6879/7744/4290
f 6879/7744/4290 2929/7752/1938 2928/7753/1937 6882/7747/4293
f 6882/7747/4293 2928/7753/1937 356/7754/252 3299/7755/2164
f 6881/7745/4292 6882/7747/4293 3299/7755/2164 3298/7756/2163
f 6880/7746/4291 6881/7745/4292 3298/7756/2163 3297/7757/2162
f 1434/7758/997 6880/7746/4291 3297/7757/2162 98/2026/75
f 1435/7759/998 6877/7742/4288 6880/7746/4291 1434/7758/997
f 1436/3966/999 6874/7739/4285 6877/7742/4288 1435/7759/998
f 6883/7760/4294 6884/7761/4295 6887/7762/4298 6886/7763/4297
f 6884/7761/4295 6885/7764/4296 6888/7765/4299 6887/7762/4298
f 6886/7763/4297 6887/7762/4298 6890/7766/4301 6889/7767/4300
f 6887/7762/4298 6888/7765/4299 6891/7768/4302 6890/7766/4301
f 98/2026/75 3297/7769/2162 6883/7760/4294 3248/7770/2113
f 3297/7769/2162 3298/7771/2163 6884/7761/4295 6883/7760/4294
f 3298/7771/2163 3299/7772/2164 6885/7764/4296 6884/7761/4295
f 3299/7772/2164 356/7773/252 2795/7508/1827 6885/7764/4296
f 6885/7764/4296 2795/7508/1827 2794/7774/1826 6888/7765/4299
f 6888/7765/4299 2794/7774/1826 2793/7775/1825 6891/7768/4302
f 6891/7768/4302 2793/7775/1825 357/7776/253 3302/7777/2167
f 6890/7766/4301 6891/7768/4302 3302/7777/2167 3301/7778/2166
f 6889/7767/4300 6890/7766/4301 3301/7778/2166 3300/7779/2165
f 3246/7780/2111 6889/7767/4300 3300/7779/2165 96/1938/73
f 3247/7781/2112 6886/7763/4297 6889/7767/4300 3246/7780/2111
f 3248/7770/2113 6883/7760/4294 6886/7763/4297 3247/7781/2112
f 6892/7782/4303 6893/7783/4304 6896/7784/4307 6895/7785/4306
f 6893/7783/4304 6894/7786/4305 6897/7787/4308 6896/7784/4307
f 6895/7785/4306 6896/7784/4307 6899/7788/4310 6898/7789/4309
f 6896/7784/4307 6897/7787/4308 6900/7790/4311 6899/7788/4310
f 406/7791/286 1524/3378/1087 6892/7782/4303 2703/7792/1735
f 1524/3378/1087 1525/7793/1088 6893/7783/4304 6892/7782/4303
f 1525/7793/1088 1526/7794/1089 6894/7786/4305 6893/7783/4304
f 1526/7794/1089 421/7795/301 2933/7796/1942 6894/7786/4305
f 6894/7786/4305 2933/7796/1942 2932/7797/1941 6897/7787/4308
f 6897/7787/4308 2932/7797/1941 2931/7798/1940 6900/7790/4311
f 6900/7790/4311 2931/7798/1940 358/7799/254 2739/7800/1771
f 6899/7788/4310 6900/7790/4311 2739/7800/1771 2740/7801/1772
f 6898/7789/4309 6899/7788/4310 2740/7801/1772 2741/7802/1773
f 2705/7803/1737 6898/7789/4309 2741/7802/1773 343/7804/239
f 2704/7805/1736 6895/7785/4306 6898/7789/4309 2705/7803/1737
f 2703/7792/1735 6892/7782/4303 6895/7785/4306 2704/7805/1736
f 6901/7806/4312 6902/7807/4313 6905/7808/4316 6904/7809/4315
f 6902/7807/4313 6903/7810/4314 6906/7811/4317 6905/7808/4316
f 6904/7809/4315 6905/7808/4316 6908/7812/4319 6907/7813/4318
f 6905/7808/4316 6906/7811/4317 6909/7814/4320 6908/7812/4319
f 343/7815/239 2741/7816/1773 6901/7806/4312 2708/7817/1740
f 2741/7816/1773 2740/7818/1772 6902/7807/4313 6901/7806/4312
f 2740/7818/1772 2739/7819/1771 6903/7810/4314 6902/7807/4313
f 2739/7819/1771 358/7611/254 2810/7820/1842 6903/7810/4314
f 6903/7810/4314 2810/7820/1842 2809/7821/1841 6906/7811/4317
f 6906/7811/4317 2809/7821/1841 2808/7822/1840 6909/7814/4320
f 6909/7814/4320 2808/7822/1840 359/7823/255 2804/7824/1836
f 6908/7812/4319 6909/7814/4320 2804/7824/1836 2803/7825/1835
f 6907/7813/4318 6908/7812/4319 2803/7825/1835 2802/7826/1834
f 2706/7827/1738 6907/7813/4318 2802/7826/1834 342/7828/238
f 2707/7829/1739 6904/7809/4315 6907/7813/4318 2706/7827/1738
f 2708/7817/1740 6901/7806/4312 6904/7809/4315 2707/7829/1739
f 6910/7830/4321 6911/7831/4322 6914/7832/4325 6913/7833/4324
f 6911/7831/4322 6912/7834/4323 6915/7835/4326 6914/7832/4325
f 6913/7833/4324 6914/7832/4325 6917/7836/4328 6916/7837/4327
f 6914/7832/4325 6915/7835/4326 6918/7838/4329 6917/7836/4328
f 347/7436/243 2811/7839/1843 6910/7830/4321 2735/7437/1767
f 2811/7839/1843 2812/7840/1844 6911/7831/4322 6910/7830/4321
f 2812/7840/1844 2813/7841/1845 6912/7834/4323 6911/7831/4322
f 2813/7841/1845 360/7842/256 2822/7843/1854 6912/7834/4323
f 6912/7834/4323 2822/7843/1854 2821/7844/1853 6915/7835/4326
f 6915/7835/4326 2821/7844/1853 2820/7845/1852 6918/7838/4329
f 6918/7838/4329 2820/7845/1852 361/7846/257 2816/7847/1848
f 6917/7836/4328 6918/7838/4329 2816/7847/1848 2815/7848/1847
f 6916/7837/4327 6917/7836/4328 2815/7848/1847 2814/7849/1846
f 2733/7439/1765 6916/7837/4327 2814/7849/1846 346/7440/242
f 2734/7438/1766 6913/7833/4324 6916/7837/4327 2733/7439/1765
f 2735/7437/1767 6910/7830/4321 6913/7833/4324 2734/7438/1766
f 6919/7850/4330 6920/7851/4331 6923/7852/4334 6922/7853/4333
f 6920/7851/4331 6921/7854/4332 6924/7855/4335 6923/7852/4334
f 6922/7853/4333 6923/7852/4334 6926/7856/4337 6925/7857/4336
f 6923/7852/4334 6924/7855/4335 6927/7858/4338 6926/7856/4337
f 410/7560/290 1515/3444/1078 6919/7850/4330 2730/7561/1762
f 1515/3444/1078 1516/7859/1079 6920/7851/4331 6919/7850/4330
f 1516/7859/1079 1517/7860/1080 6921/7854/4332 6920/7851/4331
f 1517/7860/1080 424/3453/304 2936/7861/1945 6921/7854/4332
f 6921/7854/4332 2936/7861/1945 2935/7862/1944 6924/7855/4335
f 6924/7855/4335 2935/7862/1944 2934/7863/1943 6927/7858/4338
f 6927/7858/4338 2934/7863/1943 360/7864/256 2813/7865/1845
f 6926/7856/4337 6927/7858/4338 2813/7865/1845 2812/7866/1844
f 6925/7857/4336 6926/7856/4337 2812/7866/1844 2811/7867/1843
f 2732/7563/1764 6925/7857/4336 2811/7867/1843 347/7436/243
f 2731/7562/1763 6922/7853/4333 6925/7857/4336 2732/7563/1764
f 2730/7561/1762 6919/7850/4330 6922/7853/4333 2731/7562/1763
f 6928/7868/4339 6929/7869/4340 6932/7870/4343 6931/7871/4342
f 6929/7869/4340 6930/7872/4341 6933/7873/4344 6932/7870/4343
f 6931/7871/4342 6932/7870/4343 6935/7874/4346 6934/7875/4345
f 6932/7870/4343 6933/7873/4344 6936/7876/4347 6935/7874/4346
f 364/7877/260 2823/7878/1855 6928/7868/4339 2843/7879/1875
f 2823/7878/1855 2824/7880/1856 6929/7869/4340 6928/7868/4339
f 2824/7880/1856 2825/7881/1857 6930/7872/4341 6929/7869/4340
f 2825/7881/1857 362/7882/258 2834/7883/1866 6930/7872/4341
f 6930/7872/4341 2834/7883/1866 2833/7884/1865 6933/7873/4344
f 6933/7873/4344 2833/7884/1865 2832/7885/1864 6936/7876/4347
f 6936/7876/4347 2832/7885/1864 363/7886/259 2828/7887/1860
f 6935/7874/4346 6936/7876/4347 2828/7887/1860 2827/7888/1859
f 6934/7875/4345 6935/7874/4346 2827/7888/1859 2826/7889/1858
f 2841/7890/1873 6934/7875/4345 2826/7889/1858 365/7891/261
f 2842/7892/1874 6931/7871/4342 6934/7875/4345 2841/7890/1873
f 2843/7879/1875 6928/7868/4339 6931/7871/4342 2842/7892/1874
f 6937/7893/4348 6938/7894/4349 6941/7895/4352 6940/7896/4351
f 6938/7894/4349 6939/7897/4350 6942/7898/4353 6941/7895/4352
f 6940/7896/4351 6941/7895/4352 6944/7899/4355 6943/7900/4354
f 6941/7895/4352 6942/7898/4353 6945/7901/4356 6944/7899/4355
f 427/7902/307 1509/7903/1072 6937/7893/4348 2942/7904/1951
f 1509/7903/1072 1510/7905/1073 6938/7894/4349 6937/7893/4348
f 1510/7905/1073 1511/7906/1074 6939/7897/4350 6938/7894/4349
f 1511/7906/1074 426/3503/306 2939/7907/1948 6939/7897/4350
f 6939/7897/4350 2939/7907/1948 2938/7908/1947 6942/7898/4353
f 6942/7898/4353 2938/7908/1947 2937/7909/1946 6945/7901/4356
f 6945/7901/4356 2937/7909/1946 362/7910/258 2825/7911/1857
f 6944/7899/4355 6945/7901/4356 2825/7911/1857 2824/7912/1856
f 6943/7900/4354 6944/7899/4355 2824/7912/1856 2823/7913/1855
f 2940/7914/1949 6943/7900/4354 2823/7913/1855 364/7915/260
f 2941/7916/1950 6940/7896/4351 6943/7900/4354 2940/7914/1949
f 2942/7904/1951 6937/7893/4348 6940/7896/4351 2941/7916/1950
f 6946/7917/4357 6947/7918/4358 6950/7919/4361 6949/7920/4360
f 6947/7918/4358 6948/7921/4359 6951/7922/4362 6950/7919/4361
f 6949/7920/4360 6950/7919/4361 6953/7923/4364 6952/7924/4363
f 6950/7919/4361 6951/7922/4362 6954/7925/4365 6953/7923/4364
f 424/7926/304 1506/7927/1069 6946/7917/4357 2936/7928/1945
f 1506/7927/1069 1507/7929/1070 6947/7918/4358 6946/7917/4357
f 1507/7929/1070 1508/7930/1071 6948/7921/4359 6947/7918/4358
f 1508/7930/1071 427/7902/307 2942/7904/1951 6948/7921/4359
f 6948/7921/4359 2942/7904/1951 2941/7916/1950 6951/7922/4362
f 6951/7922/4362 2941/7916/1950 2940/7914/1949 6954/7925/4365
f 6954/7925/4365 2940/7914/1949 364/7915/260 2837/7931/1869
f 6953/7923/4364 6954/7925/4365 2837/7931/1869 2836/7932/1868
f 6952/7924/4363 6953/7923/4364 2836/7932/1868 2835/7933/1867
f 2934/7863/1943 6952/7924/4363 2835/7933/1867 360/7864/256
f 2935/7934/1944 6949/7920/4360 6952/7924/4363 2934/7863/1943
f 2936/7928/1945 6946/7917/4357 6949/7920/4360 2935/7934/1944
f 6955/7935/4366 6956/7936/4367 6959/7937/4370 6958/7938/4369
f 6956/7936/4367 6957/7939/4368 6960/7940/4371 6959/7937/4370
f 6958/7938/4369 6959/7937/4370 6962/7941/4373 6961/7942/4372
f 6959/7937/4370 6960/7940/4371 6963/7943/4374 6962/7941/4373
f 360/7944/256 2835/7945/1867 6955/7935/4366 2822/7946/1854
f 2835/7945/1867 2836/7947/1868 6956/7936/4367 6955/7935/4366
f 2836/7947/1868 2837/7948/1869 6957/7939/4368 6956/7936/4367
f 2837/7948/1869 364/7877/260 2843/7879/1875 6957/7939/4368
f 6957/7939/4368 2843/7879/1875 2842/7892/1874 6960/7940/4371
f 6960/7940/4371 2842/7892/1874 2841/7890/1873 6963/7943/4374
f 6963/7943/4374 2841/7890/1873 365/7891/261 2840/7949/1872
f 6962/7941/4373 6963/7943/4374 2840/7949/1872 2839/7950/1871
f 6961/7942/4372 6962/7941/4373 2839/7950/1871 2838/7951/1870
f 2820/7952/1852 6961/7942/4372 2838/7951/1870 361/7953/257
f 2821/7954/1853 6958/7938/4369 6961/7942/4372 2820/7952/1852
f 2822/7946/1854 6955/7935/4366 6958/7938/4369 2821/7954/1853
f 6964/7955/4375 6965/7956/4376 6968/7957/4379 6967/7958/4378
f 6965/7956/4376 6966/7959/4377 6969/7960/4380 6968/7957/4379
f 6967/7958/4378 6968/7957/4379 6971/7961/4382 6970/7962/4381
f 6968/7957/4379 6969/7960/4380 6972/7963/4383 6971/7961/4382
f 362/7964/258 2847/7965/1879 6964/7955/4375 2834/7966/1866
f 2847/7965/1879 2848/7967/1880 6965/7956/4376 6964/7955/4375
f 2848/7967/1880 2849/7968/1881 6966/7959/4377 6965/7956/4376
f 2849/7968/1881 366/7695/262 2858/7969/1890 6966/7959/4377
f 6966/7959/4377 2858/7969/1890 2857/7970/1889 6969/7960/4380
f 6969/7960/4380 2857/7970/1889 2856/7971/1888 6972/7963/4383
f 6972/7963/4383 2856/7971/1888 367/7972/263 2852/7973/1884
f 6971/7961/4382 6972/7963/4383 2852/7973/1884 2851/7974/1883
f 6970/7962/4381 6971/7961/4382 2851/7974/1883 2850/7975/1882
f 2832/7976/1864 6970/7962/4381 2850/7975/1882 363/7977/259
f 2833/7978/1865 6967/7958/4378 6970/7962/4381 2832/7976/1864
f 2834/7966/1866 6964/7955/4375 6967/7958/4378 2833/7978/1865
f 6973/7979/4384 6974/7980/4385 6977/7981/4388 6976/7982/4387
f 6974/7980/4385 6975/7983/4386 6978/7984/4389 6977/7981/4388
f 6976/7982/4387 6977/7981/4388 6980/7985/4391 6979/7986/4390
f 6977/7981/4388 6978/7984/4389 6981/7987/4392 6980/7985/4391
f 426/7988/306 1497/3577/1060 6973/7979/4384 2939/7989/1948
f 1497/3577/1060 1498/7990/1061 6974/7980/4385 6973/7979/4384
f 1498/7990/1061 1499/7991/1062 6975/7983/4386 6974/7980/4385
f 1499/7991/1062 430/7673/310 2945/7992/1954 6975/7983/4386
f 6975/7983/4386 2945/7992/1954 2944/7685/1953 6978/7984/4389
f 6978/7984/4389 2944/7685/1953 2943/7993/1952 6981/7987/4392
f 6981/7987/4392 2943/7993/1952 366/7994/262 2849/7995/1881
f 6980/7985/4391 6981/7987/4392 2849/7995/1881 2848/7996/1880
f 6979/7986/4390 6980/7985/4391 2848/7996/1880 2847/7997/1879
f 2937/7998/1946 6979/7986/4390 2847/7997/1879 362/7999/258
f 2938/8000/1947 6976/7982/4387 6979/7986/4390 2937/7998/1946
f 2939/7989/1948 6973/7979/4384 6976/7982/4387 2938/8000/1947
f 6982/8001/4393 6983/8002/4394 6986/8003/4397 6985/8004/4396
f 6983/8002/4394 6984/8005/4395 6987/8006/4398 6986/8003/4397
f 6985/8004/4396 6986/8003/4397 6989/8007/4400 6988/8008/4399
f 6986/8003/4397 6987/8006/4398 6990/8009/4401 6989/8007/4400
f 363/8010/259 2850/8011/1882 6982/8001/4393 2831/8012/1863
f 2850/8011/1882 2851/8013/1883 6983/8002/4394 6982/8001/4393
f 2851/8013/1883 2852/8014/1884 6984/8005/4395 6983/8002/4394
f 2852/8014/1884 367/8015/263 2855/8016/1887 6984/8005/4395
f 6984/8005/4395 2855/8016/1887 2854/8017/1886 6987/8006/4398
f 6987/8006/4398 2854/8017/1886 2853/8018/1885 6990/8009/4401
f 6990/8009/4401 2853/8018/1885 429/3607/309 1502/8019/1065
f 6989/8007/4400 6990/8009/4401 1502/8019/1065 1501/8020/1064
f 6988/8008/4399 6989/8007/4400 1501/8020/1064 1500/8021/1063
f 2829/8022/1861 6988/8008/4399 1500/8021/1063 425/8023/305
f 2830/8024/1862 6985/8004/4396 6988/8008/4399 2829/8022/1861
f 2831/8012/1863 6982/8001/4393 6985/8004/4396 2830/8024/1862
f 6991/8025/4402 6992/8026/4403 6995/8027/4406 6994/8028/4405
f 6992/8026/4403 6993/8029/4404 6996/8030/4407 6995/8027/4406
f 6994/8028/4405 6995/8027/4406 6998/8031/4409 6997/8032/4408
f 6995/8027/4406 6996/8030/4407 6999/8033/4410 6998/8031/4409
f 361/8034/257 2838/8035/1870 6991/8025/4402 2819/8036/1851
f 2838/8035/1870 2839/8037/1871 6992/8026/4403 6991/8025/4402
f 2839/8037/1871 2840/8038/1872 6993/8029/4404 6992/8026/4403
f 2840/8038/1872 365/8039/261 2846/8040/1878 6993/8029/4404
f 6993/8029/4404 2846/8040/1878 2845/8041/1877 6996/8030/4407
f 6996/8030/4407 2845/8041/1877 2844/8042/1876 6999/8033/4410
f 6999/8033/4410 2844/8042/1876 428/8043/308 1505/8044/1068
f 6998/8031/4409 6999/8033/4410 1505/8044/1068 1504/8045/1067
f 6997/8032/4408 6998/8031/4409 1504/8045/1067 1503/8046/1066
f 2817/8047/1849 6997/8032/4408 1503/8046/1066 423/3676/303
f 2818/8048/1850 6994/8028/4405 6997/8032/4408 2817/8047/1849
f 2819/8036/1851 6991/8025/4402 6994/8028/4405 2818/8048/1850
f 7000/8049/4411 7001/8050/4412 7004/8051/4415 7003/8052/4414
f 7001/8050/4412 7002/8053/4413 7005/8054/4416 7004/8051/4415
f 7003/8052/4414 7004/8051/4415 7007/8055/4418 7006/8056/4417
f 7004/8051/4415 7005/8054/4416 7008/8057/4419 7007/8055/4418
f 365/8039/261 2826/8058/1858 7000/8049/4411 2846/8040/1878
f 2826/8058/1858 2827/8059/1859 7001/8050/4412 7000/8049/4411
f 2827/8059/1859 2828/8060/1860 7002/8053/4413 7001/8050/4412
f 2828/8060/1860 363/8061/259 2831/8062/1863 7002/8053/4413
f 7002/8053/4413 2831/8062/1863 2830/8063/1862 7005/8054/4416
f 7005/8054/4416 2830/8063/1862 2829/8064/1861 7008/8057/4419
f 7008/8057/4419 2829/8064/1861 425/3652/305 1514/8065/1077
f 7007/8055/4418 7008/8057/4419 1514/8065/1077 1513/8066/1076
f 7006/8056/4417 7007/8055/4418 1513/8066/1076 1512/3649/1075
f 2844/8042/1876 7006/8056/4417 1512/3649/1075 428/8043/308
f 2845/8041/1877 7003/8052/4414 7006/8056/4417 2844/8042/1876
f 2846/8040/1878 7000/8049/4411 7003/8052/4414 2845/8041/1877
f 7009/8067/4420 7010/8068/4421 7013/8069/4424 7012/8070/4423
f 7010/8068/4421 7011/8071/4422 7014/8072/4425 7013/8069/4424
f 7012/8070/4423 7013/8069/4424 7016/8073/4427 7015/8074/4426
f 7013/8069/4424 7014/8072/4425 7017/8075/4428 7016/8073/4427
f 346/7440/242 2814/8076/1846 7009/8067/4420 2729/8077/1761
f 2814/8076/1846 2815/8078/1847 7010/8068/4421 7009/8067/4420
f 2815/8078/1847 2816/8079/1848 7011/8071/4422 7010/8068/4421
f 2816/8079/1848 361/8080/257 2819/8081/1851 7011/8071/4422
f 7011/8071/4422 2819/8081/1851 2818/8082/1850 7014/8072/4425
f 7014/8072/4425 2818/8082/1850 2817/8083/1849 7017/8075/4428
f 7017/8075/4428 2817/8083/1849 423/3628/303 1520/8084/1083
f 7016/8073/4427 7017/8075/4428 1520/8084/1083 1519/8085/1082
f 7015/8074/4426 7016/8073/4427 1519/8085/1082 1518/8086/1081
f 2727/8087/1759 7015/8074/4426 1518/8086/1081 409/8088/289
f 2728/8089/1760 7012/8070/4423 7015/8074/4426 2727/8087/1759
f 2729/8077/1761 7009/8067/4420 7012/8070/4423 2728/8089/1760
f 7018/8090/4429 7019/8091/4430 7022/8092/4433 7021/8093/4432
f 7019/8091/4430 7020/8094/4431 7023/8095/4434 7022/8092/4433
f 7021/8093/4432 7022/8092/4433 7025/8096/4436 7024/8097/4435
f 7022/8092/4433 7023/8095/4434 7026/8098/4437 7025/8096/4436
f 342/8099/238 2802/8100/1834 7018/8090/4429 2702/8101/1734
f 2802/8100/1834 2803/8102/1835 7019/8091/4430 7018/8090/4429
f 2803/8102/1835 2804/8103/1836 7020/8094/4431 7019/8091/4430
f 2804/8103/1836 359/8104/255 2807/8105/1839 7020/8094/4431
f 7020/8094/4431 2807/8105/1839 2806/8106/1838 7023/8095/4434
f 7023/8095/4434 2806/8106/1838 2805/8107/1837 7026/8098/4437
f 7026/8098/4437 2805/8107/1837 422/8108/302 1523/3698/1086
f 7025/8096/4436 7026/8098/4437 1523/3698/1086 1522/3697/1085
f 7024/8097/4435 7025/8096/4436 1522/3697/1085 1521/8109/1084
f 2700/8110/1732 7024/8097/4435 1521/8109/1084 405/3695/285
f 2701/8111/1733 7021/8093/4432 7024/8097/4435 2700/8110/1732
f 2702/8101/1734 7018/8090/4429 7021/8093/4432 2701/8111/1733
f 7027/8112/4438 7028/8113/4439 7031/8114/4442 7030/8115/4441
f 7028/8113/4439 7029/8116/4440 7032/8117/4443 7031/8114/4442
f 7030/8115/4441 7031/8114/4442 7034/8118/4445 7033/8119/4444
f 7031/8114/4442 7032/8117/4443 7035/8120/4446 7034/8118/4445
f 96/1938/73 3300/8121/2165 7027/8112/4438 1431/8122/994
f 3300/8121/2165 3301/8123/2166 7028/8113/4439 7027/8112/4438
f 3301/8123/2166 3302/8124/2167 7029/8116/4440 7028/8113/4439
f 3302/8124/2167 357/8125/253 2798/8126/1830 7029/8116/4440
f 7029/8116/4440 2798/8126/1830 2797/8127/1829 7032/8117/4443
f 7032/8117/4443 2797/8127/1829 2796/8128/1828 7035/8120/4446
f 7035/8120/4446 2796/8128/1828 420/8129/300 1529/8130/1092
f 7034/8118/4445 7035/8120/4446 1529/8130/1092 1528/8131/1091
f 7033/8119/4444 7034/8118/4445 1528/8131/1091 1527/8132/1090
f 1433/8133/996 7033/8119/4444 1527/8132/1090 390/8134/272
f 1432/8135/995 7030/8115/4441 7033/8119/4444 1433/8133/996
f 1431/8122/994 7027/8112/4438 7030/8115/4441 1432/8135/995
f 7036/8136/4447 7037/8137/4448 7040/8138/4451 7039/8139/4450
f 7037/8137/4448 7038/8140/4449 7041/8141/4452 7040/8138/4451
f 7039/8139/4450 7040/8138/4451 7043/8142/4454 7042/8143/4453
f 7040/8138/4451 7041/8141/4452 7044/8144/4455 7043/8142/4454
f 345/8145/241 2784/8146/1816 7036/8136/4447 2723/8147/1755
f 2784/8146/1816 2785/8148/1817 7037/8137/4448 7036/8136/4447
f 2785/8148/1817 2786/8149/1818 7038/8140/4449 7037/8137/4448
f 2786/8149/1818 355/8150/251 2789/8151/1821 7038/8140/4449
f 7038/8140/4449 2789/8151/1821 2788/8152/1820 7041/8141/4452
f 7041/8141/4452 2788/8152/1820 2787/8153/1819 7044/8144/4455
f 7044/8144/4455 2787/8153/1819 417/3747/297 1538/8154/1101
f 7043/8142/4454 7044/8144/4455 1538/8154/1101 1537/8155/1100
f 7042/8143/4453 7043/8142/4454 1537/8155/1100 1536/8156/1099
f 2721/8157/1753 7042/8143/4453 1536/8156/1099 407/3743/287
f 2722/8158/1754 7039/8139/4450 7042/8143/4453 2721/8157/1753
f 2723/8147/1755 7036/8136/4447 7039/8139/4450 2722/8158/1754
f 7045/8159/4456 7046/8160/4457 7049/8161/4460 7048/8162/4459
f 7046/8160/4457 7047/8163/4458 7050/8164/4461 7049/8161/4460
f 7048/8162/4459 7049/8161/4460 7052/8165/4463 7051/8166/4462
f 7049/8161/4460 7050/8164/4461 7053/8167/4464 7052/8165/4463
f 367/8015/263 2778/8168/1810 7045/8159/4456 2855/8169/1887
f 2778/8168/1810 2779/8170/1811 7046/8160/4457 7045/8159/4456
f 2779/8170/1811 2780/8171/1812 7047/8163/4458 7046/8160/4457
f 2780/8171/1812 352/7654/248 2768/8172/1800 7047/8163/4458
f 7047/8163/4458 2768/8172/1800 2767/8173/1799 7050/8164/4461
f 7050/8164/4461 2767/8173/1799 2766/8174/1798 7053/8167/4464
f 7053/8167/4464 2766/8174/1798 415/3238/295 1541/8175/1104
f 7052/8165/4463 7053/8167/4464 1541/8175/1104 1540/3770/1103
f 7051/8166/4462 7052/8165/4463 1540/3770/1103 1539/8176/1102
f 2853/8177/1885 7051/8166/4462 1539/8176/1102 429/3768/309
f 2854/8178/1886 7048/8162/4459 7051/8166/4462 2853/8177/1885
f 2855/8169/1887 7045/8159/4456 7048/8162/4459 2854/8178/1886
f 7054/8179/4465 7055/8180/4466 7058/8181/4469 7057/8182/4468
f 7055/8180/4466 7056/8183/4467 7059/8184/4470 7058/8181/4469
f 7057/8182/4468 7058/8181/4469 7061/8185/4472 7060/8186/4471
f 7058/8181/4469 7059/8184/4470 7062/8187/4473 7061/8185/4472
f 359/8188/255 2757/8189/1789 7054/8179/4465 2807/8190/1839
f 2757/8189/1789 2758/8191/1790 7055/8180/4466 7054/8179/4465
f 2758/8191/1790 2759/8192/1791 7056/8183/4467 7055/8180/4466
f 2759/8192/1791 351/7600/247 2765/8193/1797 7056/8183/4467
f 7056/8183/4467 2765/8193/1797 2764/8194/1796 7059/8184/4470
f 7059/8184/4470 2764/8194/1796 2763/8195/1795 7062/8187/4473
f 7062/8187/4473 2763/8195/1795 413/8196/293 1553/3792/1116
f 7061/8185/4472 7062/8187/4473 1553/3792/1116 1552/3791/1115
f 7060/8186/4471 7061/8185/4472 1552/3791/1115 1551/8197/1114
f 2805/8198/1837 7060/8186/4471 1551/8197/1114 422/3699/302
f 2806/8199/1838 7057/8182/4468 7060/8186/4471 2805/8198/1837
f 2807/8190/1839 7054/8179/4465 7057/8182/4468 2806/8199/1838
f 7063/8200/4474 7064/8201/4475 7067/8202/4478 7066/8203/4477
f 7064/8201/4475 7065/8204/4476 7068/8205/4479 7067/8202/4478
f 7066/8203/4477 7067/8202/4478 7070/8206/4481 7069/8207/4480
f 7067/8202/4478 7068/8205/4479 7071/8208/4482 7070/8206/4481
f 351/7600/247 2742/7598/1774 7063/8200/4474 2765/8193/1797
f 2742/7598/1774 2743/7597/1775 7064/8201/4475 7063/8200/4474
f 2743/7597/1775 2744/7596/1776 7065/8204/4476 7064/8201/4475
f 2744/7596/1776 348/7445/244 2750/8209/1782 7065/8204/4476
f 7065/8204/4476 2750/8209/1782 2749/8210/1781 7068/8205/4479
f 7068/8205/4479 2749/8210/1781 2748/8211/1780 7071/8208/4482
f 7071/8208/4482 2748/8211/1780 412/8212/292 1556/3810/1119
f 7070/8206/4481 7071/8208/4482 1556/3810/1119 1555/3809/1118
f 7069/8207/4480 7070/8206/4481 1555/3809/1118 1554/8213/1117
f 2763/8195/1795 7069/8207/4480 1554/8213/1117 413/8196/293
f 2764/8194/1796 7066/8203/4477 7069/8207/4480 2763/8195/1795
f 2765/8193/1797 7063/8200/4474 7066/8203/4477 2764/8194/1796
f 7072/8214/4483 7073/8215/4484 7076/8216/4487 7075/8217/4486
f 7073/8215/4484 7074/8218/4485 7077/8219/4488 7076/8216/4487
f 7075/8217/4486 7076/8216/4487 7079/8220/4490 7078/8221/4489
f 7076/8216/4487 7077/8219/4488 7080/8222/4491 7079/8220/4490
f 348/7445/244 2736/7443/1768 7072/8214/4483 2750/8209/1782
f 2736/7443/1768 2737/7442/1769 7073/8215/4484 7072/8214/4483
f 2737/7442/1769 2738/7441/1770 7074/8218/4485 7073/8215/4484
f 2738/7441/1770 346/7440/242 2729/8077/1761 7074/8218/4485
f 7074/8218/4485 2729/8077/1761 2728/8089/1760 7077/8219/4488
f 7077/8219/4488 2728/8089/1760 2727/8087/1759 7080/8222/4491
f 7080/8222/4491 2727/8087/1759 409/8088/289 1565/8223/1128
f 7079/8220/4490 7080/8222/4491 1565/8223/1128 1564/8224/1127
f 7078/8221/4489 7079/8220/4490 1564/8224/1127 1563/3824/1126
f 2748/8211/1780 7078/8221/4489 1563/3824/1126 412/8212/292
f 2749/8210/1781 7075/8217/4486 7078/8221/4489 2748/8211/1780
f 2750/8209/1782 7072/8214/4483 7075/8217/4486 2749/8210/1781
f 7081/8225/4492 7082/8226/4493 7085/8227/4496 7084/8228/4495
f 7082/8226/4493 7083/8229/4494 7086/8230/4497 7085/8227/4496
f 7084/8228/4495 7085/8227/4496 7088/8231/4499 7087/8232/4498
f 7085/8227/4496 7086/8230/4497 7089/8233/4500 7088/8231/4499
f 357/8125/253 2718/8234/1750 7081/8225/4492 2798/8235/1830
f 2718/8234/1750 2719/8236/1751 7082/8226/4493 7081/8225/4492
f 2719/8236/1751 2720/8237/1752 7083/8229/4494 7082/8226/4493
f 2720/8237/1752 345/8145/241 2723/8147/1755 7083/8229/4494
f 7083/8229/4494 2723/8147/1755 2722/8158/1754 7086/8230/4497
f 7086/8230/4497 2722/8158/1754 2721/8157/1753 7089/8233/4500
f 7089/8233/4500 2721/8157/1753 407/3743/287 1571/3844/1134
f 7088/8231/4499 7089/8233/4500 1571/3844/1134 1570/8238/1133
f 7087/8232/4498 7088/8231/4499 1570/8238/1133 1569/3842/1132
f 2796/8239/1828 7087/8232/4498 1569/3842/1132 420/3722/300
f 2797/8240/1829 7084/8228/4495 7087/8232/4498 2796/8239/1828
f 2798/8235/1830 7081/8225/4492 7084/8228/4495 2797/8240/1829
f 7090/8241/4501 7091/8242/4502 7094/8243/4505 7093/8244/4504
f 7091/8242/4502 7092/8245/4503 7095/8246/4506 7094/8243/4505
f 7093/8244/4504 7094/8243/4505 7097/8247/4508 7096/8248/4507
f 7094/8243/4505 7095/8246/4506 7098/8249/4509 7097/8247/4508
f 355/8150/251 2712/8250/1744 7090/8241/4501 2789/8151/1821
f 2712/8250/1744 2713/8251/1745 7091/8242/4502 7090/8241/4501
f 2713/8251/1745 2714/8252/1746 7092/8245/4503 7091/8242/4502
f 2714/8252/1746 342/8253/238 2702/8254/1734 7092/8245/4503
f 7092/8245/4503 2702/8254/1734 2701/8255/1733 7095/8246/4506
f 7095/8246/4506 2701/8255/1733 2700/8256/1732 7098/8249/4509
f 7098/8249/4509 2700/8256/1732 405/3860/285 1574/3859/1137
f 7097/8247/4508 7098/8249/4509 1574/3859/1137 1573/3858/1136
f 7096/8248/4507 7097/8247/4508 1573/3858/1136 1572/3857/1135
f 2787/8153/1819 7096/8248/4507 1572/3857/1135 417/3747/297
f 2788/8152/1820 7093/8244/4504 7096/8248/4507 2787/8153/1819
f 2789/8151/1821 7090/8241/4501 7093/8244/4504 2788/8152/1820
f 7099/8257/4510 7100/8258/4511 7103/8259/4514 7102/8260/4513
f 7100/8258/4511 7101/8261/4512 7104/8262/4515 7103/8259/4514
f 7102/8260/4513 7103/8259/4514 7106/8263/4517 7105/8264/4516
f 7103/8259/4514 7104/8262/4515 7107/8265/4518 7106/8263/4517
f 240/5582/174 3294/7419/2159 7099/8257/4510 2099/8266/1411
f 3294/7419/2159 3295/7418/2160 7100/8258/4511 7099/8257/4510
f 3295/7418/2160 3296/7417/2161 7101/8261/4512 7100/8258/4511
f 3296/7417/2161 142/7416/103 1464/8267/1027 7101/8261/4512
f 7101/8261/4512 1464/8267/1027 1465/1982/1028 7104/8262/4515
f 7104/8262/4515 1465/1982/1028 1466/8268/1029 7107/8265/4518
f 7107/8265/4518 1466/8268/1029 404/8269/284 1580/8270/1143
f 7106/8263/4517 7107/8265/4518 1580/8270/1143 1579/8271/1142
f 7105/8264/4516 7106/8263/4517 1579/8271/1142 1578/8272/1141
f 2097/8273/1409 7105/8264/4516 1578/8272/1141 375/8274/264
f 2098/6225/1410 7102/8260/4513 7105/8264/4516 2097/8273/1409
f 2099/8266/1411 7099/8257/4510 7102/8260/4513 2098/6225/1410
f 7108/8275/4519 7109/8276/4520 7112/8277/4523 7111/8278/4522
f 7109/8276/4520 7110/8279/4521 7113/8280/4524 7112/8277/4523
f 7111/8278/4522 7112/8277/4523 7115/8281/4526 7114/8282/4525
f 7112/8277/4523 7113/8280/4524 7116/8283/4527 7115/8281/4526
f 290/6933/205 2573/6932/1665 7108/8275/4519 2886/8284/1898
f 2573/6932/1665 2572/6931/1664 7109/8276/4520 7108/8275/4519
f 2572/6931/1664 2571/6930/1663 7110/8279/4521 7109/8276/4520
f 2571/6930/1663 310/6929/220 2898/8285/1910 7110/8279/4521
f 7110/8279/4521 2898/8285/1910 2899/8286/1911 7113/8280/4524
f 7113/8280/4524 2899/8286/1911 2900/8287/1912 7116/8283/4527
f 7116/8283/4527 2900/8287/1912 397/2432/279 1625/4033/1181
f 7115/8281/4526 7116/8283/4527 1625/4033/1181 1624/8288/1180
f 7114/8282/4525 7115/8281/4526 1624/8288/1180 1623/8289/1179
f 2888/8290/1900 7114/8282/4525 1623/8289/1179 387/8291/269
f 2887/8292/1899 7111/8278/4522 7114/8282/4525 2888/8290/1900
f 2886/8284/1898 7108/8275/4519 7111/8278/4522 2887/8292/1899
f 7117/8293/542 7118/8294/543 7121/8295/543 7120/8296/542
f 7118/8294/543 7119/8297/544 7122/8298/544 7121/8295/543
f 7120/8296/542 7121/8295/543 7124/8299/543 7123/8300/542
f 7121/8295/543 7122/8298/544 7125/8301/544 7124/8299/543
f 222/5889/13 2328/5887/542 7117/8293/542 2859/8302/13
f 2328/5887/542 2329/5886/543 7118/8294/543 7117/8293/542
f 2329/5886/543 2330/5885/544 7119/8297/544 7118/8294/543
f 2330/5885/544 270/5884/45 2333/8303/45 7119/8297/544
f 7119/8297/544 2333/8303/45 2332/8304/45 7122/8298/544
f 7122/8298/544 2332/8304/45 2331/8305/45 7125/8301/544
f 7125/8301/544 2331/8305/45 382/8306/45 1643/8307/544
f 7124/8299/543 7125/8301/544 1643/8307/544 1642/4049/543
f 7123/8300/542 7124/8299/543 1642/4049/543 1641/8308/542
f 2861/8309/13 7123/8300/542 1641/8308/542 369/738/13
f 2860/8310/13 7120/8296/542 7123/8300/542 2861/8309/13
f 2859/8302/13 7117/8293/542 7120/8296/542 2860/8310/13
f 7126/8311/516 7127/8312/517 7130/8313/517 7129/8314/516
f 7127/8312/517 7128/8315/518 7131/8316/518 7130/8313/517
f 7129/8314/516 7130/8313/517 7133/8317/517 7132/8318/516
f 7130/8313/517 7131/8316/518 7134/8319/518 7133/8317/517
f 228/5357/19 2271/5827/516 7126/8311/516 2063/8320/19
f 2271/5827/516 2272/5826/517 7127/8312/517 7126/8311/516
f 2272/5826/517 2273/5825/518 7128/8315/518 7127/8312/517
f 2273/5825/518 259/5678/36 2300/8321/36 7128/8315/518
f 7128/8315/518 2300/8321/36 2299/8322/36 7131/8316/518
f 7131/8316/518 2299/8322/36 2298/8323/36 7134/8319/518
f 7134/8319/518 2298/8323/36 380/8324/36 1649/8325/518
f 7133/8317/517 7134/8319/518 1649/8325/518 1648/8326/517
f 7132/8318/516 7133/8317/517 1648/8326/517 1647/8327/516
f 2061/8328/19 7132/8318/516 1647/8327/516 371/8329/19
f 2062/8330/19 7129/8314/516 7132/8318/516 2061/8328/19
f 2063/8320/19 7126/8311/516 7129/8314/516 2062/8330/19
f 7135/8331/502 7136/8332/1191 7139/8333/1191 7138/8334/502
f 7136/8332/1191 7137/8335/504 7140/8336/504 7139/8333/1191
f 7138/8334/502 7139/8333/1191 7142/8337/1191 7141/8338/502
f 7139/8333/1191 7140/8336/504 7143/8339/504 7142/8337/1191
f 259/5678/36 2223/5676/502 7135/8331/502 2300/8321/36
f 2223/5676/502 2224/5675/1191 7136/8332/1191 7135/8331/502
f 2224/5675/1191 2225/5674/504 7137/8335/504 7136/8332/1191
f 2225/5674/504 251/5170/32 2243/8340/32 7137/8335/504
f 7137/8335/504 2243/8340/32 2242/8341/32 7140/8336/504
f 7140/8336/504 2242/8341/32 2241/8342/32 7143/8339/504
f 7143/8339/504 2241/8342/32 379/8343/32 1652/8344/504
f 7142/8337/1191 7143/8339/504 1652/8344/504 1651/8345/1191
f 7141/8338/502 7142/8337/1191 1651/8345/1191 1650/8346/502
f 2298/8323/36 7141/8338/502 1650/8346/502 380/8324/36
f 2299/8322/36 7138/8334/502 7141/8338/502 2298/8323/36
f 2300/8321/36 7135/8331/502 7138/8334/502 2299/8322/36
f 7144/8347/4528 7145/8348/4529 7148/8349/4532 7147/8350/4531
f 7145/8348/4529 7146/8351/4530 7149/8352/4533 7148/8349/4532
f 7147/8350/4531 7148/8349/4532 7151/8353/4535 7150/8354/4534
f 7148/8349/4532 7149/8352/4533 7152/8355/4536 7151/8353/4535
f 461/5607/332 2208/5605/1468 7144/8347/4528 3197/8356/2080
f 2208/5605/1468 2209/5604/1469 7145/8348/4529 7144/8347/4528
f 2209/5604/1469 2210/5603/1470 7146/8351/4530 7145/8348/4529
f 2210/5603/1470 265/5602/187 2880/5991/1892 7146/8351/4530
f 7146/8351/4530 2880/5991/1892 2881/8357/1893 7149/8352/4533
f 7149/8352/4533 2881/8357/1893 2882/8358/1894 7152/8355/4536
f 7152/8355/4536 2882/8358/1894 383/8359/267 1658/8360/1194
f 7151/8353/4535 7152/8355/4536 1658/8360/1194 1657/8361/1193
f 7150/8354/4534 7151/8353/4535 1657/8361/1193 1656/8362/1192
f 3195/8363/2078 7150/8354/4534 1656/8362/1192 467/8364/337
f 3196/8365/2079 7147/8350/4531 7150/8354/4534 3195/8363/2078
f 3197/8356/2080 7144/8347/4528 7147/8350/4531 3196/8365/2079
f 7153/8366/478 7154/8367/479 7157/8368/479 7156/8369/478
f 7154/8367/479 7155/8370/3389 7158/8371/1195 7157/8368/479
f 7156/8369/478 7157/8368/479 7160/8372/479 7159/8373/478
f 7157/8368/479 7158/8371/1195 7161/8374/1195 7160/8372/479
f 227/5442/18 2187/5496/478 7153/8366/478 2862/8375/18
f 2187/5496/478 2188/5495/479 7154/8367/479 7153/8366/478
f 2188/5495/479 2189/5494/1458 7155/8370/3389 7154/8367/479
f 2189/5494/1458 245/5493/179 2871/8376/1891 7155/8370/3389
f 7155/8370/3389 2871/8376/1891 2872/8377/265 7158/8371/1195
f 7158/8371/1195 2872/8377/265 2873/8378/265 7161/8374/1195
f 7161/8374/1195 2873/8378/265 376/8379/265 1664/8380/1195
f 7160/8372/479 7161/8374/1195 1664/8380/1195 1663/8381/479
f 7159/8373/478 7160/8372/479 1663/8381/479 1662/8382/478
f 2864/8383/18 7159/8373/478 1662/8382/478 370/8384/18
f 2863/8385/18 7156/8369/478 7159/8373/478 2864/8383/18
f 2862/8375/18 7153/8366/478 7156/8369/478 2863/8385/18
f 7162/8386/469 7163/8387/470 7166/8388/470 7165/8389/469
f 7163/8387/470 7164/8390/471 7167/8391/471 7166/8388/470
f 7165/8389/469 7166/8388/470 7169/8392/470 7168/8393/469
f 7166/8388/470 7167/8391/471 7170/8394/471 7169/8392/470
f 460/5447/152 2178/5445/469 7162/8386/469 3194/8395/152
f 2178/5445/469 2179/5444/470 7163/8387/470 7162/8386/469
f 2179/5444/470 2180/5443/471 7164/8390/471 7163/8387/470
f 2180/5443/471 227/5442/18 2862/8375/18 7164/8390/471
f 7164/8390/471 2862/8375/18 2863/8385/18 7167/8391/471
f 7167/8391/471 2863/8385/18 2864/8383/18 7170/8394/471
f 7170/8394/471 2864/8383/18 370/8384/18 1667/8396/471
f 7169/8392/470 7170/8394/471 1667/8396/471 1666/8397/470
f 7168/8393/469 7169/8392/470 1666/8397/470 1665/4141/469
f 3192/8398/152 7168/8393/469 1665/4141/469 468/8399/152
f 3193/8400/152 7165/8389/469 7168/8393/469 3192/8398/152
f 3194/8395/152 7162/8386/469 7165/8389/469 3193/8400/152
f 7171/8401/454 7172/8402/455 7175/8403/455 7174/8404/454
f 7172/8402/455 7173/8405/456 7176/8406/456 7175/8403/455
f 7174/8404/454 7175/8403/455 7178/8407/455 7177/8408/454
f 7175/8403/455 7176/8406/456 7179/8409/456 7178/8407/455
f 217/5362/11 2163/5360/454 7171/8401/454 2033/8410/11
f 2163/5360/454 2164/5359/455 7172/8402/455 7171/8401/454
f 2164/5359/455 2165/5358/456 7173/8405/456 7172/8402/455
f 2165/5358/456 228/5357/19 2063/8320/19 7173/8405/456
f 7173/8405/456 2063/8320/19 2062/8330/19 7176/8406/456
f 7176/8406/456 2062/8330/19 2061/8328/19 7179/8409/456
f 7179/8409/456 2061/8328/19 371/8329/19 1670/8411/456
f 7178/8407/455 7179/8409/456 1670/8411/456 1669/8412/455
f 7177/8408/454 7178/8407/455 1669/8412/455 1668/8413/454
f 2031/5985/11 7177/8408/454 1668/8413/454 368/5983/11
f 2032/8414/11 7174/8404/454 7177/8408/454 2031/5985/11
f 2033/8410/11 7171/8401/454 7174/8404/454 2032/8414/11
f 7180/8415/444 7181/8416/445 7184/8417/3390 7183/8418/1442
f 7181/8416/445 7182/8419/446 7185/8420/446 7184/8417/3390
f 7183/8418/1442 7184/8417/3390 7187/8421/3390 7186/8422/1442
f 7184/8417/3390 7185/8420/446 7188/8423/446 7187/8421/3390
f 251/5170/32 2136/5168/444 7180/8415/444 2243/8340/32
f 2136/5168/444 2137/5167/445 7181/8416/445 7180/8415/444
f 2137/5167/445 2138/5166/446 7182/8419/446 7181/8416/445
f 2138/5166/446 234/5165/21 2081/8424/21 7182/8419/446
f 7182/8419/446 2081/8424/21 2080/8425/21 7185/8420/446
f 7185/8420/446 2080/8425/21 2079/8426/21 7188/8423/446
f 7188/8423/446 2079/8426/21 373/8427/21 1679/8428/446
f 7187/8421/3390 7188/8423/446 1679/8428/446 1678/8429/445
f 7186/8422/1442 7187/8421/3390 1678/8429/445 1677/8430/444
f 2241/8342/32 7186/8422/1442 1677/8430/444 379/8343/32
f 2242/8341/32 7183/8418/1442 7186/8422/1442 2241/8342/32
f 2243/8340/32 7180/8415/444 7183/8418/1442 2242/8341/32
f 7198/8446/4537 7199/8447/4538 7202/8448/4541 7201/8449/4540
f 7199/8447/4538 7200/8450/4539 7203/8451/4542 7202/8448/4541
f 7201/8449/4540 7202/8448/4541 7205/8452/4544 7204/8453/4543
f 7202/8448/4541 7203/8451/4542 7206/8454/4545 7205/8452/4544
f 278/7280/196 2679/7278/1723 7198/8446/4537 2423/8455/1561
f 2679/7278/1723 2680/7277/1724 7199/8447/4538 7198/8446/4537
f 2680/7277/1724 2681/7276/1725 7200/8450/4539 7199/8447/4538
f 2681/7276/1725 339/6714/235 3026/8456/2005 7200/8450/4539
f 7200/8450/4539 3026/8456/2005 3025/8457/2004 7203/8451/4542
f 7203/8451/4542 3025/8457/2004 3024/8458/2003 7206/8454/4545
f 7206/8454/4545 3024/8458/2003 451/7107/328 3023/7345/2002
f 7205/8452/4544 7206/8454/4545 3023/7345/2002 3022/7344/2001
f 7204/8453/4543 7205/8452/4544 3022/7344/2001 3021/7343/2000
f 2421/8459/1559 7204/8453/4543 3021/7343/2000 447/6262/324
f 2422/8460/1560 7201/8449/4540 7204/8453/4543 2421/8459/1559
f 2423/8455/1561 7198/8446/4537 7201/8449/4540 2422/8460/1560
f 7207/8461/4546 7208/8462/4547 7211/8463/4550 7210/8464/4549
f 7208/8462/4547 7209/8465/4548 7212/8466/4551 7211/8463/4550
f 7210/8464/4549 7211/8463/4550 7214/8467/4553 7213/8468/4552
f 7211/8463/4550 7212/8466/4551 7215/8469/4554 7214/8467/4553
f 307/6564/217 2589/8470/1678 7207/8461/4546 2540/8471/1635
f 2589/8470/1678 2590/8472/1679 7208/8462/4547 7207/8461/4546
f 2590/8472/1679 2591/8473/1680 7209/8465/4548 7208/8462/4547
f 2591/8473/1680 321/8474/228 2648/8475/1710 7209/8465/4548
f 7209/8465/4548 2648/8475/1710 2647/8476/1709 7212/8466/4551
f 7212/8466/4551 2647/8476/1709 2646/8477/1708 7215/8469/4554
f 7215/8469/4554 2646/8477/1708 453/7112/329 3020/7111/1999
f 7214/8467/4553 7215/8469/4554 3020/7111/1999 3019/7110/1998
f 7213/8468/4552 7214/8467/4553 3019/7110/1998 3018/7108/1997
f 2538/8478/1633 7213/8468/4552 3018/7108/1997 451/7107/328
f 2539/8479/1634 7210/8464/4549 7213/8468/4552 2538/8478/1633
f 2540/8471/1635 7207/8461/4546 7210/8464/4549 2539/8479/1634
f 7226/8492/4556 7227/8493/4557 7225/8494/4555 7231/8495/4561
f 7228/8496/4558 7229/8497/4559 7225/8494/4555 7227/8493/4557
f 7230/8498/4560 7231/8499/4561 7225/8494/4555 7229/8500/4559
f 339/8501/235 2535/8502/1630 7226/8492/4556 3026/8503/2005
f 2535/8502/1630 2536/6711/1631 7227/8493/4557 7226/8492/4556
f 3026/8503/2005 7226/8492/4556 7231/8495/4561 3025/8457/2004
f 307/6564/217 2540/8504/1635 7228/8496/4558 2537/8505/1632
f 2540/8504/1635 2539/8506/1634 7229/8497/4559 7228/8496/4558
f 2537/8505/1632 7228/8496/4558 7227/8493/4557 2536/8507/1631
f 451/7107/328 3024/8508/2003 7230/8498/4560 2538/8509/1633
f 3024/8508/2003 3025/8457/2004 7231/8499/4561 7230/8498/4560
f 2538/8509/1633 7230/8498/4560 7229/8500/4559 2539/8510/1634
f 7241/8523/4562 7242/8524/4563 7245/8525/4566 7244/8526/4565
f 7242/8524/4563 7243/8527/4564 7246/8528/4567 7245/8525/4566
f 7244/8526/4565 7245/8525/4566 7248/8529/4569 7247/8530/4568
f 7245/8525/4566 7246/8528/4567 7249/8531/4570 7248/8529/4569
f 321/8474/228 2457/6885/1581 7241/8523/4562 2648/8475/1710
f 2457/6885/1581 2458/8532/1582 7242/8524/4563 7241/8523/4562
f 2458/8532/1582 2459/8533/1583 7243/8527/4564 7242/8524/4563
f 2459/8533/1583 292/5105/207 2513/8534/1611 7243/8527/4564
f 7243/8527/4564 2513/8534/1611 2512/8535/1610 7246/8528/4567
f 7246/8528/4567 2512/8535/1610 2511/8536/1609 7249/8531/4570
f 7249/8531/4570 2511/8536/1609 449/4954/326 3032/8537/2008
f 7248/8529/4569 7249/8531/4570 3032/8537/2008 3031/8538/2007
f 7247/8530/4568 7248/8529/4569 3031/8538/2007 3030/8539/2006
f 2646/8477/1708 7247/8530/4568 3030/8539/2006 453/7112/329
f 2647/8476/1709 7244/8526/4565 7247/8530/4568 2646/8477/1708
f 2648/8475/1710 7241/8523/4562 7244/8526/4565 2647/8476/1709
f 7259/8556/4571 7260/8557/4572 7263/8558/4575 7262/8559/4574
f 7260/8557/4572 7261/8560/4573 7264/8561/4576 7263/8558/4575
f 7262/8559/4574 7263/8558/4575 7266/8562/4578 7265/8563/4577
f 7263/8558/4575 7264/8561/4576 7267/8564/4579 7266/8562/4578
f 242/5034/176 2376/6186/1534 7259/8556/4571 2958/8565/1958
f 2376/6186/1534 2377/6185/1535 7260/8557/4572 7259/8556/4571
f 2377/6185/1535 2378/6184/1536 7261/8560/4573 7260/8557/4572
f 2378/6184/1536 278/6183/196 2423/8566/1561 7261/8560/4573
f 7261/8560/4573 2423/8566/1561 2422/8567/1560 7264/8561/4576
f 7264/8561/4576 2422/8567/1560 2421/8459/1559 7267/8564/4579
f 7267/8564/4579 2421/8459/1559 447/6262/324 3038/8568/2014
f 7266/8562/4578 7267/8564/4579 3038/8568/2014 3037/8569/2013
f 7265/8563/4577 7266/8562/4578 3037/8569/2013 3036/8570/2012
f 2960/8571/1960 7265/8563/4577 3036/8570/2012 435/8572/313
f 2959/8573/1959 7262/8559/4574 7265/8563/4577 2960/8571/1960
f 2958/8565/1958 7259/8556/4571 7262/8559/4574 2959/8573/1959
f 7268/8574/539 7269/8575/3434 7272/8576/3434 7271/8577/539
f 7269/8575/3434 7270/8578/541 7273/8579/541 7272/8576/3434
f 7271/8577/539 7272/8576/3434 7275/8580/540 7274/8581/539
f 7272/8576/3434 7273/8579/541 7276/8582/541 7275/8580/540
f 219/5322/12 2319/5951/539 7268/8574/539 2946/8583/12
f 2319/5951/539 2320/5950/540 7269/8575/3434 7268/8574/539
f 2320/5950/540 2321/5949/541 7270/8578/541 7269/8575/3434
f 2321/5949/541 267/5948/44 2354/8584/44 7270/8578/541
f 7270/8578/541 2354/8584/44 2353/8585/44 7273/8579/541
f 7273/8579/541 2353/8585/44 2352/8586/44 7276/8582/541
f 7276/8582/541 2352/8586/44 446/6033/323 3041/6032/2017
f 7275/8580/540 7276/8582/541 3041/6032/2017 3040/6031/2016
f 7274/8581/539 7275/8580/540 3040/6031/2016 3039/6029/2015
f 2948/8587/12 7274/8581/539 3039/6029/2015 431/6028/12
f 2947/8588/12 7271/8577/539 7274/8581/539 2948/8587/12
f 2946/8583/12 7268/8574/539 7271/8577/539 2947/8588/12
f 7277/8589/4580 7278/8590/4581 7281/8591/4584 7280/8592/4583
f 7278/8590/4581 7279/8593/4582 7282/8594/4585 7281/8591/4584
f 7280/8592/4583 7281/8591/4584 7284/8595/4587 7283/8596/4586
f 7281/8591/4584 7282/8594/4585 7285/8597/4588 7284/8595/4587
f 208/4793/161 1991/8598/1358 7277/8589/4580 2961/8599/1961
f 1991/8598/1358 1990/8600/1357 7278/8590/4581 7277/8589/4580
f 1990/8600/1357 1989/8601/1356 7279/8593/4582 7278/8590/4581
f 1989/8601/1356 263/8602/185 2342/8603/1503 7279/8593/4582
f 7279/8593/4582 2342/8603/1503 2341/8604/1502 7282/8594/4585
f 7282/8594/4585 2341/8604/1502 2340/8605/1501 7285/8597/4588
f 7285/8597/4588 2340/8605/1501 445/5924/322 3044/5923/2020
f 7284/8595/4587 7285/8597/4588 3044/5923/2020 3043/5922/2019
f 7283/8596/4586 7284/8595/4587 3043/5922/2019 3042/5920/2018
f 2963/8606/1963 7283/8596/4586 3042/5920/2018 436/5919/314
f 2962/8607/1962 7280/8592/4583 7283/8596/4586 2963/8606/1963
f 2961/8599/1961 7277/8589/4580 7280/8592/4583 2962/8607/1962
f 7286/8608/4589 7287/8609/4590 7290/8610/4593 7289/8611/4592
f 7287/8609/4590 7288/8612/4591 7291/8613/4594 7290/8610/4593
f 7289/8611/4592 7290/8610/4593 7293/8614/4596 7292/8615/4595
f 7290/8610/4593 7291/8613/4594 7294/8616/4597 7293/8614/4596
f 211/8617/164 2262/8618/1484 7286/8608/4589 1997/8619/1364
f 2262/8618/1484 2263/8620/1485 7287/8609/4590 7286/8608/4589
f 2263/8620/1485 2264/8621/1486 7288/8612/4591 7287/8609/4590
f 2264/8621/1486 256/8622/184 2291/8623/1492 7288/8612/4591
f 7288/8612/4591 2291/8623/1492 2290/8624/1491 7291/8613/4594
f 7291/8613/4594 2290/8624/1491 2289/8625/1490 7294/8616/4597
f 7294/8616/4597 2289/8625/1490 444/5705/321 3047/5800/2023
f 7293/8614/4596 7294/8616/4597 3047/5800/2023 3046/5799/2022
f 7292/8615/4595 7293/8614/4596 3046/5799/2022 3045/5798/2021
f 1995/8626/1362 7292/8615/4595 3045/5798/2021 433/5313/19
f 1996/8627/1363 7289/8611/4592 7292/8615/4595 1995/8626/1362
f 1997/8619/1364 7286/8608/4589 7289/8611/4592 1996/8627/1363
f 7295/8628/520 7296/8629/521 7299/8630/521 7298/8631/520
f 7296/8629/521 7297/8632/522 7300/8633/2411 7299/8630/521
f 7298/8631/520 7299/8630/521 7302/8634/521 7301/8635/520
f 7299/8630/521 7300/8633/2411 7303/8636/522 7302/8634/521
f 231/5553/20 2280/5866/520 7295/8628/520 2072/8637/20
f 2280/5866/520 2281/5865/521 7296/8629/521 7295/8628/520
f 2281/5865/521 2282/5864/522 7297/8632/522 7296/8629/521
f 2282/5864/522 262/5627/38 2288/8638/39 7297/8632/522
f 7297/8632/522 2288/8638/39 2287/8639/38 7300/8633/2411
f 7300/8633/2411 2287/8639/38 2286/8640/38 7303/8636/522
f 7303/8636/522 2286/8640/38 443/5721/320 3050/5785/2026
f 7302/8634/521 7303/8636/522 3050/5785/2026 3049/5784/2025
f 7301/8635/520 7302/8634/521 3049/5784/2025 3048/5783/2024
f 2070/8641/20 7301/8635/520 3048/5783/2024 438/4784/20
f 2071/8642/20 7298/8631/520 7301/8635/520 2070/8641/20
f 2072/8637/20 7295/8628/520 7298/8631/520 2071/8642/20
f 7304/8643/505 7305/8644/505 7308/8645/505 7307/8646/505
f 7305/8644/505 7306/8647/505 7309/8648/505 7308/8645/505
f 7307/8646/505 7308/8645/505 7311/8649/505 7310/8650/505
f 7308/8645/505 7309/8648/505 7312/8651/505 7311/8649/505
f 262/5627/38 2232/5625/505 7304/8643/505 2288/8638/39
f 2232/5625/505 2233/5624/505 7305/8644/505 7304/8643/505
f 2233/5624/505 2234/5623/505 7306/8647/505 7305/8644/505
f 2234/5623/505 254/5234/33 2255/8652/33 7306/8647/505
f 7306/8647/505 2255/8652/33 2254/8653/33 7309/8648/505
f 7309/8648/505 2254/8653/33 2253/8654/33 7312/8651/505
f 7312/8651/505 2253/8654/33 442/5726/319 3053/5725/2027
f 7311/8649/505 7312/8651/505 3053/5725/2027 3052/5724/2027
f 7310/8650/505 7311/8649/505 3052/5724/2027 3051/5722/2027
f 2286/8640/38 7310/8650/505 3051/5722/2027 443/5721/320
f 2287/8639/38 7307/8646/505 7310/8650/505 2286/8640/38
f 2288/8638/39 7304/8643/505 7307/8646/505 2287/8639/38
f 7313/8655/4598 7314/8656/4599 7317/8657/4602 7316/8658/4601
f 7314/8656/4599 7315/8659/4600 7318/8660/4603 7317/8657/4602
f 7316/8658/4601 7317/8657/4602 7320/8661/4605 7319/8662/4604
f 7317/8657/4602 7318/8660/4603 7321/8663/4606 7320/8661/4605
f 256/8622/184 2211/8664/1471 7313/8655/4598 2291/8623/1492
f 2211/8664/1471 2212/8665/1472 7314/8656/4599 7313/8655/4598
f 2212/8665/1472 2213/8666/1473 7315/8659/4600 7314/8656/4599
f 2213/8666/1473 247/8667/181 2252/8668/1479 7315/8659/4600
f 7315/8659/4600 2252/8668/1479 2251/8669/1478 7318/8660/4603
f 7318/8660/4603 2251/8669/1478 2250/8670/1477 7321/8663/4606
f 7321/8663/4606 2250/8670/1477 441/5116/318 3056/5709/2030
f 7320/8661/4605 7321/8663/4606 3056/5709/2030 3055/5708/2029
f 7319/8662/4604 7320/8661/4605 3055/5708/2029 3054/5706/2028
f 2289/8625/1490 7319/8662/4604 3054/5706/2028 444/5705/321
f 2290/8624/1491 7316/8658/4601 7319/8662/4604 2289/8625/1490
f 2291/8623/1492 7313/8655/4598 7316/8658/4601 2290/8624/1491
f 7322/8671/4607 7323/8672/4608 7326/8673/4611 7325/8674/4610
f 7323/8672/4608 7324/8675/4609 7327/8676/4612 7326/8673/4611
f 7325/8674/4610 7326/8673/4611 7329/8677/4614 7328/8678/4613
f 7326/8673/4611 7327/8676/4612 7330/8679/4615 7329/8677/4614
f 210/8680/163 2027/8681/1394 7322/8671/4607 2964/8682/1964
f 2027/8681/1394 2026/8683/1393 7323/8672/4608 7322/8671/4607
f 2026/8683/1393 2025/8684/1392 7324/8675/4609 7323/8672/4608
f 2025/8684/1392 216/4963/169 2973/8685/1973 7324/8675/4609
f 7324/8675/4609 2973/8685/1973 2974/8686/1974 7327/8676/4612
f 7327/8676/4612 2974/8686/1974 2975/8687/1975 7330/8679/4615
f 7330/8679/4615 2975/8687/1975 440/8688/317 3059/8689/2033
f 7329/8677/4614 7330/8679/4615 3059/8689/2033 3058/8690/2032
f 7328/8678/4613 7329/8677/4614 3058/8690/2032 3057/8691/2031
f 2966/8692/1966 7328/8678/4613 3057/8691/2031 437/8693/315
f 2965/8694/1965 7325/8674/4610 7328/8678/4613 2966/8692/1966
f 2964/8682/1964 7322/8671/4607 7325/8674/4610 2965/8694/1965
f 7331/8695/4616 7332/8696/4617 7335/8697/4620 7334/8698/4619
f 7332/8696/4617 7333/8699/4618 7336/8700/4621 7335/8697/4620
f 7334/8698/4619 7335/8697/4620 7338/8701/4623 7337/8702/4622
f 7335/8697/4620 7336/8700/4621 7339/8703/4624 7338/8701/4623
f 462/8704/333 3167/8705/2070 7331/8695/4616 3191/8706/2077
f 3167/8705/2070 3166/8707/2069 7332/8696/4617 7331/8695/4616
f 3166/8707/2069 3165/8708/2068 7333/8699/4618 7332/8696/4617
f 3165/8708/2068 210/8709/163 2964/8710/1964 7333/8699/4618
f 7333/8699/4618 2964/8710/1964 2965/8711/1965 7336/8700/4621
f 7336/8700/4621 2965/8711/1965 2966/8712/1966 7339/8703/4624
f 7339/8703/4624 2966/8712/1966 437/5398/315 3062/5397/2036
f 7338/8701/4623 7339/8703/4624 3062/5397/2036 3061/5396/2035
f 7337/8702/4622 7338/8701/4623 3061/5396/2035 3060/5394/2034
f 3189/8713/2075 7337/8702/4622 3060/5394/2034 469/5393/338
f 3190/8714/2076 7334/8698/4619 7337/8702/4622 3189/8713/2075
f 3191/8706/2077 7331/8695/4616 7334/8698/4619 3190/8714/2076
f 7340/8715/4625 7341/8716/4626 7344/8717/4629 7343/8718/4628
f 7341/8716/4626 7342/8719/4627 7345/8720/4630 7344/8717/4629
f 7343/8718/4628 7344/8717/4629 7347/8721/455 7346/8722/4631
f 7344/8717/4629 7345/8720/4630 7348/8723/4632 7347/8721/455
f 207/8724/160 2006/8725/1373 7340/8715/4625 1979/8726/1346
f 2006/8725/1373 2005/8727/1372 7341/8716/4626 7340/8715/4625
f 2005/8727/1372 2004/8728/1371 7342/8719/4627 7341/8716/4626
f 2004/8728/1371 211/8617/164 1997/8619/1364 7342/8719/4627
f 7342/8719/4627 1997/8619/1364 1996/8627/1363 7345/8720/4630
f 7345/8720/4630 1996/8627/1363 1995/8626/1362 7348/8723/4632
f 7348/8723/4632 1995/8626/1362 433/5313/19 3065/5312/456
f 7347/8721/455 7348/8723/4632 3065/5312/456 3064/5311/455
f 7346/8722/4631 7347/8721/455 3064/5311/455 3063/5309/454
f 1977/8729/1344 7346/8722/4631 3063/5309/454 431/5308/12
f 1978/6043/1345 7343/8718/4628 7346/8722/4631 1977/8729/1344
f 1979/8726/1346 7340/8715/4625 7343/8718/4628 1978/6043/1345
f 7349/8730/4633 7350/8731/4634 7353/8732/4637 7352/8733/4636
f 7350/8731/4634 7351/8734/4635 7354/8735/4638 7353/8732/4637
f 7352/8733/4636 7353/8732/4637 7356/8736/4640 7355/8737/4639
f 7353/8732/4637 7354/8735/4638 7357/8738/4641 7356/8736/4640
f 247/8739/181 2013/8740/1380 7349/8730/4633 2252/8741/1479
f 2013/8740/1380 2014/8742/1381 7350/8731/4634 7349/8730/4633
f 2014/8742/1381 2015/8743/1382 7351/8734/4635 7350/8731/4634
f 2015/8743/1382 213/8744/166 2009/8745/1376 7351/8734/4635
f 7351/8734/4635 2009/8745/1376 2008/8746/1375 7354/8735/4638
f 7354/8735/4638 2008/8746/1375 2007/8747/1374 7357/8738/4641
f 7357/8738/4641 2007/8747/1374 434/5121/312 3068/5120/2039
f 7356/8736/4640 7357/8738/4641 3068/5120/2039 3067/8748/2038
f 7355/8737/4639 7356/8736/4640 3067/8748/2038 3066/8749/2037
f 2250/8670/1477 7355/8737/4639 3066/8749/2037 441/5116/318
f 2251/8669/1478 7352/8733/4636 7355/8737/4639 2250/8670/1477
f 2252/8741/1479 7349/8730/4633 7352/8733/4636 2251/8669/1478
f 7358/8750/4642 7359/8751/4643 7362/8752/4646 7361/8753/4645
f 7359/8751/4643 7360/8754/4644 7363/8755/4647 7362/8752/4646
f 7361/8753/4645 7362/8752/4646 7365/8756/4649 7364/8757/4648
f 7362/8752/4646 7363/8755/4647 7366/8758/4650 7365/8756/4649
f 224/5039/171 2118/5037/1430 7358/8750/4642 2949/8759/1955
f 2118/5037/1430 2119/5036/1431 7359/8751/4643 7358/8750/4642
f 2119/5036/1431 2120/5035/1432 7360/8754/4644 7359/8751/4643
f 2120/5035/1432 242/5034/176 2958/8565/1958 7360/8754/4644
f 7360/8754/4644 2958/8565/1958 2959/8573/1959 7363/8755/4647
f 7363/8755/4647 2959/8573/1959 2960/8571/1960 7366/8758/4650
f 7366/8758/4650 2960/8571/1960 435/8572/313 3071/8760/2042
f 7365/8756/4649 7366/8758/4650 3071/8760/2042 3070/8761/2041
f 7364/8757/4648 7365/8756/4649 3070/8761/2041 3069/8762/2040
f 2951/8763/1957 7364/8757/4648 3069/8762/2040 432/4809/311
f 2950/8764/1956 7361/8753/4645 7364/8757/4648 2951/8763/1957
f 2949/8759/1955 7358/8750/4642 7361/8753/4645 2950/8764/1956
f 7367/8765/4651 7368/8766/4652 7371/8767/4655 7370/8768/4654
f 7368/8766/4652 7369/8769/4653 7372/8770/4656 7371/8767/4655
f 7370/8768/4654 7371/8767/4655 7374/8771/4658 7373/8772/4657
f 7371/8767/4655 7372/8770/4656 7375/8773/4659 7374/8771/4658
f 292/5105/207 2127/5103/1439 7367/8765/4651 2513/8534/1611
f 2127/5103/1439 2128/5102/1440 7368/8766/4652 7367/8765/4651
f 2128/5102/1440 2129/5101/1441 7369/8769/4653 7368/8766/4652
f 2129/5101/1441 243/5100/177 2108/8774/1420 7369/8769/4653
f 7369/8769/4653 2108/8774/1420 2107/8775/1419 7372/8770/4656
f 7372/8770/4656 2107/8775/1419 2106/8776/1418 7375/8773/4659
f 7375/8773/4659 2106/8776/1418 440/4959/317 3074/4958/2045
f 7374/8771/4658 7375/8773/4659 3074/4958/2045 3073/4957/2044
f 7373/8772/4657 7374/8771/4658 3073/4957/2044 3072/4955/2043
f 2511/8536/1609 7373/8772/4657 3072/4955/2043 449/4954/326
f 2512/8535/1610 7370/8768/4654 7373/8772/4657 2511/8536/1609
f 2513/8534/1611 7367/8765/4651 7370/8768/4654 2512/8535/1610
f 7376/8777/447 7377/8778/448 7380/8779/448 7379/8780/447
f 7377/8778/448 7378/8781/449 7381/8782/449 7380/8779/448
f 7379/8780/447 7380/8779/448 7383/8783/448 7382/8784/447
f 7380/8779/448 7381/8782/449 7384/8785/449 7383/8783/448
f 254/5234/33 2145/5232/447 7376/8777/447 2255/8652/33
f 2145/5232/447 2146/5231/448 7377/8778/448 7376/8777/447
f 2146/5231/448 2147/5230/449 7378/8781/449 7377/8778/448
f 2147/5230/449 237/5229/22 2090/8786/22 7378/8781/449
f 7378/8781/449 2090/8786/22 2089/8787/22 7381/8782/449
f 7381/8782/449 2089/8787/22 2088/8788/22 7384/8785/449
f 7384/8785/449 2088/8788/22 439/8789/316 3077/8790/2048
f 7383/8783/448 7384/8785/449 3077/8790/2048 3076/4932/2047
f 7382/8784/447 7383/8783/448 3076/4932/2047 3075/8791/2046
f 2253/8654/33 7382/8784/447 3075/8791/2046 442/5726/319
f 2254/8653/33 7379/8780/447 7382/8784/447 2253/8654/33
f 2255/8652/33 7376/8777/447 7379/8780/447 2254/8653/33
f 7394/8807/3515 7395/8808/3516 7398/8809/3516 7397/8810/3515
f 7395/8808/3516 7396/8811/3517 7399/8812/3517 7398/8809/3516
f 7397/8810/3515 7398/8809/3516 7401/8813/3516 7400/8814/3515
f 7398/8809/3516 7399/8812/3517 7402/8815/3517 7401/8813/3516
f 457/5382/151 2169/5380/1446 7394/8807/3515 3188/8816/151
f 2169/5380/1446 2170/5379/1447 7395/8808/3516 7394/8807/3515
f 2170/5379/1447 2171/5378/1448 7396/8811/3517 7395/8808/3516
f 2171/5378/1448 224/5039/171 2949/8759/1955 7396/8811/3517
f 7396/8811/3517 2949/8759/1955 2950/8764/1956 7399/8812/3517
f 7399/8812/3517 2950/8764/1956 2951/8763/1957 7402/8815/3517
f 7402/8815/3517 2951/8763/1957 432/4809/311 3083/4808/2054
f 7401/8813/3516 7402/8815/3517 3083/4808/2054 3082/4807/2053
f 7400/8814/3515 7401/8813/3516 3082/4807/2053 3081/4805/2052
f 3186/8817/151 7400/8814/3515 3081/4805/2052 470/4804/339
f 3187/8818/151 7397/8810/3515 7400/8814/3515 3186/8817/151
f 3188/8816/151 7394/8807/3515 7397/8810/3515 3187/8818/151
f 7403/8819/481 7404/8820/482 7407/8821/482 7406/8822/481
f 7404/8820/482 7405/8823/483 7408/8824/483 7407/8821/482
f 7406/8822/481 7407/8821/482 7410/8825/482 7409/8826/481
f 7407/8821/482 7408/8824/483 7411/8827/483 7410/8825/482
f 220/5558/13 2196/5556/481 7403/8819/481 2042/8828/13
f 2196/5556/481 2197/5555/482 7404/8820/482 7403/8819/481
f 2197/5555/482 2198/5554/483 7405/8823/483 7404/8820/482
f 2198/5554/483 231/5553/20 2072/8637/20 7405/8823/483
f 7405/8823/483 2072/8637/20 2071/8642/20 7408/8824/483
f 7408/8824/483 2071/8642/20 2070/8641/20 7411/8827/483
f 7411/8827/483 2070/8641/20 438/4784/20 3086/4783/483
f 7410/8825/482 7411/8827/483 3086/4783/483 3085/4782/482
f 7409/8826/481 7410/8825/482 3085/4782/482 3084/4780/481
f 2040/8829/13 7409/8826/481 3084/4780/481 436/4779/314
f 2041/5929/13 7406/8822/481 7409/8826/481 2040/8829/13
f 2042/8828/13 7403/8819/481 7406/8822/481 2041/5929/13
f 7412/8830/505 7413/8831/505 7416/8832/505 7415/8833/505
f 7413/8831/505 7414/8834/505 7417/8835/505 7416/8832/505
f 7415/8833/505 7416/8832/505 7419/8836/505 7418/8837/505
f 7416/8832/505 7417/8835/505 7420/8838/505 7419/8836/505
f 267/5948/44 3150/8839/505 7412/8830/505 2354/8584/44
f 3150/8839/505 3151/8840/1310 7413/8831/505 7412/8830/505
f 3151/8840/1310 3152/8841/1310 7414/8834/505 7413/8831/505
f 3152/8841/1310 457/5382/151 3188/8816/151 7414/8834/505
f 7414/8834/505 3188/8816/151 3187/8818/151 7417/8835/505
f 7417/8835/505 3187/8818/151 3186/8817/151 7420/8838/505
f 7420/8838/505 3186/8817/151 470/4804/339 3185/8842/2074
f 7419/8836/505 7420/8838/505 3185/8842/2074 3184/8843/2074
f 7418/8837/505 7419/8836/505 3184/8843/2074 3183/8844/2074
f 2352/8586/44 7418/8837/505 3183/8844/2074 446/6033/323
f 2353/8585/44 7415/8833/505 7418/8837/505 2352/8586/44
f 2354/8584/44 7412/8830/505 7415/8833/505 2353/8585/44
f 7421/8845/4660 7422/8846/4660 7425/8847/4661 7424/8848/4661
f 7422/8846/4660 7423/8849/4660 7426/8850/4661 7425/8847/4661
f 7424/8848/4661 7425/8847/4661 7428/8851/4662 7427/8852/4662
f 7425/8847/4661 7426/8850/4661 7429/8853/4662 7428/8851/4662
f 263/8602/185 2309/8854/1493 7421/8845/4660 2342/8603/1503
f 2309/8854/1493 2308/8855/1493 7422/8846/4660 7421/8845/4660
f 2308/8855/1493 2307/8856/1493 7423/8849/4660 7422/8846/4660
f 2307/8856/1493 462/8704/333 3191/8706/2077 7423/8849/4660
f 7423/8849/4660 3191/8706/2077 3190/8714/2076 7426/8850/4661
f 7426/8850/4661 3190/8714/2076 3189/8713/2075 7429/8853/4662
f 7429/8853/4662 3189/8713/2075 469/5393/338 3182/8857/2073
f 7428/8851/4662 7429/8853/4662 3182/8857/2073 3181/8858/2073
f 7427/8852/4662 7428/8851/4662 3181/8858/2073 3180/8859/2073
f 2340/8605/1501 7427/8852/4662 3180/8859/2073 445/5924/322
f 2341/8604/1502 7424/8848/4661 7427/8852/4662 2340/8605/1501
f 2342/8603/1503 7421/8845/4660 7424/8848/4661 2341/8604/1502
f 7430/8860/1311 7431/8861/1311 7434/8862/1311 7433/8863/1311
f 7431/8861/1311 7432/8864/1311 7435/8865/1311 7434/8862/1311
f 7433/8863/1311 7434/8862/1311 7437/8866/1311 7436/8867/1311
f 7434/8862/1311 7435/8865/1311 7438/8868/1311 7437/8866/1311
f 270/5884/45 3159/8869/1311 7430/8860/1311 2333/8303/45
f 3159/8869/1311 3160/8870/1311 7431/8861/1311 7430/8860/1311
f 3160/8870/1311 3161/8871/1311 7432/8864/1311 7431/8861/1311
f 3161/8871/1311 460/5447/152 3194/8395/152 7432/8864/1311
f 7432/8864/1311 3194/8395/152 3193/8400/152 7435/8865/1311
f 7435/8865/1311 3193/8400/152 3192/8398/152 7438/8868/1311
f 7438/8868/1311 3192/8398/152 468/8399/152 1925/8872/1311
f 7437/8866/1311 7438/8868/1311 1925/8872/1311 1924/8873/1311
f 7436/8867/1311 7437/8866/1311 1924/8873/1311 1923/8874/1311
f 2331/8305/45 7436/8867/1311 1923/8874/1311 382/8306/45
f 2332/8304/45 7433/8863/1311 7436/8867/1311 2331/8305/45
f 2333/8303/45 7430/8860/1311 7433/8863/1311 2332/8304/45
f 7439/8875/4663 7440/8876/4664 7443/8877/4667 7442/8878/4666
f 7440/8876/4664 7441/8879/4665 7444/8880/4668 7443/8877/4667
f 7442/8878/4666 7443/8877/4667 7446/8881/4670 7445/8882/4669
f 7443/8877/4667 7444/8880/4668 7447/8883/4671 7446/8881/4670
f 246/5577/180 3162/8884/2065 7439/8875/4663 2204/8885/1464
f 3162/8884/2065 3163/8886/2066 7440/8876/4664 7439/8875/4663
f 3163/8886/2066 3164/8887/2067 7441/8879/4665 7440/8876/4664
f 3164/8887/2067 461/8888/332 3197/8889/2080 7441/8879/4665
f 7441/8879/4665 3197/8889/2080 3196/8890/2079 7444/8880/4668
f 7444/8880/4668 3196/8890/2079 3195/8891/2078 7447/8883/4671
f 7447/8883/4671 3195/8891/2078 467/8892/337 1922/8893/1321
f 7446/8881/4670 7447/8883/4671 1922/8893/1321 1921/8894/1145
f 7445/8882/4669 7446/8881/4670 1921/8894/1145 1920/8895/1144
f 2202/7392/1462 7445/8882/4669 1920/8895/1144 377/8896/266
f 2203/8897/1463 7442/8878/4666 7445/8882/4669 2202/7392/1462
f 2204/8885/1464 7439/8875/4663 7442/8878/4666 2203/8897/1463
f 7448/8898/737 7449/8899/737 7452/8900/737 7451/8901/737
f 7449/8899/737 7450/8902/737 7453/8903/737 7452/8900/737
f 7451/8901/737 7452/8900/737 7455/8904/737 7454/8905/737
f 7452/8900/737 7453/8903/737 7456/8906/737 7455/8904/737
f 284/6061/199 3168/8907/2071 7448/8898/737 2393/7220/229
f 3168/8907/2071 3169/8908/2071 7449/8899/737 7448/8898/737
f 3169/8908/2071 3170/8909/2071 7450/8902/737 7449/8899/737
f 3170/8909/2071 463/6352/334 3200/7378/336 7450/8902/737
f 7450/8902/737 3200/7378/336 3199/7380/336 7453/8903/737
f 7453/8903/737 3199/7380/336 3198/7379/336 7456/8906/737
f 7456/8906/737 3198/7379/336 466/7067/336 3179/8910/737
f 7455/8904/737 7456/8906/737 3179/8910/737 3178/8911/737
f 7454/8905/737 7455/8904/737 3178/8911/737 3177/8912/737
f 2391/7222/229 7454/8905/737 3177/8912/737 333/7204/229
f 2392/7221/229 7451/8901/737 7454/8905/737 2391/7222/229
f 2393/7220/229 7448/8898/737 7451/8901/737 2392/7221/229
f 7457/8913/737 7458/8914/737 7461/8915/737 7460/8916/737
f 7458/8914/737 7459/8917/737 7462/8918/737 7461/8915/737
f 7460/8916/737 7461/8915/737 7464/8919/737 7463/8920/737
f 7461/8915/737 7462/8918/737 7465/8921/737 7464/8919/737
f 333/7204/229 3177/8912/737 7457/8913/737 3098/7205/229
f 3177/8912/737 3178/8911/737 7458/8914/737 7457/8913/737
f 3178/8911/737 3179/8910/737 7459/8917/737 7458/8914/737
f 3179/8910/737 466/7067/336 3203/7069/336 7459/8917/737
f 7459/8917/737 3203/7069/336 3202/7077/336 7462/8918/737
f 7462/8918/737 3202/7077/336 3201/7076/336 7465/8921/737
f 7465/8921/737 3201/7076/336 465/6645/336 3176/8922/737
f 7464/8919/737 7465/8921/737 3176/8922/737 3175/8923/737
f 7463/8920/737 7464/8919/737 3175/8923/737 3174/8924/737
f 3096/7207/229 7463/8920/737 3174/8924/737 327/6461/229
f 3097/7206/229 7460/8916/737 7463/8920/737 3096/7207/229
f 3098/7205/229 7457/8913/737 7460/8916/737 3097/7206/229
f 7466/8925/737 7467/8926/737 7470/8927/737 7469/8928/737
f 7467/8926/737 7468/8929/737 7471/8930/737 7470/8927/737
f 7469/8928/737 7470/8927/737 7473/8931/737 7472/8932/737
f 7470/8927/737 7471/8930/737 7474/8933/737 7473/8931/737
f 327/6461/229 3174/8924/737 7466/8925/737 2609/6462/229
f 3174/8924/737 3175/8923/737 7467/8926/737 7466/8925/737
f 3175/8923/737 3176/8922/737 7468/8929/737 7467/8926/737
f 3176/8922/737 465/6645/336 3206/6647/336 7468/8929/737
f 7468/8929/737 3206/6647/336 3205/6651/336 7471/8930/737
f 7471/8930/737 3205/6651/336 3204/6650/336 7474/8933/737
f 7474/8933/737 3204/6650/336 464/4829/335 3173/8934/2072
f 7473/8931/737 7474/8933/737 3173/8934/2072 3172/8935/2072
f 7472/8932/737 7473/8931/737 3172/8935/2072 3171/8936/2072
f 2607/6464/229 7472/8932/737 3171/8936/2072 298/6008/210
f 2608/6463/229 7469/8928/737 7472/8932/737 2607/6464/229
f 2609/6462/229 7466/8925/737 7469/8928/737 2608/6463/229
f 7475/8937/4672 7476/8938/4673 7479/8939/4674 7478/8940/4674
f 7476/8938/4673 7477/8941/4673 7480/8942/4674 7479/8939/4674
f 7478/8940/4674 7479/8939/4674 7482/8943/4675 7481/8944/4675
f 7479/8939/4674 7480/8942/4674 7483/8945/4675 7482/8943/4675
f 264/6057/186 3144/8946/2060 7475/8937/4672 2351/6058/1512
f 3144/8946/2060 3145/8947/2060 7476/8938/4673 7475/8937/4672
f 3145/8947/2060 3146/8948/2061 7477/8941/4673 7476/8938/4673
f 3146/8948/2061 455/6338/330 3209/6340/2083 7477/8941/4673
f 7477/8941/4673 3209/6340/2083 3208/6353/2082 7480/8942/4674
f 7480/8942/4674 3208/6353/2082 3207/6351/2081 7483/8945/4675
f 7483/8945/4675 3207/6351/2081 463/6352/334 3170/8909/2071
f 7482/8943/4675 7483/8945/4675 3170/8909/2071 3169/8908/2071
f 7481/8944/4675 7482/8943/4675 3169/8908/2071 3168/8907/2071
f 2349/6060/1510 7481/8944/4675 3168/8907/2071 284/6061/199
f 2350/6059/1511 7478/8940/4674 7481/8944/4675 2349/6060/1510
f 2351/6058/1512 7475/8937/4672 7478/8940/4674 2350/6059/1511
f 7484/8949/4676 7485/8950/4677 7488/8951/4680 7487/8952/4679
f 7485/8950/4677 7486/8953/4678 7489/8954/4681 7488/8951/4680
f 7487/8952/4679 7488/8951/4680 7491/8955/4683 7490/8956/4682
f 7488/8951/4680 7489/8954/4681 7492/8957/4684 7491/8955/4683
f 223/5573/170 2168/8958/1445 7484/8949/4676 2201/5574/1461
f 2168/8958/1445 2167/8959/1444 7485/8950/4677 7484/8949/4676
f 2167/8959/1444 2166/8960/1443 7486/8953/4678 7485/8950/4677
f 2166/8960/1443 456/8961/331 3212/8962/2086 7486/8953/4678
f 7486/8953/4678 3212/8962/2086 3211/8963/2085 7489/8954/4681
f 7489/8954/4681 3211/8963/2085 3210/8964/2084 7492/8957/4684
f 7492/8957/4684 3210/8964/2084 461/8888/332 3164/8887/2067
f 7491/8955/4683 7492/8957/4684 3164/8887/2067 3163/8886/2066
f 7490/8956/4682 7491/8955/4683 3163/8886/2066 3162/8884/2065
f 2199/5576/1459 7490/8956/4682 3162/8884/2065 246/5577/180
f 2200/5575/1460 7487/8952/4679 7490/8956/4682 2199/5576/1459
f 2201/5574/1461 7484/8949/4676 7487/8952/4679 2200/5575/1460
f 7493/8965/1311 7494/8966/1311 7497/8967/1311 7496/8968/1311
f 7494/8966/1311 7495/8969/1311 7498/8970/1311 7497/8967/1311
f 7496/8968/1311 7497/8967/1311 7500/8971/1311 7499/8972/1311
f 7497/8967/1311 7498/8970/1311 7501/8973/1311 7500/8971/1311
f 269/5880/45 3156/8974/1311 7493/8965/1311 2336/5881/45
f 3156/8974/1311 3157/8975/1311 7494/8966/1311 7493/8965/1311
f 3157/8975/1311 3158/8976/1311 7495/8969/1311 7494/8966/1311
f 3158/8976/1311 459/5427/152 3215/5438/152 7495/8969/1311
f 7495/8969/1311 3215/5438/152 3214/5448/2087 7498/8970/1311
f 7498/8970/1311 3214/5448/2087 3213/5446/2087 7501/8973/1311
f 7501/8973/1311 3213/5446/2087 460/5447/152 3161/8871/1311
f 7500/8971/1311 7501/8973/1311 3161/8871/1311 3160/8870/1311
f 7499/8972/1311 7500/8971/1311 3160/8870/1311 3159/8869/1311
f 2334/5883/45 7499/8972/1311 3159/8869/1311 270/5884/45
f 2335/5882/45 7496/8968/1311 7499/8972/1311 2334/5883/45
f 2336/5881/45 7493/8965/1311 7496/8968/1311 2335/5882/45
f 7502/8977/1311 7503/8978/1311 7506/8979/1311 7505/8980/1311
f 7503/8978/1311 7504/8981/1311 7507/8982/1311 7506/8979/1311
f 7505/8980/1311 7506/8979/1311 7509/8983/1311 7508/8984/1311
f 7506/8979/1311 7507/8982/1311 7510/8985/1311 7509/8983/1311
f 268/5905/45 3153/8986/1311 7502/8977/1311 2339/5906/45
f 3153/8986/1311 3154/8987/1311 7503/8978/1311 7502/8977/1311
f 3154/8987/1311 3155/8988/1311 7504/8981/1311 7503/8978/1311
f 3155/8988/1311 458/5407/152 3218/5418/152 7504/8981/1311
f 7504/8981/1311 3218/5418/152 3217/5428/152 7507/8982/1311
f 7507/8982/1311 3217/5428/152 3216/5426/152 7510/8985/1311
f 7510/8985/1311 3216/5426/152 459/5427/152 3158/8976/1311
f 7509/8983/1311 7510/8985/1311 3158/8976/1311 3157/8975/1311
f 7508/8984/1311 7509/8983/1311 3157/8975/1311 3156/8974/1311
f 2337/5908/45 7508/8984/1311 3156/8974/1311 269/5880/45
f 2338/5907/45 7505/8980/1311 7508/8984/1311 2337/5908/45
f 2339/5906/45 7502/8977/1311 7505/8980/1311 2338/5907/45
f 7511/8989/1311 7512/8990/1311 7515/8991/1311 7514/8992/1311
f 7512/8990/1311 7513/8993/1311 7516/8994/1311 7515/8991/1311
f 7514/8992/1311 7515/8991/1311 7518/8995/1311 7517/8996/1311
f 7515/8991/1311 7516/8994/1311 7519/8997/1311 7518/8995/1311
f 445/5924/322 3180/8859/2073 7511/8989/1311 2990/5925/45
f 3180/8859/2073 3181/8858/2073 7512/8990/1311 7511/8989/1311
f 3181/8858/2073 3182/8857/2073 7513/8993/1311 7512/8990/1311
f 3182/8857/2073 469/5393/338 3221/5395/152 7513/8993/1311
f 7513/8993/1311 3221/5395/152 3220/5408/152 7516/8994/1311
f 7516/8994/1311 3220/5408/152 3219/5406/152 7519/8997/1311
f 7519/8997/1311 3219/5406/152 458/5407/152 3155/8988/1311
f 7518/8995/1311 7519/8997/1311 3155/8988/1311 3154/8987/1311
f 7517/8996/1311 7518/8995/1311 3154/8987/1311 3153/8986/1311
f 2988/5927/45 7517/8996/1311 3153/8986/1311 268/5905/45
f 2989/5926/45 7514/8992/1311 7517/8996/1311 2988/5927/45
f 2990/5925/45 7511/8989/1311 7514/8992/1311 2989/5926/45
f 7520/8998/4685 7521/8999/4686 7524/9000/4689 7523/9001/4688
f 7521/8999/4686 7522/9002/4687 7525/9003/4690 7524/9000/4689
f 7523/9001/4688 7524/9000/4689 7527/9004/4692 7526/9005/4691
f 7524/9000/4689 7525/9003/4690 7528/9006/4693 7527/9004/4692
f 266/5944/188 3147/5597/2062 7520/8998/4685 2345/5945/1506
f 3147/5597/2062 3148/9007/2063 7521/8999/4686 7520/8998/4685
f 3148/9007/2063 3149/9008/2064 7522/9002/4687 7521/8999/4686
f 3149/9008/2064 456/5373/331 3224/5375/2089 7522/9002/4687
f 7522/9002/4687 3224/5375/2089 3223/5383/1507 7525/9003/4690
f 7525/9003/4690 3223/5383/1507 3222/5381/2088 7528/9006/4693
f 7528/9006/4693 3222/5381/2088 457/5382/151 3152/8841/1310
f 7527/9004/4692 7528/9006/4693 3152/8841/1310 3151/8840/1310
f 7526/9005/4691 7527/9004/4692 3151/8840/1310 3150/8839/505
f 2343/5947/1504 7526/9005/4691 3150/8839/505 267/5948/44
f 2344/5946/1505 7523/9001/4688 7526/9005/4691 2343/5947/1504
f 2345/5945/1506 7520/8998/4685 7523/9001/4688 2344/5946/1505
f 7529/9009/4694 7530/9010/4694 7533/9011/4695 7532/9012/4695
f 7530/9010/4694 7531/9013/4694 7534/9014/4695 7533/9011/4695
f 7532/9012/4695 7533/9011/4695 7536/9015/4696 7535/9016/4696
f 7533/9011/4695 7534/9014/4695 7537/9017/4696 7536/9015/4696
f 298/6008/210 3171/8936/2072 7529/9009/4694 2477/6009/1588
f 3171/8936/2072 3172/8935/2072 7530/9010/4694 7529/9009/4694
f 3172/8935/2072 3173/8934/2072 7531/9013/4694 7530/9010/4694
f 3173/8934/2072 464/4829/335 3227/4831/2092 7531/9013/4694
f 7531/9013/4694 3227/4831/2092 3226/4844/2091 7534/9014/4695
f 7534/9014/4695 3226/4844/2091 3225/4842/2090 7537/9017/4696
f 7537/9017/4696 3225/4842/2090 462/4843/333 2307/9018/1493
f 7536/9015/4696 7537/9017/4696 2307/9018/1493 2308/9019/1493
f 7535/9016/4696 7536/9015/4696 2308/9019/1493 2309/9020/1493
f 2475/6011/1586 7535/9016/4696 2309/9020/1493 263/6012/185
f 2476/6010/1587 7532/9012/4695 7535/9016/4696 2475/6011/1586
f 2477/6009/1588 7529/9009/4694 7532/9012/4695 2476/6010/1587
f 7538/9021/4697 7539/9022/4697 7542/9023/4698 7541/9024/4698
f 7539/9022/4697 7540/9025/4697 7543/9026/4698 7542/9023/4698
f 7541/9024/4698 7542/9023/4698 7545/9027/4699 7544/9028/4699
f 7542/9023/4698 7543/9026/4698 7546/9029/4699 7545/9027/4699
f 446/6033/323 3183/8844/2074 7538/9021/4697 2993/6034/1984
f 3183/8844/2074 3184/8843/2074 7539/9022/4697 7538/9021/4697
f 3184/8843/2074 3185/8842/2074 7540/9025/4697 7539/9022/4697
f 3185/8842/2074 470/4804/339 3230/4806/2095 7540/9025/4697
f 7540/9025/4697 3230/4806/2095 3229/4819/2094 7543/9026/4698
f 7543/9026/4698 3229/4819/2094 3228/4817/2093 7546/9029/4699
f 7546/9029/4699 3228/4817/2093 455/4818/330 3146/9030/2061
f 7545/9027/4699 7546/9029/4699 3146/9030/2061 3145/9031/2060
f 7544/9028/4699 7545/9027/4699 3145/9031/2060 3144/9032/2060
f 2991/6036/1982 7544/9028/4699 3144/9032/2060 264/6037/186
f 2992/6035/1983 7541/9024/4698 7544/9028/4699 2991/6036/1982
f 2993/6034/1984 7538/9021/4697 7541/9024/4698 2992/6035/1983
